typing_wpm,avg_hold_ms,avg_flight_ms,error_rate,pause_count,avg_pause_ms,typing_variance,chars_per_min,avg_cursor_speed,click_rate,double_click_rate,scroll_rate,idle_time_pct,avg_hover_ms,movement_distance,movement_smoothness,label
59,84,91,0.0206,2,726,0.1097,259,452,12,0.5945,5.7317,0.0734,348,2348,0.782,low
46,124,98,0.0628,2,772,0.0887,236,349,19,1.9133,10.8429,0.162,483,2059,0.7758,medium
39,120,114,0.0736,4,1528,0.229,226,336,12,1.4746,6.0053,0.1629,412,2169,0.5495,medium
75,86,85,0.024,1,1137,0.0646,326,379,8,0.8383,5.0808,0.0591,286,3005,0.791,low
41,96,81,0.0472,4,1683,0.2193,242,233,13,1.7718,9.8287,0.1765,514,2773,0.7249,medium
45,96,98,0.0678,4,1058,0.1685,224,260,15,2.0192,10.043,0.1455,407,1762,0.6622,medium
73,107,104,0.0132,1,773,0.0807,261,506,9,1.0392,4.3737,0.0929,229,3512,0.8793,low
46,119,90,0.0464,1,1305,0.1517,179,309,9,2.3613,8.7388,0.1764,442,2137,0.6124,medium
47,109,108,0.0515,3,803,0.1663,248,265,19,1.315,9.0798,0.2134,483,1191,0.6466,medium
50,98,106,0.0157,1,714,0.1144,348,466,9,1.1297,6.3237,0.0444,326,2901,0.7854,low
33,113,95,0.0549,4,882,0.1589,216,378,9,1.5915,9.1573,0.1728,422,2094,0.6433,medium
61,71,88,0.0255,1,727,0.0772,316,383,7,0.6553,5.283,0.0412,283,2956,0.8796,low
36,135,148,0.1098,7,1584,0.318,159,192,20,2.6889,17.8252,0.3786,356,969,0.5821,high
26,142,170,0.1447,8,1941,0.3106,133,137,18,2.4853,15.6579,0.3402,704,1198,0.2824,high
50,128,93,0.0448,4,949,0.1658,214,228,11,2.3989,4.2411,0.1874,465,1968,0.6362,medium
63,129,81,0.0059,1,830,0.0621,298,505,7,1.3582,5.2746,0.0738,265,2635,0.8963,low
46,106,74,0.0537,3,1263,0.2266,224,375,15,1.493,8.7938,0.0742,508,2366,0.7213,medium
39,158,133,0.1153,8,1298,0.3366,71,94,24,4.7783,20.5865,0.3117,482,939,0.3758,high
43,122,96,0.0038,1,1013,0.0815,278,461,9,0.9401,5.5282,0.0559,267,3680,0.86,low
74,109,79,0.0207,1,888,0.0984,294,417,8,0.7357,6.8859,0.0652,276,3662,0.8935,low
54,128,104,0.0507,5,1011,0.1283,194,272,19,1.4527,11.9645,0.231,323,2678,0.6659,medium
46,121,135,0.0627,4,962,0.161,179,220,14,2.4386,8.6328,0.174,425,2302,0.6598,medium
24,158,207,0.0409,10,2383,0.2388,94,192,16,3.3902,9.8768,0.2401,819,1161,0.3849,high
40,125,102,0.066,4,1766,0.1792,147,383,12,1.2895,6.442,0.1873,513,1610,0.6441,medium
43,115,101,0.0229,6,1148,0.1757,225,264,10,1.7608,7.0705,0.1374,367,2107,0.7218,medium
67,95,87,0.0197,1,875,0.095,296,435,6,1.1543,6.0736,0.0309,228,3464,0.9207,low
44,123,78,0.0616,4,1572,0.2076,218,313,13,2.3057,9.5371,0.1783,548,2668,0.75,medium
58,108,87,0.029,0,609,0.102,362,401,10,1.101,6.6243,0.0677,162,3017,0.8707,low
58,98,94,0.0128,1,981,0.1177,354,448,7,1.6191,3.9807,0.0907,303,3522,0.7587,low
29,166,154,0.0929,7,1543,0.2739,140,204,22,1.6568,10.0296,0.4125,660,1227,0.4617,high
52,138,77,0.0383,4,913,0.1626,187,340,7,1.3498,8.6981,0.2762,386,1685,0.6873,medium
59,102,90,0.0212,1,975,0.0418,306,504,9,0.6216,2.1249,0.0899,314,3612,0.8357,low
30,133,107,0.0463,3,1077,0.2213,179,243,8,1.888,7.2454,0.1448,489,2491,0.6448,medium
55,70,91,0.0206,1,832,0.0758,291,379,10,1.3142,3.8569,0.0721,279,2997,0.7978,low
64,68,107,0.0,2,200,0.0485,270,450,7,0.0,5.6722,0.0896,335,2981,0.8227,low
40,139,93,0.0537,3,1151,0.2086,184,307,9,2.7297,5.9129,0.1852,434,2548,0.7238,medium
49,109,97,0.0528,3,1272,0.2641,184,333,16,2.5757,7.8584,0.2156,512,2255,0.6322,medium
65,86,67,0.0124,0,448,0.0582,323,442,10,0.5995,4.4007,0.0712,398,3068,0.8435,low
43,124,116,0.0623,2,1317,0.1339,218,268,17,2.0253,6.2708,0.1424,506,1924,0.7152,medium
28,134,112,0.0868,2,1346,0.2102,211,274,16,0.9498,12.3005,0.1986,512,2123,0.6851,medium
67,86,73,0.0192,0,1035,0.0753,298,437,8,0.754,4.4869,0.0795,279,3326,0.8335,low
49,113,110,0.0291,5,1299,0.1982,253,220,11,2.1112,9.9968,0.1711,444,2411,0.6117,medium
37,114,87,0.0536,4,1557,0.22,216,327,9,1.8962,10.343,0.1667,346,2096,0.785,medium
25,124,131,0.1095,7,1253,0.2593,97,170,17,2.5515,17.5726,0.3192,571,705,0.5208,high
55,93,95,0.0122,0,619,0.0767,324,390,3,0.435,4.0848,0.0568,268,2558,0.7553,low
57,91,92,0.0185,1,807,0.0944,291,490,10,0.8704,4.0694,0.0632,275,3504,0.7779,low
31,143,109,0.0449,4,1765,0.2283,202,255,11,1.6436,8.6396,0.1883,504,2418,0.6535,medium
71,72,72,0.0202,1,761,0.0912,371,424,8,1.2605,4.7836,0.0774,294,3317,0.7953,low
16,137,123,0.1122,6,2315,0.3688,141,212,20,2.146,13.8542,0.2655,406,1617,0.3253,high
59,106,108,0.059,4,1423,0.1656,227,338,7,1.6036,8.7421,0.2072,327,2407,0.5944,medium
20,168,129,0.1201,4,1882,0.3318,175,187,12,3.7051,13.9902,0.3818,556,1329,0.4805,high
65,113,84,0.0196,2,792,0.0745,276,413,9,1.5912,6.3202,0.0956,237,3786,0.6932,low
62,85,93,0.0092,1,887,0.0892,282,393,11,0.6851,4.6389,0.0918,299,2480,0.8126,low
26,139,149,0.1087,8,2294,0.2712,151,136,18,1.9316,15.016,0.3309,605,567,0.3301,high
17,155,122,0.1457,8,1123,0.3051,132,153,9,4.6908,14.0469,0.3115,484,920,0.5097,high
45,102,128,0.0597,4,1098,0.1921,190,283,17,2.3377,7.4689,0.1904,463,2317,0.6656,medium
46,106,106,0.0643,3,1513,0.2188,183,185,11,1.6754,8.8298,0.1767,357,2229,0.7685,medium
32,149,152,0.1285,6,1632,0.3441,173,69,16,4.0114,15.3785,0.3143,550,1210,0.35,high
23,191,178,0.1104,6,2810,0.3058,111,206,24,3.821,14.3212,0.3316,587,1237,0.4407,high
23,174,170,0.1096,8,976,0.1978,127,191,17,3.6277,11.2083,0.4068,600,1619,0.3681,high
43,117,130,0.0614,5,940,0.17,232,187,10,1.8644,11.8263,0.1195,357,2396,0.5843,medium
40,157,139,0.1051,8,1734,0.2404,141,157,14,3.5977,19.0417,0.3644,556,1252,0.4144,high
26,115,129,0.165,4,1592,0.3411,87,158,17,3.8683,13.9085,0.4583,649,1328,0.4467,high
22,184,140,0.111,9,2118,0.377,136,179,27,3.8605,7.7994,0.3161,599,997,0.5208,high
55,80,94,0.027,1,919,0.07,339,469,7,0.8917,3.9022,0.0584,372,3913,0.8262,low
69,91,94,0.0085,2,917,0.0796,384,349,7,0.8778,3.649,0.0725,299,3291,0.8155,low
67,94,86,0.0257,2,642,0.0761,313,371,12,0.1759,3.2693,0.0341,263,2917,0.9019,low
47,146,88,0.0849,3,1410,0.1721,198,313,14,1.6503,10.3988,0.2068,506,1655,0.6031,medium
70,91,86,0.0064,1,1161,0.073,290,493,9,0.7855,6.9152,0.0615,330,2256,0.7739,low
71,75,80,0.0188,2,1071,0.0809,296,346,9,1.1236,4.1338,0.0169,304,3341,0.7115,low
40,118,109,0.0555,3,1705,0.2411,206,260,15,1.8164,9.5114,0.2016,314,2163,0.6142,medium
17,149,186,0.1366,8,2045,0.268,147,67,16,2.5925,12.0134,0.3318,790,1296,0.3367,high
15,144,152,0.053,5,1493,0.3204,130,156,20,2.6775,14.2559,0.4206,513,957,0.3526,high
31,127,140,0.0488,6,1602,0.3338,142,130,15,2.6884,16.1219,0.4085,611,1157,0.583,high
58,99,92,0.015,1,792,0.0753,310,421,11,0.99,3.1841,0.0664,260,3852,0.842,low
18,150,145,0.1061,6,1984,0.2654,170,258,13,2.2116,13.7359,0.2202,653,615,0.3216,high
65,108,75,0.0199,1,537,0.036,328,428,9,1.0548,7.2174,0.0594,212,3274,0.8302,low
76,106,86,0.0201,0,818,0.0949,303,385,5,1.3458,3.7706,0.0735,176,2559,0.8585,low
25,160,117,0.1296,10,2564,0.3177,134,151,18,3.1851,11.6528,0.268,729,775,0.525,high
68,87,75,0.0201,1,731,0.074,290,485,8,1.0083,4.1817,0.063,267,3027,0.9317,low
22,163,131,0.1227,4,1393,0.4001,120,152,24,4.7069,15.332,0.3092,738,1038,0.3533,high
37,119,114,0.0656,3,1266,0.2072,233,228,9,1.464,11.6835,0.1872,464,2137,0.5023,medium
49,93,66,0.0262,1,663,0.0696,347,396,10,1.0031,3.3871,0.081,237,3219,0.7744,low
25,149,120,0.0386,4,1800,0.3063,116,130,22,2.3627,12.6628,0.412,644,910,0.402,high
39,105,65,0.0445,4,1346,0.2075,239,348,10,1.4318,6.9394,0.1364,441,1987,0.6127,medium
57,103,99,0.0118,1,876,0.0531,235,465,6,1.0513,6.4367,0.0763,240,3394,0.7413,low
63,92,61,0.0181,2,961,0.0793,318,437,6,1.0791,5.8308,0.0274,280,3623,0.9187,low
52,105,134,0.0685,4,1419,0.2395,220,276,9,1.2116,14.4587,0.2328,528,1890,0.6574,medium
33,137,128,0.1226,7,2434,0.1686,93,149,15,4.3381,13.9586,0.3571,621,1132,0.2423,high
56,127,117,0.0513,3,1152,0.2103,178,285,12,2.2949,9.0453,0.1757,421,2589,0.6587,medium
46,124,111,0.0652,2,1593,0.2337,208,306,11,2.9262,7.5257,0.2308,351,2259,0.6372,medium
23,189,161,0.1251,9,1976,0.2671,179,183,22,2.792,12.0655,0.323,552,937,0.3787,high
64,101,58,0.0,1,950,0.0762,274,277,7,0.8328,5.9822,0.0737,232,3660,0.7806,low
35,149,83,0.0614,5,855,0.2264,210,237,12,2.199,7.9824,0.195,480,2458,0.6509,medium
44,100,113,0.0672,3,1480,0.185,256,310,13,2.2066,6.8373,0.194,535,1732,0.7351,medium
51,137,102,0.0543,4,1251,0.1905,213,333,10,1.7506,9.8512,0.0811,401,2626,0.5783,medium
61,102,133,0.047,4,1227,0.1516,223,228,14,2.7446,7.713,0.0798,442,2371,0.7079,medium
70,88,86,0.0239,1,704,0.0487,360,447,9,0.5897,4.5415,0.0391,435,2916,0.8462,low
52,140,94,0.0644,3,1288,0.282,231,303,13,0.7407,11.0527,0.1413,304,1809,0.5798,medium
22,123,170,0.1183,7,2356,0.338,145,184,16,2.5263,11.7042,0.4015,666,1339,0.4614,high
57,135,95,0.0385,4,942,0.1693,243,274,11,2.177,9.4634,0.1716,360,1916,0.646,medium
59,81,58,0.0256,0,908,0.0974,318,541,12,0.848,4.8246,0.0628,261,2814,0.839,low
42,106,104,0.0596,4,1405,0.1814,215,241,12,3.0687,9.9868,0.1656,439,1243,0.7051,medium
63,110,77,0.0196,2,1004,0.0722,308,302,10,0.4299,3.715,0.0659,290,3118,0.8118,low
65,89,78,0.0235,1,517,0.0639,312,385,7,0.4791,5.1498,0.0416,206,3363,0.8213,low
73,96,86,0.0086,0,908,0.1214,291,478,10,1.1065,6.5827,0.0659,289,2991,0.6937,low
47,124,106,0.067,4,1307,0.1671,182,295,8,2.2313,10.3492,0.214,345,2354,0.6362,medium
33,126,157,0.1415,7,1856,0.253,162,99,21,3.3014,13.3212,0.3622,696,1373,0.4866,high
71,107,90,0.0342,0,472,0.197,280,297,10,2.014,3.3388,0.0496,284,2657,0.7555,low
25,147,165,0.1257,10,1911,0.2913,99,183,15,1.0812,11.2325,0.4441,525,933,0.3264,high
48,136,95,0.0592,4,1719,0.224,199,363,12,1.4481,8.1122,0.169,344,1637,0.7197,medium
74,102,96,0.0108,1,958,0.0867,287,257,4,1.4279,3.3111,0.1003,345,3169,0.8797,low
36,119,105,0.0299,2,1583,0.2029,186,329,12,0.9535,9.5507,0.2289,336,2052,0.6784,medium
24,152,177,0.1214,7,1152,0.2236,89,87,10,1.915,6.7469,0.3173,654,1402,0.4348,high
37,117,126,0.0537,5,1722,0.1906,249,330,12,1.8107,8.0156,0.1834,470,2438,0.6498,medium
43,125,91,0.055,3,1141,0.1905,234,242,8,1.8395,11.1033,0.1907,417,1999,0.6167,medium
31,154,146,0.1271,8,1611,0.2987,118,153,21,2.2216,10.6849,0.2353,862,1183,0.5368,high
40,119,115,0.0497,5,1411,0.213,237,373,14,2.4424,9.7942,0.1684,522,1624,0.6826,medium
39,101,111,0.042,3,1358,0.1866,214,247,11,1.6218,9.21,0.2026,448,2253,0.5848,medium
31,166,145,0.1385,7,1655,0.2162,123,162,11,2.7167,8.3092,0.3244,548,528,0.4839,high
26,136,173,0.1244,6,1574,0.1639,98,167,14,3.1927,15.5223,0.3071,730,1769,0.4877,high
39,184,166,0.0846,7,2026,0.2712,104,204,15,3.2883,16.6784,0.4132,577,1280,0.3582,high
27,185,130,0.0741,7,1860,0.2678,149,180,18,2.662,18.3477,0.2528,552,1599,0.3542,high
28,170,193,0.1145,7,1943,0.395,134,184,18,3.1475,13.3274,0.3311,349,1330,0.2812,high
41,116,120,0.056,3,1524,0.1419,241,416,18,1.7296,10.1084,0.1924,428,2236,0.5442,medium
60,98,94,0.011,1,700,0.1089,304,400,9,0.8285,5.9746,0.0871,228,2616,0.8071,low
43,133,97,0.0529,3,1397,0.1562,265,310,11,1.7402,10.4962,0.1694,631,1850,0.7486,medium
39,103,91,0.079,3,1432,0.2241,186,312,12,2.0189,8.499,0.1573,379,2082,0.6954,medium
25,147,143,0.0977,6,1695,0.2339,132,131,21,2.7689,8.8427,0.3231,488,1502,0.2958,high
58,89,87,0.0094,2,1008,0.1088,313,452,11,1.0653,6.1733,0.0797,313,2602,0.7202,low
43,152,87,0.0468,3,1156,0.2105,207,273,6,1.8609,6.857,0.1815,409,2098,0.755,medium
53,98,100,0.0318,4,1725,0.1975,260,285,16,0.7907,8.857,0.0987,194,2541,0.7091,medium
48,120,84,0.0549,2,1691,0.161,259,281,11,2.2644,9.9262,0.1948,533,2335,0.5956,medium
69,96,93,0.0159,1,597,0.0395,329,416,6,1.5823,5.7859,0.0646,319,2789,0.8711,low
17,151,155,0.0989,8,1845,0.3981,138,123,13,2.5549,16.4027,0.2844,764,997,0.4084,high
36,131,110,0.0445,4,1447,0.2577,231,393,13,1.9288,8.7554,0.0995,457,3015,0.7033,medium
33,197,141,0.115,7,2301,0.3425,135,181,24,3.0228,15.996,0.2764,811,1254,0.3807,high
42,132,86,0.0734,2,1590,0.1631,273,231,11,1.152,8.1715,0.1698,523,2341,0.6392,medium
52,99,94,0.0399,4,1213,0.2319,283,237,16,2.2302,7.1901,0.1537,452,2254,0.646,medium
42,136,102,0.0449,3,1683,0.2096,177,348,12,1.6931,6.7877,0.1434,472,2136,0.662,medium
37,106,109,0.0679,3,854,0.2013,219,322,10,2.0307,9.643,0.2082,385,2171,0.7147,medium
31,116,116,0.0492,3,1222,0.1743,204,273,9,1.7227,5.495,0.0971,441,1136,0.6953,medium
35,128,168,0.0713,5,2421,0.2969,125,112,18,2.231,11.4124,0.3752,591,1521,0.3322,high
51,97,82,0.0101,1,796,0.0578,307,381,10,1.4623,5.4583,0.0628,268,3749,0.7666,low
30,195,154,0.116,10,1886,0.2734,118,174,17,2.5485,11.1009,0.3205,479,633,0.4178,high
33,161,171,0.1287,7,2725,0.3666,112,145,13,4.6797,9.3721,0.3669,680,1314,0.3735,high
33,165,128,0.1046,6,1678,0.2453,149,182,19,2.2401,10.6217,0.3256,676,1002,0.3393,high
65,71,70,0.0017,2,930,0.0926,345,486,9,0.5614,4.3559,0.0665,327,3226,0.7557,low
38,108,90,0.0587,5,1391,0.205,236,255,8,2.2234,10.9366,0.1556,473,2191,0.4951,medium
55,146,127,0.0517,3,1514,0.1749,211,270,11,2.0174,9.3775,0.101,478,2897,0.63,medium
13,137,106,0.1138,5,2341,0.3462,131,120,16,2.2692,15.0221,0.3452,759,1286,0.4058,high
43,88,86,0.0593,2,1411,0.2068,220,275,14,2.2911,8.1383,0.1637,240,2594,0.7427,medium
45,95,80,0.0257,1,688,0.0766,368,394,10,0.9586,4.1734,0.0862,295,2841,0.9065,low
46,142,89,0.0757,2,1721,0.0904,221,222,17,2.7383,10.0607,0.2301,459,1236,0.5939,medium
53,71,80,0.0127,1,937,0.0755,270,450,9,0.8199,6.9215,0.0793,290,2466,0.8198,low
49,131,126,0.0677,4,1388,0.172,263,249,13,2.0845,9.5279,0.1637,395,1894,0.724,medium
23,158,121,0.1356,9,1995,0.3856,95,184,19,4.2804,14.5639,0.3694,794,1059,0.4754,high
64,79,72,0.0208,1,582,0.1088,348,517,8,0.9253,3.5226,0.0299,274,2900,0.8113,low
13,132,170,0.1214,6,3018,0.3745,144,194,18,3.7902,15.8405,0.3884,677,1343,0.3432,high
15,207,176,0.0853,6,2622,0.3414,67,181,10,2.8807,14.391,0.3811,759,1008,0.3726,high
51,133,110,0.079,4,1102,0.1776,225,277,10,1.6776,12.3842,0.1731,396,2743,0.5699,medium
41,122,130,0.0663,4,1351,0.2049,230,226,16,2.9997,7.3268,0.2002,566,2212,0.7332,medium
40,147,110,0.0534,4,1418,0.1892,195,284,14,1.9106,13.0796,0.1535,437,1408,0.6492,medium
27,182,148,0.108,7,2723,0.2761,145,127,12,3.3551,11.7908,0.3482,762,1101,0.4062,high
19,154,168,0.083,5,2145,0.3095,92,159,13,3.7704,16.2614,0.272,543,1288,0.4204,high
61,96,73,0.005,2,589,0.0794,303,446,8,1.0502,2.5306,0.0715,240,2829,0.8458,low
14,170,174,0.1199,6,1975,0.3043,110,114,14,2.9412,12.9157,0.244,670,1092,0.3334,high
29,172,125,0.1167,7,1675,0.2864,135,73,20,3.5308,4.8642,0.3193,529,953,0.5713,high
18,145,169,0.0815,9,1599,0.3523,117,216,20,3.1937,10.8596,0.3316,670,890,0.4959,high
26,131,151,0.1067,6,2251,0.3809,116,62,16,2.7667,16.6542,0.4334,635,1029,0.4576,high
24,141,193,0.1301,4,2383,0.384,105,127,18,3.5087,16.0882,0.2937,660,1217,0.3997,high
46,141,103,0.0541,3,2038,0.1732,268,283,17,2.3606,12.2178,0.1823,437,2958,0.7456,medium
33,153,145,0.096,5,2512,0.3942,165,121,17,3.7983,13.7487,0.2732,614,1000,0.4341,high
27,95,92,0.1492,8,1868,0.394,91,148,11,1.8079,15.3977,0.4195,611,1245,0.2319,high
69,100,86,0.02,0,501,0.0694,315,464,9,1.0928,4.7819,0.0765,312,3618,0.7094,low
53,107,78,0.0274,1,993,0.084,333,460,7,1.4316,2.2394,0.0655,332,3527,0.7969,low
35,127,96,0.0714,3,1284,0.1779,201,278,10,2.4181,8.3434,0.1765,421,2038,0.6082,medium
15,195,181,0.1574,6,1941,0.3777,172,229,23,3.4643,5.2218,0.2033,547,1003,0.6624,high
39,119,93,0.059,2,767,0.122,219,264,12,2.0922,7.5458,0.13,339,1942,0.5576,medium
75,102,75,0.0172,2,814,0.0331,370,453,5,0.5997,5.1638,0.0912,254,3436,0.8108,low
38,181,160,0.0806,7,1961,0.3684,122,96,22,3.4315,15.0019,0.2988,547,928,0.2878,high
62,104,67,0.0101,2,745,0.0625,296,436,6,0.746,2.6912,0.0529,347,2897,0.7886,low
69,102,85,0.0256,1,816,0.1152,293,384,9,0.5985,2.9934,0.0535,289,3106,0.8267,low
22,140,185,0.1724,6,1927,0.3089,156,159,25,3.554,13.8985,0.2698,601,947,0.3052,high
45,94,115,0.0525,4,1494,0.192,207,326,11,1.3089,11.8227,0.0941,368,2340,0.558,medium
17,176,134,0.1179,7,2913,0.372,163,179,26,3.7717,12.7264,0.2904,586,971,0.5352,high
25,151,144,0.0852,8,2501,0.3048,161,165,29,4.0339,14.1268,0.2932,534,1078,0.5275,high
42,115,102,0.0415,5,1206,0.1713,210,260,7,2.344,9.4971,0.1762,405,1817,0.4844,medium
28,146,151,0.1176,9,1869,0.2361,127,195,19,3.3594,11.161,0.4283,537,1216,0.2975,high
23,148,124,0.1384,8,1247,0.3752,135,202,19,3.809,15.6014,0.3459,559,1328,0.5394,high
53,95,118,0.0391,4,1260,0.1764,209,334,7,1.5975,8.7456,0.2112,417,2192,0.5852,medium
54,123,96,0.054,4,1329,0.1386,228,327,8,2.0349,9.3138,0.1246,341,2765,0.5824,medium
61,78,84,0.0245,2,794,0.0668,336,501,7,0.8022,4.0255,0.0864,382,4089,0.8744,low
28,135,147,0.1305,6,1329,0.2538,163,160,16,2.2418,19.0009,0.3511,877,978,0.5225,high
27,155,132,0.1115,7,1829,0.3608,158,178,22,2.5911,13.9943,0.4194,509,896,0.3514,high
60,76,79,0.0183,1,683,0.0671,331,521,8,1.4522,7.194,0.0685,294,2895,0.7982,low
74,86,97,0.0161,2,891,0.0682,358,421,9,0.9871,5.1001,0.0629,340,3120,0.8437,low
26,131,173,0.0777,6,2436,0.3546,118,139,13,3.0469,9.3448,0.3391,678,995,0.4879,high
58,105,98,0.0211,2,1068,0.079,259,428,3,1.176,5.9497,0.1135,338,2987,0.8075,low
26,167,127,0.1165,8,1594,0.3703,155,121,18,4.1867,13.3675,0.2945,780,1285,0.2574,high
35,139,105,0.0417,3,1062,0.1601,200,181,12,1.9571,10.0336,0.126,435,1727,0.5534,medium
29,131,149,0.1025,8,2153,0.4151,105,101,20,2.5952,15.0015,0.2854,586,1166,0.3528,high
22,173,138,0.1108,6,1919,0.3633,88,148,20,3.453,11.0521,0.2482,996,1014,0.379,high
38,93,115,0.0441,3,1235,0.1498,183,300,10,1.5762,6.6273,0.1752,446,2750,0.6662,medium
26,141,135,0.1351,6,3003,0.2774,148,89,20,3.2495,13.1257,0.3103,163,986,0.5259,high
26,129,86,0.0522,4,1116,0.2008,235,344,11,1.2028,7.667,0.1513,334,2188,0.5826,medium
28,132,158,0.0994,7,1865,0.3366,142,197,17,3.9256,15.8419,0.3055,597,973,0.4323,high
65,93,79,0.01,0,937,0.0599,316,351,5,0.9356,6.479,0.0844,305,3103,0.8532,low
65,92,82,0.0219,1,1042,0.051,328,329,9,0.4977,5.5884,0.0717,287,3054,0.7864,low
35,158,147,0.0844,7,1983,0.2771,145,198,16,2.8334,14.5202,0.3221,767,1337,0.4304,high
42,93,107,0.0635,3,1521,0.1598,227,377,15,1.3839,7.4814,0.0881,396,2064,0.6409,medium
38,108,112,0.0492,3,1245,0.1819,208,252,12,1.1192,4.8629,0.1986,366,2638,0.795,medium
63,117,68,0.0222,1,913,0.0749,311,397,8,0.7478,5.1398,0.052,227,2774,0.793,low
53,116,100,0.036,4,1645,0.1481,269,377,18,1.5756,5.0291,0.1727,285,1750,0.6777,medium
41,128,81,0.0551,4,1480,0.2129,219,279,10,2.7821,8.8078,0.175,385,1526,0.5924,medium
22,151,200,0.1576,7,1512,0.4233,133,149,23,2.9458,21.3473,0.3038,576,916,0.3728,high
35,96,92,0.0642,4,918,0.1773,237,289,10,2.0745,12.7911,0.1725,412,965,0.7127,medium
45,118,126,0.0489,4,1549,0.1736,160,275,11,1.709,10.7981,0.154,414,1963,0.6877,medium
49,81,97,0.0753,2,1795,0.1506,256,232,12,2.0812,8.4009,0.1437,426,1799,0.674,medium
23,151,163,0.1258,7,2252,0.3831,98,175,14,4.7236,12.0714,0.2942,659,614,0.4693,high
31,179,150,0.1222,8,2119,0.3055,98,139,18,2.1669,12.3836,0.3091,639,1500,0.5605,high
30,149,158,0.0902,10,2705,0.268,97,187,9,2.2315,15.0162,0.4232,593,1127,0.4953,high
30,137,160,0.0658,7,1894,0.1534,83,207,23,2.5959,18.0017,0.3707,546,1148,0.3672,high
17,149,135,0.1058,7,1799,0.3212,117,147,20,2.3154,17.2595,0.4559,595,1609,0.3867,high
30,132,148,0.085,7,1742,0.2914,136,168,11,3.0669,20.0873,0.2696,580,976,0.412,high
43,101,118,0.0553,2,1801,0.2049,229,245,12,1.643,5.8769,0.1805,391,1850,0.6158,medium
44,118,98,0.0432,3,1348,0.2486,207,285,7,1.9033,10.4861,0.1443,486,2498,0.594,medium
59,85,70,0.0189,2,763,0.1289,322,482,5,0.4946,4.8182,0.0702,235,3359,0.8629,low
22,170,150,0.1007,7,2391,0.3764,106,180,13,2.3225,15.0287,0.3654,686,1091,0.4646,high
45,113,83,0.0542,5,1100,0.2294,216,321,11,1.7009,12.5455,0.2069,300,1232,0.6504,medium
44,133,123,0.0319,3,1204,0.1806,154,252,12,1.2414,7.4255,0.1579,594,1717,0.6854,medium
37,140,101,0.0579,3,1499,0.1112,182,283,10,1.1298,10.325,0.1762,407,2338,0.6217,medium
59,109,83,0.0109,2,688,0.0735,353,495,11,0.629,6.372,0.0697,289,2759,0.8477,low
60,141,104,0.0554,3,953,0.1265,226,299,10,2.4299,8.2247,0.1952,489,1842,0.622,medium
34,144,129,0.1155,6,1585,0.3996,143,216,16,3.9527,14.5527,0.4278,650,735,0.3358,high
23,121,147,0.0945,5,2263,0.2434,104,22,20,3.2984,16.3554,0.3363,766,1471,0.3301,high
32,152,138,0.1208,8,2292,0.3952,133,175,21,3.0866,13.1882,0.3974,778,935,0.4132,high
51,116,90,0.0299,4,1353,0.2548,167,208,11,2.2625,8.4878,0.1748,411,2158,0.6547,medium
39,151,116,0.0725,3,1252,0.198,196,275,8,1.483,9.6989,0.1935,495,2614,0.6755,medium
38,160,84,0.0644,4,1758,0.1557,203,235,14,0.5841,7.8769,0.1501,367,2057,0.5503,medium
22,186,141,0.1485,5,2015,0.2564,90,150,19,3.3937,17.7829,0.2915,800,1204,0.401,high
39,126,109,0.044,3,1344,0.1379,217,243,15,0.9885,11.9314,0.2269,412,3097,0.6948,medium
26,193,125,0.1239,8,1653,0.33,92,97,16,3.1264,15.4689,0.3593,598,1115,0.5515,high
47,116,98,0.0656,5,1553,0.1668,185,375,11,2.3948,8.9411,0.1561,379,1870,0.6488,medium
41,112,99,0.0654,5,1262,0.2193,206,329,12,1.6349,8.4232,0.1939,582,1911,0.6815,medium
69,85,72,0.0284,1,912,0.0782,337,350,5,1.4948,7.3409,0.0389,274,2153,0.7984,low
45,130,93,0.0841,4,1391,0.2063,228,327,14,2.3579,13.1264,0.1744,350,1647,0.6276,medium
45,142,154,0.127,6,2160,0.3508,164,129,4,3.0175,14.1165,0.3704,693,1454,0.4592,high
66,76,77,0.0234,2,778,0.0858,312,432,10,0.3747,7.3137,0.0791,344,3340,0.8272,low
27,190,161,0.1237,8,1892,0.2894,52,186,15,4.0638,9.3327,0.3756,748,1085,0.4573,high
25,160,111,0.145,9,2585,0.3333,154,128,17,2.9752,11.0928,0.3373,341,741,0.4898,high
58,119,89,0.0218,1,846,0.067,284,418,8,1.2806,4.1068,0.0647,218,3207,0.7744,low
31,146,121,0.1372,9,2515,0.294,146,190,16,2.6969,14.6056,0.3647,645,1198,0.2982,high
25,171,138,0.0792,7,2123,0.3784,130,86,14,3.7514,11.9977,0.2933,666,997,0.3809,high
73,68,79,0.0265,1,999,0.0668,297,354,11,0.3488,7.6532,0.069,259,3151,0.8013,low
31,180,135,0.1115,7,2249,0.2144,110,204,22,2.6187,14.3565,0.3589,745,1201,0.4988,high
50,81,92,0.0222,1,705,0.1246,247,468,6,0.3498,4.9694,0.0695,304,4166,0.8547,low
32,152,124,0.0976,6,2433,0.3091,103,175,18,3.4722,13.2394,0.2675,190,1275,0.4897,high
65,98,75,0.0212,0,846,0.0781,272,351,9,0.4994,4.7973,0.0701,312,3583,0.8113,low
44,113,125,0.0486,3,1408,0.1572,212,311,13,2.0595,6.9392,0.1534,464,2724,0.5653,medium
8,111,177,0.0929,9,1433,0.2707,139,134,24,2.5636,11.7759,0.3073,651,715,0.4671,high
57,99,72,0.0285,1,984,0.0458,353,332,8,1.0254,5.0399,0.0696,308,3394,0.8147,low
21,150,134,0.0704,5,661,0.281,142,94,20,3.8383,15.1529,0.3215,638,1115,0.3934,high
48,102,108,0.0519,4,1331,0.2086,215,258,10,2.3063,5.8512,0.1355,565,1789,0.6414,medium
17,158,121,0.0658,5,1592,0.1998,132,173,18,3.3261,13.6744,0.3106,627,1327,0.3213,high
30,117,148,0.092,7,2299,0.3794,127,95,14,2.6147,16.8508,0.3539,751,780,0.3507,high
66,72,69,0.0228,2,806,0.0431,307,377,8,0.8821,4.1494,0.0367,294,3389,0.7725,low
53,115,113,0.0647,1,1471,0.2359,250,340,9,2.2284,8.3229,0.2304,459,1726,0.7708,medium
51,89,108,0.0456,3,1450,0.258,203,321,16,2.1115,6.5613,0.1335,434,2667,0.6762,medium
54,92,65,0.0068,1,594,0.0619,285,425,6,1.2135,2.2406,0.0526,169,3525,0.7913,low
34,134,161,0.1386,5,1413,0.3049,129,192,12,3.15,10.7921,0.3836,657,1243,0.4058,high
29,146,133,0.0979,11,2102,0.3881,128,176,16,3.7971,9.4034,0.3449,321,1120,0.5063,high
30,141,126,0.0709,3,1236,0.2032,224,380,15,2.2425,3.2527,0.1062,431,2361,0.7573,medium
42,116,100,0.0408,5,1527,0.1603,243,192,5,0.9068,6.6934,0.1523,482,2643,0.6529,medium
59,113,75,0.0249,1,815,0.0798,354,464,7,0.6828,3.9114,0.0732,302,3958,0.894,low
43,100,111,0.0715,4,1611,0.2463,197,267,12,1.6741,6.8425,0.1895,375,2087,0.6601,medium
26,133,107,0.092,10,2340,0.1845,102,190,16,2.6272,12.652,0.3345,607,1227,0.4637,high
24,161,161,0.1247,7,2577,0.3632,118,162,16,2.5135,20.8341,0.3117,668,1295,0.3764,high
69,95,88,0.0255,1,889,0.0383,290,461,8,0.8804,4.5761,0.0817,304,3496,0.8121,low
29,157,143,0.1036,7,2456,0.2406,113,158,16,3.6487,13.3149,0.3915,715,1106,0.3623,high
55,143,97,0.0695,3,1500,0.1647,238,264,12,2.0559,6.3727,0.2701,426,2036,0.6062,medium
63,107,81,0.0197,0,624,0.1057,325,458,8,1.0351,4.3043,0.0619,366,2810,0.8381,low
36,119,122,0.0581,3,1181,0.2344,214,279,9,2.4076,10.5796,0.191,320,2508,0.7187,medium
40,112,102,0.0638,5,1247,0.1778,269,450,14,1.6215,8.4017,0.1653,405,2302,0.5786,medium
41,125,91,0.0468,2,1455,0.2073,215,337,13,0.9183,9.1323,0.201,425,2539,0.6637,medium
67,83,78,0.0219,1,1104,0.0496,329,462,8,1.4959,4.9327,0.0625,317,3635,0.8054,low
22,151,164,0.0892,8,2156,0.3127,106,122,22,2.199,11.6629,0.3933,642,1141,0.4687,high
56,102,85,0.028,0,794,0.088,352,351,7,0.1706,4.5065,0.0562,386,3836,0.8554,low
25,178,141,0.1295,4,2046,0.3272,103,114,7,3.0024,13.8983,0.2785,460,1333,0.4712,high
64,93,78,0.0162,1,996,0.0547,342,450,6,1.0136,4.2642,0.0613,292,3255,0.8093,low
59,73,82,0.0176,2,547,0.104,259,525,8,1.1991,4.9828,0.0096,275,2716,0.8197,low
21,160,155,0.1526,4,2018,0.2668,130,155,21,2.7551,23.2948,0.414,679,1385,0.4038,high
50,112,116,0.0348,3,1260,0.1929,218,331,11,1.5986,7.2022,0.1789,420,1706,0.6795,medium
61,85,70,0.0156,2,657,0.0759,361,378,7,1.2062,4.3818,0.0871,251,3764,0.8995,low
54,98,80,0.0152,2,1073,0.0443,379,518,7,1.1513,5.059,0.0809,359,3442,0.7506,low
59,87,78,0.0221,1,971,0.1046,332,494,9,1.2124,6.799,0.0641,224,3194,0.8249,low
53,93,90,0.0324,2,894,0.0711,343,438,6,1.1317,5.6579,0.093,348,3459,0.8913,low
40,90,108,0.0571,4,1367,0.1795,223,328,9,1.9201,6.4521,0.1957,251,1875,0.5944,medium
43,84,86,0.024,1,905,0.0753,264,493,13,0.7791,3.7546,0.0801,259,3968,0.755,low
40,110,126,0.064,5,1565,0.1902,184,312,12,1.48,11.5811,0.0816,444,1450,0.5563,medium
60,102,79,0.0185,1,1045,0.0832,333,361,10,0.7331,2.5262,0.094,225,3312,0.8039,low
49,124,97,0.0515,4,1282,0.1708,193,268,12,1.4449,7.651,0.1024,467,2282,0.7513,medium
70,74,76,0.0195,1,1109,0.0748,294,472,14,0.6437,3.3836,0.0214,288,3388,0.8133,low
69,88,82,0.0273,2,486,0.109,234,433,6,0.824,5.7263,0.0711,331,2695,0.8698,low
63,79,73,0.0186,1,1036,0.0734,342,498,7,0.6841,6.4203,0.0899,229,3096,0.9283,low
45,152,115,0.0755,3,1065,0.2139,222,250,9,2.4208,7.3356,0.2091,279,2156,0.6951,medium
17,162,156,0.1227,7,2143,0.2173,151,195,16,2.2096,20.9408,0.3463,420,1227,0.3572,high
55,109,74,0.0173,1,843,0.0892,299,477,7,0.6566,5.0532,0.0713,279,3098,0.7939,low
64,101,82,0.0139,1,878,0.074,314,395,6,1.0304,5.4686,0.029,248,4175,0.8358,low
26,172,121,0.1217,9,1874,0.2599,148,184,14,3.7934,15.6128,0.3274,714,1011,0.4873,high
32,136,130,0.1324,7,1810,0.274,113,209,11,2.001,13.411,0.4017,449,845,0.4968,high
57,99,78,0.0198,1,642,0.0871,355,324,6,0.6074,3.6446,0.0732,340,2757,0.7755,low
51,123,89,0.0506,3,1476,0.0809,224,300,13,2.1013,9.1156,0.1943,447,2559,0.5961,medium
34,139,116,0.0519,7,1190,0.1949,201,238,12,1.5742,11.11,0.1466,405,2179,0.7665,medium
25,202,186,0.1483,6,1952,0.296,92,174,15,3.2928,15.128,0.247,622,1174,0.6201,high
42,95,74,0.0623,4,1308,0.1473,227,359,10,2.1498,9.1662,0.1605,464,1897,0.621,medium
34,146,147,0.0787,8,2504,0.2366,109,222,21,3.189,15.8,0.339,770,1189,0.544,high
27,159,129,0.1008,6,2420,0.2451,146,172,13,2.7919,10.422,0.3118,564,1191,0.3538,high
73,88,96,0.0158,0,829,0.0753,286,454,5,0.862,4.3834,0.0623,233,3017,0.8559,low
65,85,87,0.0176,1,977,0.1077,296,395,10,0.3188,4.0276,0.0403,287,2978,0.8746,low
44,114,108,0.0434,5,1145,0.1989,233,284,14,1.3071,6.5803,0.0958,420,2484,0.4136,medium
33,159,133,0.1094,8,2065,0.2932,139,138,19,2.98,18.3793,0.4391,638,949,0.3584,high
46,91,102,0.0576,3,1736,0.2189,225,308,9,2.0915,11.9696,0.178,447,2172,0.6271,medium
47,118,92,0.0563,6,1516,0.1161,219,170,11,2.1765,8.1597,0.2146,514,2244,0.5475,medium
15,124,146,0.1014,8,2097,0.284,119,192,19,2.9104,13.1637,0.3278,613,1138,0.3579,high
53,90,88,0.0203,1,812,0.0959,312,359,7,1.1143,6.7274,0.0504,265,3528,0.849,low
49,88,81,0.0234,2,819,0.0712,356,385,4,1.0573,4.0211,0.052,301,2760,0.8609,low
28,154,130,0.1159,6,2523,0.224,115,155,22,3.3735,13.7999,0.4986,617,1277,0.4196,high
45,101,68,0.0083,1,799,0.0951,282,405,11,1.0397,2.6764,0.1237,292,3476,0.8419,low
63,89,88,0.0135,1,850,0.0815,325,506,10,0.83,3.5999,0.0659,274,2804,0.8031,low
49,134,117,0.0461,6,952,0.2308,189,258,12,2.3075,9.5522,0.1346,515,2202,0.6816,medium
69,97,67,0.0104,1,573,0.0896,308,419,8,0.5669,4.6971,0.0569,223,3506,0.9029,low
49,123,133,0.0317,1,1363,0.1999,239,171,12,1.0662,8.8148,0.2352,459,2623,0.7791,medium
49,109,120,0.0646,3,1379,0.136,250,261,12,2.5524,7.5132,0.1409,582,2282,0.6185,medium
31,159,111,0.1463,6,1890,0.3952,148,192,17,1.9053,15.6966,0.327,661,893,0.2783,high
26,171,184,0.0953,9,1574,0.267,86,250,13,3.0282,15.7618,0.4367,541,1067,0.3379,high
67,82,89,0.0221,2,1109,0.1076,327,379,10,0.5011,3.517,0.0699,355,3484,0.8573,low
35,101,107,0.0719,4,1806,0.206,223,267,12,1.8658,10.5116,0.1743,340,1982,0.8011,medium
51,92,103,0.0133,1,822,0.0834,315,407,6,0.8751,2.6951,0.0613,311,3127,0.8733,low
32,153,152,0.0986,8,2602,0.4566,123,170,15,3.0409,13.8739,0.4129,505,888,0.4112,high
36,165,141,0.068,8,2713,0.3453,143,132,22,0.7419,9.7953,0.2949,799,674,0.2941,high
46,123,116,0.0576,3,1715,0.1484,188,161,11,1.6114,8.455,0.0987,450,1933,0.6463,medium
21,183,160,0.0965,8,2148,0.3657,181,124,19,2.7324,14.6501,0.3151,514,1061,0.4388,high
30,145,166,0.1216,9,2727,0.2875,123,153,19,2.3939,9.4218,0.359,687,1108,0.3057,high
71,91,88,0.0142,2,1014,0.0709,350,340,6,1.115,2.0072,0.0745,293,3765,0.7705,low
25,177,136,0.1024,5,2253,0.3413,86,135,20,1.9613,12.4272,0.3621,662,993,0.4354,high
44,165,109,0.0543,2,1219,0.1916,187,356,11,1.928,5.9256,0.1952,403,2438,0.6782,medium
64,103,88,0.0214,1,954,0.0528,274,414,6,1.0231,6.798,0.0663,190,3646,0.8024,low
48,115,112,0.0641,3,820,0.1492,237,290,8,1.7872,9.7075,0.1928,193,2229,0.6595,medium
41,118,91,0.0574,3,1401,0.1759,195,294,8,1.7297,9.2029,0.1495,311,1593,0.5719,medium
78,91,59,0.0061,1,725,0.0775,333,477,7,1.137,5.7148,0.1106,232,3279,0.8521,low
47,140,100,0.0381,4,1494,0.0971,271,291,12,2.9405,7.4619,0.2032,231,2295,0.7458,medium
46,101,103,0.0603,4,1185,0.1806,176,333,10,1.1423,9.6044,0.1334,472,2096,0.5842,medium
38,162,140,0.0991,9,1557,0.2838,140,124,24,2.7605,12.4054,0.3043,735,1027,0.3855,high
14,141,168,0.1041,10,1914,0.3266,77,131,23,3.8713,10.8125,0.2648,724,1277,0.4148,high
22,133,153,0.0896,7,2397,0.3359,107,131,19,2.3564,12.1217,0.3993,582,1226,0.3966,high
57,94,70,0.0217,2,719,0.0841,233,471,6,0.6987,6.8738,0.0564,193,3180,0.8559,low
50,114,88,0.0286,4,1478,0.1758,215,288,6,0.7751,9.8987,0.1254,528,1434,0.7039,medium
64,114,61,0.0056,2,863,0.0598,296,429,7,1.0329,6.4636,0.0656,342,3354,0.8135,low
44,108,109,0.0771,4,1443,0.2193,253,180,14,1.7401,11.3918,0.1214,313,1831,0.6521,medium
43,126,108,0.0661,5,1625,0.1419,177,279,12,2.0753,9.6627,0.1531,399,2596,0.6139,medium
21,186,160,0.1059,8,1925,0.3407,74,144,21,1.8475,13.6403,0.399,606,905,0.3142,high
72,96,96,0.0241,2,1127,0.1162,286,425,4,1.2038,4.5462,0.0514,309,3031,0.8024,low
54,123,81,0.0168,1,760,0.0707,351,400,10,0.9349,4.9945,0.0634,277,3223,0.8245,low
41,127,87,0.0696,2,1118,0.2286,229,270,13,1.8933,6.218,0.1801,496,2330,0.674,medium
17,146,127,0.1074,7,2315,0.3193,120,145,18,2.2512,12.7877,0.2917,789,1168,0.4806,high
74,76,68,0.0001,1,974,0.0084,368,282,14,1.489,6.592,0.0017,293,2687,0.814,low
66,98,88,0.0347,1,924,0.117,368,477,10,0.8291,5.8002,0.0616,381,2804,0.905,low
30,96,78,0.0678,5,689,0.2008,217,251,9,2.6334,12.7239,0.1784,356,100,0.6609,medium
47,141,128,0.0506,5,1414,0.1962,267,277,15,0.702,9.3155,0.2221,343,2224,0.6421,medium
55,95,82,0.0175,1,913,0.057,326,359,7,0.9425,8.8308,0.046,208,2694,0.7978,low
20,173,144,0.1276,7,2462,0.3417,140,137,17,3.4709,11.0979,0.383,475,1213,0.2921,high
21,149,145,0.0721,5,1835,0.3845,120,140,19,3.001,16.4107,0.2933,722,985,0.5289,high
30,126,105,0.0451,3,1425,0.1308,185,425,10,1.443,11.3542,0.1468,416,2586,0.6324,medium
45,108,94,0.0483,2,801,0.1686,193,321,10,1.1994,10.3973,0.2031,505,2549,0.6565,medium
29,170,162,0.133,8,1881,0.442,120,103,24,3.531,7.2745,0.3123,573,1115,0.3757,high
62,139,86,0.0787,3,1184,0.1672,225,320,10,1.199,14.0543,0.0491,426,2603,0.6832,medium
42,114,125,0.0625,3,1294,0.1677,191,316,9,2.4428,10.45,0.126,556,1831,0.6022,medium
62,90,88,0.026,2,953,0.0691,227,343,13,0.7376,5.1839,0.0868,238,3136,0.8392,low
56,91,71,0.0218,0,598,0.0673,318,515,10,0.6846,9.7984,0.0727,309,3571,0.7677,low
10,158,114,0.1391,7,1266,0.2421,128,140,5,4.2868,15.2567,0.3651,496,580,0.4505,high
28,163,139,0.1327,8,2060,0.4509,165,128,21,2.4017,16.1636,0.3155,808,1331,0.3458,high
19,129,116,0.1619,6,2174,0.278,130,136,19,3.371,8.9895,0.4265,692,604,0.5108,high
37,160,150,0.1274,10,1852,0.2891,79,182,25,2.0455,14.299,0.2547,503,1241,0.5526,high
52,105,86,0.0337,3,1180,0.066,370,346,7,1.3153,12.5003,0.0545,197,3920,0.7755,low
51,105,98,0.0576,6,1306,0.1752,274,338,9,1.988,12.0083,0.1937,236,1488,0.6797,medium
16,131,126,0.1026,9,1989,0.3751,138,133,20,4.3024,17.3768,0.4248,663,1329,0.4475,high
27,175,154,0.0936,7,2143,0.2309,151,109,17,2.7687,14.198,0.28,610,1241,0.3793,high
42,117,102,0.0602,4,1341,0.1631,199,292,13,1.1035,9.2297,0.2193,345,2063,0.6901,medium
36,119,109,0.0556,5,1454,0.111,289,343,10,2.2767,10.2372,0.1649,316,2324,0.7607,medium
27,152,171,0.1008,7,1921,0.391,92,136,13,2.5485,13.6442,0.3842,742,1647,0.4897,high
48,119,91,0.063,4,1435,0.094,198,180,15,1.5971,9.8624,0.1296,273,1499,0.5665,medium
51,89,90,0.0176,1,931,0.1043,271,411,7,0.4095,5.9556,0.0574,257,2767,0.8092,low
73,115,78,0.0218,2,987,0.0747,347,330,9,0.8898,4.1372,0.0994,335,2772,0.7822,low
33,113,127,0.0636,3,1353,0.2101,255,398,15,2.4009,6.8776,0.1669,345,1992,0.5458,medium
25,122,134,0.0738,6,1632,0.309,110,161,16,3.5089,17.1135,0.3131,681,1079,0.342,high
62,102,85,0.0037,1,953,0.0767,313,374,7,0.8406,6.7577,0.0476,283,3201,0.8305,low
59,124,87,0.0553,4,1706,0.1618,208,330,11,2.8658,9.5992,0.0172,509,2531,0.7574,medium
24,175,114,0.1181,7,2091,0.4177,126,146,19,2.7406,15.6098,0.3594,636,1647,0.4669,high
30,145,158,0.1104,7,1864,0.2586,134,179,12,3.2194,17.6638,0.3232,546,912,0.4449,high
28,169,155,0.1106,7,2633,0.2957,132,106,15,2.7619,14.4855,0.375,531,1089,0.3702,high
28,167,143,0.1185,7,2790,0.2737,154,77,17,3.7499,13.0918,0.2606,654,851,0.3358,high
31,165,163,0.0939,7,2436,0.4087,107,167,12,4.1598,11.1897,0.4134,711,1254,0.3065,high
51,89,86,0.0156,1,856,0.0603,274,436,7,0.6751,6.8355,0.0626,306,2870,0.8114,low
66,90,71,0.0135,1,885,0.0593,302,413,11,0.9038,6.6555,0.0662,239,2793,0.8203,low
61,109,76,0.0168,3,970,0.0656,291,456,7,0.7241,2.9767,0.0643,331,3975,0.8336,low
75,72,63,0.0226,0,672,0.0844,257,444,7,1.2138,6.9278,0.0843,358,3137,0.7881,low
26,149,165,0.0993,7,1854,0.297,137,90,19,3.9793,10.1714,0.2694,855,1659,0.3618,high
24,148,109,0.123,9,2654,0.2456,123,187,15,3.036,19.6071,0.3731,703,930,0.2704,high
51,135,117,0.0546,3,1717,0.1403,255,379,10,1.7628,7.1415,0.1062,406,1455,0.6926,medium
44,126,100,0.065,2,1732,0.2246,155,305,8,1.5317,6.948,0.191,530,1933,0.767,medium
33,122,111,0.0649,4,912,0.2032,210,323,8,1.7924,8.8562,0.1949,428,1668,0.5167,medium
34,109,90,0.0685,4,894,0.0838,230,297,15,1.0653,10.9885,0.1228,521,2956,0.66,medium
26,178,133,0.0731,4,2087,0.3229,125,189,9,3.1425,12.9991,0.2595,793,924,0.4295,high
24,143,128,0.0644,5,3030,0.2012,128,182,20,1.5157,16.7635,0.3576,842,786,0.4488,high
58,78,84,0.0148,2,825,0.0781,342,401,9,1.2011,6.9468,0.0105,251,3392,0.798,low
62,95,91,0.0174,1,778,0.0642,226,358,7,0.8296,6.6111,0.0798,289,3208,0.8919,low
52,114,113,0.0482,3,1497,0.1138,198,301,13,1.4841,10.3169,0.1521,330,2166,0.68,medium
31,198,144,0.1301,6,2249,0.3239,148,104,16,2.9147,10.5602,0.3663,607,1587,0.5491,high
22,186,137,0.1004,8,2138,0.23,93,205,21,1.8706,11.317,0.4088,472,933,0.4702,high
28,104,114,0.0621,4,1253,0.2098,251,298,12,1.7294,10.4901,0.1751,410,2122,0.6653,medium
53,109,77,0.0234,3,858,0.0995,300,452,3,1.0205,8.5627,0.094,263,4275,0.7125,low
51,111,119,0.0715,4,866,0.184,220,270,4,2.0567,6.5018,0.1203,455,2273,0.7184,medium
47,110,90,0.0557,2,1166,0.1818,214,272,10,2.0988,10.7339,0.1601,436,2277,0.6384,medium
34,165,121,0.0738,8,2147,0.4616,144,111,16,4.518,13.0661,0.4417,702,1323,0.4304,high
22,121,117,0.1827,11,2324,0.3246,147,150,19,4.775,15.2275,0.3305,673,1078,0.3396,high
42,92,75,0.0614,3,1605,0.2161,156,259,11,1.0432,7.4405,0.2324,451,1982,0.5597,medium
55,90,92,0.0109,1,756,0.1029,263,545,9,1.2083,3.1738,0.08,289,3504,0.7135,low
28,180,167,0.1238,6,1693,0.3408,136,185,15,2.896,13.3428,0.3655,870,936,0.4882,high
41,112,118,0.0498,4,1644,0.1451,198,336,7,1.5753,12.2356,0.2006,405,1835,0.5734,medium
47,115,110,0.0369,3,1095,0.0912,277,335,13,1.4307,8.3223,0.1536,486,1399,0.7468,medium
55,115,93,0.0477,2,1281,0.1075,226,322,6,2.1427,9.5975,0.1059,355,2027,0.5668,medium
25,163,138,0.0677,8,2247,0.2272,120,233,15,3.3224,12.379,0.4805,559,926,0.5826,high
58,102,80,0.021,0,915,0.0752,238,497,9,0.7208,8.4388,0.0569,271,2890,0.9389,low
49,140,117,0.0607,2,1581,0.2142,196,253,13,0.8008,8.8267,0.1858,352,2435,0.6409,medium
65,91,89,0.0165,1,925,0.0775,305,409,9,0.7446,4.021,0.0565,305,3522,0.8345,low
59,102,73,0.0235,1,976,0.0688,330,348,6,0.8367,4.0654,0.0438,269,2871,0.8579,low
58,86,84,0.0081,0,1076,0.0725,293,463,9,0.869,4.3176,0.0646,329,3251,0.8015,low
15,172,138,0.0931,8,2825,0.3427,115,163,19,2.9698,15.0977,0.3426,670,766,0.4777,high
62,96,66,0.0,1,906,0.1484,305,519,11,1.699,2.924,0.0026,365,3825,0.9989,low
55,62,98,0.0183,1,916,0.0951,323,365,7,1.3048,4.3822,0.1021,345,2789,0.8205,low
53,108,113,0.0416,3,882,0.2139,268,297,14,1.3577,11.3931,0.2545,417,1660,0.546,medium
49,153,111,0.0526,1,1470,0.1944,237,219,13,1.8516,7.8436,0.161,334,1638,0.5478,medium
38,165,166,0.1487,9,2420,0.2637,117,132,23,2.227,17.2214,0.4144,531,968,0.5397,high
69,84,91,0.0277,2,704,0.1052,293,347,5,0.2007,4.4796,0.0461,274,3172,0.7475,low
45,102,107,0.0401,2,1204,0.2363,209,194,16,1.1322,8.6046,0.1791,434,2262,0.6319,medium
71,81,89,0.0176,2,778,0.0643,292,337,7,0.7088,4.1056,0.0905,209,2694,0.8199,low
64,92,88,0.0126,2,716,0.0584,296,390,9,0.3796,4.5551,0.0558,157,3606,0.8863,low
28,130,122,0.0705,8,1304,0.2823,140,114,23,2.8563,13.3261,0.3364,714,835,0.3259,high
51,111,124,0.0437,2,1361,0.1713,243,232,13,2.2256,5.613,0.0952,481,2263,0.5799,medium
28,127,129,0.0976,8,2483,0.2951,134,186,17,2.0388,12.6971,0.3188,554,1188,0.2045,high
12,198,112,0.1337,6,1634,0.2932,132,179,21,2.7732,14.8779,0.3401,560,1056,0.3728,high
21,132,110,0.1236,4,2212,0.2428,127,162,20,2.1262,17.1609,0.3199,478,1233,0.3432,high
22,120,127,0.1614,9,2347,0.3716,78,195,13,3.1014,10.9959,0.2921,558,1440,0.3406,high
53,135,116,0.0303,3,1169,0.2257,243,200,9,2.347,13.2091,0.1341,365,2277,0.729,medium
61,102,79,0.0232,1,870,0.0537,311,434,9,1.2621,3.5062,0.0729,205,3068,0.8198,low
18,142,163,0.0875,7,2375,0.2085,141,197,14,2.8067,10.9871,0.2837,544,1551,0.3492,high
53,116,122,0.0705,3,1249,0.1914,214,314,10,2.2487,6.6152,0.1385,471,2065,0.7673,medium
40,126,100,0.0642,3,1118,0.2639,174,284,8,1.4694,10.7584,0.2571,420,2149,0.7207,medium
30,175,160,0.1627,8,1786,0.2925,113,174,22,2.6859,18.7552,0.292,670,1135,0.4856,high
69,82,102,0.0177,0,873,0.0405,363,405,9,0.7503,6.5373,0.0732,179,3589,0.8463,low
40,95,111,0.0397,2,907,0.2724,213,354,14,2.9327,8.0982,0.249,438,2612,0.6001,medium
34,123,105,0.0431,3,1582,0.1756,251,332,15,1.4447,8.2827,0.1068,455,2363,0.4934,medium
26,160,165,0.1174,7,1125,0.2871,115,144,17,2.9041,18.1841,0.3532,636,1143,0.4513,high
42,138,92,0.0387,2,1122,0.1815,212,358,13,2.2865,8.35,0.1182,510,2221,0.6106,medium
34,134,100,0.038,4,1583,0.2168,225,293,16,1.8281,8.5572,0.1072,460,2398,0.6592,medium
65,76,63,0.0128,2,928,0.0801,320,432,9,0.6144,7.1879,0.0553,257,3047,0.7886,low
60,94,81,0.028,2,959,0.1097,333,345,7,1.4921,4.514,0.0717,205,2560,0.738,low
68,73,71,0.0221,1,863,0.1183,263,449,6,1.0611,5.3384,0.0346,282,3438,0.9179,low
31,172,147,0.077,7,2475,0.3303,113,171,28,3.8735,16.3261,0.3316,558,955,0.4583,high
50,97,98,0.0317,1,768,0.1606,297,537,12,1.1353,4.8959,0.0871,199,2895,0.8003,low
43,104,126,0.0447,5,1482,0.2543,205,286,12,1.8256,8.4751,0.1036,432,2127,0.5771,medium
23,132,144,0.0938,9,1965,0.4234,106,85,12,3.6242,15.0975,0.2925,606,1323,0.4177,high
35,98,103,0.0699,3,741,0.2533,222,336,18,1.6264,11.2855,0.1678,411,2113,0.6623,medium
46,100,97,0.051,1,1590,0.1658,250,380,9,2.2758,7.1777,0.2094,355,2426,0.6297,medium
19,171,95,0.1212,6,1626,0.3646,120,142,11,2.1159,13.6381,0.4471,504,1322,0.3324,high
42,108,118,0.0558,4,1432,0.1733,206,303,9,0.9008,7.97,0.1484,346,2424,0.6166,medium
51,123,83,0.0507,4,1377,0.2009,192,342,13,1.9207,9.1403,0.2113,440,1940,0.6807,medium
77,93,85,0.0306,1,960,0.0957,314,425,9,1.2862,5.7875,0.0985,241,3248,0.7622,low
36,149,154,0.1276,8,1744,0.3317,155,88,16,3.6018,14.2115,0.3118,574,1421,0.4149,high
49,119,78,0.0213,1,874,0.051,325,426,8,0.9404,3.6617,0.0915,254,3687,0.8083,low
67,84,81,0.0242,1,820,0.0966,320,486,9,0.6735,6.6647,0.0898,274,2404,0.828,low
49,85,105,0.0133,2,553,0.0681,309,387,7,0.5064,7.5746,0.1047,333,3109,0.7834,low
33,150,124,0.0878,9,1844,0.3568,141,199,19,3.8743,13.5547,0.3549,673,1228,0.3693,high
44,107,113,0.0518,3,1320,0.159,225,311,9,1.4086,11.7145,0.117,416,1778,0.679,medium
29,149,129,0.1156,6,2354,0.3276,113,175,17,4.029,10.1826,0.2827,634,1457,0.435,high
37,109,124,0.0368,3,1363,0.1847,223,223,12,1.6707,8.8274,0.1742,358,2362,0.6323,medium
67,83,88,0.0208,1,868,0.1147,291,399,12,0.6135,4.7325,0.0844,278,3665,0.8831,low
64,78,102,0.0274,2,846,0.1144,350,371,7,1.0484,6.5554,0.0869,282,3535,0.8215,low
59,114,94,0.043,4,1501,0.1289,180,298,17,1.9279,10.4654,0.2149,513,1995,0.695,medium
55,121,127,0.0648,3,1715,0.1801,278,267,11,1.5904,4.6723,0.1199,486,2157,0.6346,medium
32,161,159,0.123,11,2129,0.2878,121,133,12,3.4455,16.6728,0.3128,623,799,0.3297,high
48,124,70,0.0181,0,877,0.1193,282,398,8,0.9721,3.4503,0.1,279,3380,0.8651,low
30,183,172,0.1203,6,1241,0.3573,118,166,23,3.0001,11.4356,0.3372,354,1405,0.3585,high
28,170,166,0.1179,7,2214,0.2105,117,186,18,2.7871,12.7998,0.2879,596,822,0.4635,high
75,98,80,0.0112,1,782,0.0865,263,422,12,1.1734,3.858,0.087,247,4261,0.8712,low
56,120,127,0.0627,3,1658,0.2419,166,291,14,1.8423,7.8643,0.1741,569,2259,0.7221,medium
46,128,124,0.0476,5,878,0.2491,219,96,9,1.9325,6.5818,0.1527,431,2398,0.7227,medium
69,89,87,0.0214,1,956,0.0975,330,246,10,1.216,4.9932,0.0664,355,3097,0.7916,low
55,134,94,0.0327,4,1360,0.1482,211,281,16,1.0254,5.1672,0.1675,466,2172,0.8066,medium
56,123,73,0.0072,1,938,0.1046,342,419,8,0.8817,7.5842,0.1441,343,3837,0.8849,low
46,113,124,0.0428,3,1669,0.2027,227,307,9,1.7224,10.4287,0.2413,213,2413,0.6758,medium
5,174,132,0.0998,9,2449,0.312,86,178,24,2.9248,11.3569,0.3599,642,1083,0.557,high
52,110,123,0.0604,5,1117,0.1681,218,358,17,2.3601,6.4533,0.185,392,2747,0.7098,medium
48,137,111,0.0597,5,1534,0.1369,235,274,11,0.8519,8.2678,0.1538,348,2385,0.6548,medium
28,146,173,0.1111,6,2033,0.28,142,183,15,2.7515,4.5246,0.2738,488,1380,0.3405,high
34,100,171,0.129,9,2338,0.3732,142,155,15,3.6783,11.4593,0.4191,519,1265,0.3841,high
33,124,71,0.0715,5,1056,0.1993,268,336,13,1.3035,11.297,0.233,420,1931,0.6318,medium
28,151,122,0.1432,7,1947,0.3679,149,176,19,2.8462,13.0076,0.3472,727,1110,0.4896,high
27,158,157,0.1436,7,1866,0.3258,125,182,14,2.5619,15.8702,0.3734,697,1092,0.3863,high
46,111,106,0.0603,4,1277,0.1803,223,396,16,0.9975,8.5708,0.1479,448,2215,0.726,medium
64,107,66,0.0208,1,668,0.0722,323,449,5,0.9465,5.0051,0.0506,322,3305,0.7722,low
48,129,102,0.0669,5,1911,0.183,192,371,12,1.8056,6.7882,0.1831,355,2312,0.7434,medium
48,141,107,0.0511,3,1391,0.212,222,310,14,1.3129,10.9697,0.2063,383,1744,0.5926,medium
62,105,98,0.024,1,965,0.0404,334,432,5,1.2177,6.879,0.0333,237,2953,0.7936,low
66,92,85,0.0248,2,1125,0.0663,309,396,5,0.6227,4.3141,0.0379,310,3951,0.8245,low
52,93,75,0.0133,1,877,0.0566,295,373,8,1.4694,5.6753,0.0594,244,3314,0.8172,low
32,169,131,0.0904,8,1714,0.2013,120,164,21,2.1644,13.3533,0.3222,812,727,0.4994,high
25,156,156,0.133,8,1826,0.4106,116,155,14,2.1108,11.3061,0.3951,710,1030,0.37,high
24,188,158,0.1469,8,2372,0.1752,109,10,17,4.1746,11.2904,0.3397,508,1107,0.5272,high
74,116,102,0.0177,2,892,0.0956,296,495,7,0.7225,3.7272,0.1049,287,2932,0.7759,low
27,164,122,0.0666,7,2609,0.2272,130,181,13,2.4092,15.1177,0.3022,665,916,0.2911,high
33,119,92,0.0177,2,1301,0.0953,355,489,7,0.9221,5.8815,0.0795,275,2961,0.8648,low
59,95,83,0.0173,1,736,0.0956,314,441,8,0.6727,5.9978,0.0868,270,3275,0.7753,low
66,101,103,0.0234,1,610,0.0483,327,384,6,0.9084,2.3289,0.0483,191,2592,0.8151,low
64,117,82,0.0166,0,763,0.1622,341,480,3,1.055,10.3771,0.0,258,3868,0.7443,low
59,103,95,0.0296,1,1019,0.0829,282,474,11,0.0366,4.5611,0.0781,198,3914,0.8821,low
56,97,75,0.022,2,824,0.0563,346,510,8,0.5169,7.7161,0.0764,231,2833,0.7596,low
63,108,66,0.0226,1,771,0.1071,340,328,9,1.1664,5.1525,0.0612,342,2740,0.8138,low
29,154,161,0.1069,7,2476,0.3139,146,186,18,4.0056,10.6159,0.3903,611,1196,0.379,high
53,95,67,0.0197,1,620,0.0455,272,349,13,0.5611,7.2698,0.0584,281,3791,0.8253,low
64,91,90,0.0238,1,930,0.0609,364,490,10,0.5805,6.6176,0.0835,198,3176,0.7687,low
36,111,100,0.0566,5,1245,0.1593,192,273,10,1.8256,6.7615,0.1624,348,2090,0.7385,medium
60,87,81,0.0319,1,819,0.0922,280,361,8,1.086,5.7079,0.0418,355,2840,0.7503,low
61,92,86,0.0235,2,768,0.105,332,447,4,0.6836,5.675,0.0783,254,3358,0.8116,low
53,90,72,0.023,1,910,0.0581,308,346,9,0.8216,4.0593,0.0816,326,2892,0.8008,low
28,178,148,0.1228,8,2241,0.3149,74,92,17,4.0556,11.6961,0.2918,728,991,0.3816,high
63,97,85,0.0192,1,1029,0.0807,306,410,10,0.7593,5.9452,0.0457,298,3147,0.8087,low
21,141,149,0.0829,6,1638,0.1925,119,212,18,2.363,13.5428,0.3345,376,926,0.2887,high
15,154,163,0.1424,8,1547,0.404,128,210,18,2.5155,9.6951,0.3278,522,1055,0.4442,high
63,94,81,0.0121,3,906,0.0667,322,440,9,0.7463,4.6356,0.0505,271,3924,0.8639,low
57,109,94,0.0349,1,1021,0.0739,258,470,9,0.5604,4.9769,0.0412,335,3466,0.7918,low
37,126,93,0.0566,5,1557,0.1527,226,192,10,1.4142,9.8357,0.1532,345,2432,0.7342,medium
70,90,71,0.0069,1,935,0.0526,289,446,12,0.8324,7.3554,0.0387,249,3331,0.7919,low
28,174,135,0.1155,9,1710,0.2443,86,216,15,3.7511,10.6238,0.3269,510,1264,0.4361,high
50,124,94,0.0586,2,1157,0.2223,210,273,10,1.1924,7.2616,0.1171,382,2576,0.6054,medium
54,143,98,0.0321,2,1469,0.181,197,349,11,1.4428,13.7227,0.1463,371,2251,0.6632,medium
42,141,116,0.0644,3,739,0.2052,226,308,17,1.3956,6.1646,0.0963,541,2088,0.6964,medium
39,113,102,0.0584,5,1340,0.1504,237,271,18,1.1939,9.52,0.1507,392,2573,0.6811,medium
22,177,134,0.1417,8,1477,0.3474,132,75,20,3.1297,8.7669,0.4356,762,905,0.3339,high
55,101,76,0.0205,2,812,0.0878,296,432,10,1.5263,8.9224,0.0835,327,2784,0.7891,low
63,90,91,0.0199,0,685,0.1097,280,514,8,1.1461,2.6413,0.0858,218,2688,0.8006,low
29,158,116,0.1147,7,2006,0.2885,114,120,19,3.1234,14.8727,0.2494,627,1399,0.2571,high
53,90,64,0.0121,1,1306,0.0629,264,433,8,0.9092,6.0242,0.0615,291,2786,0.8482,low
52,115,92,0.0358,4,1176,0.1865,304,251,6,1.5892,7.5883,0.2103,316,2190,0.7309,medium
28,188,149,0.1452,7,2118,0.2887,97,161,17,3.3072,11.1238,0.3333,723,582,0.3586,high
35,207,131,0.0938,10,2132,0.2713,161,193,20,3.4192,11.632,0.4096,587,936,0.4118,high
22,122,177,0.1191,5,2337,0.3447,85,74,20,2.8672,10.4542,0.3292,725,1508,0.4569,high
36,158,168,0.0804,7,1864,0.3373,96,161,14,2.7246,15.8432,0.2959,748,1274,0.4427,high
47,106,103,0.041,5,1523,0.1553,242,274,8,2.1613,6.0693,0.2164,417,2109,0.6319,medium
28,126,158,0.1005,8,2338,0.2796,107,182,22,3.7383,9.8426,0.251,728,1150,0.5606,high
22,128,204,0.1299,9,2168,0.371,73,200,23,2.2477,12.5061,0.3756,599,1281,0.5572,high
33,105,96,0.0542,5,1321,0.1725,196,295,12,1.7434,11.8075,0.2837,468,2861,0.6343,medium
40,117,113,0.0528,5,1222,0.122,236,249,13,1.8499,8.5168,0.1244,390,2626,0.6843,medium
57,122,77,0.0447,4,1379,0.2072,197,353,14,2.2394,11.9707,0.1732,529,2345,0.6159,medium
22,154,139,0.1266,10,2131,0.3174,129,198,22,2.6665,14.7915,0.4427,685,1278,0.3514,high
35,126,112,0.0402,4,1522,0.1634,209,295,15,1.6751,7.9778,0.2204,375,2040,0.5878,medium
43,105,97,0.0601,4,1120,0.2072,182,322,17,1.7388,8.0303,0.1139,546,2583,0.5765,medium
30,120,118,0.1423,7,1412,0.3196,145,134,13,3.9259,5.7831,0.4,800,1277,0.4801,high
39,84,84,0.0042,1,687,0.0952,311,398,7,0.8816,5.0038,0.0766,208,2754,0.8102,low
44,119,105,0.0595,3,1213,0.1882,227,217,14,1.3829,8.1523,0.1705,352,1859,0.5848,medium
35,121,128,0.0523,2,1145,0.181,216,182,20,1.6045,5.9882,0.2338,320,1694,0.5573,medium
69,93,80,0.0197,2,743,0.0743,308,502,6,0.4084,5.0798,0.0645,320,3380,0.7579,low
32,143,161,0.1683,10,1221,0.4057,130,243,22,4.318,12.114,0.3482,476,1070,0.5263,high
52,94,75,0.0209,1,1026,0.0898,282,499,8,1.1049,4.6361,0.0728,262,3417,0.7973,low
22,179,151,0.0774,6,1851,0.2273,115,112,13,2.6217,19.6556,0.3519,285,1601,0.4214,high
56,81,97,0.0168,1,621,0.071,298,433,8,1.1444,3.2302,0.0713,276,3055,0.8316,low
53,145,115,0.0596,5,1640,0.1821,218,324,10,1.469,9.3195,0.1348,332,1756,0.6148,medium
24,140,134,0.1098,6,2008,0.2453,122,124,20,2.4479,16.6192,0.3757,655,1212,0.4392,high
24,149,127,0.1142,8,1544,0.408,139,127,29,2.4353,11.1268,0.3243,587,1015,0.5081,high
16,176,161,0.1291,9,2517,0.2232,130,161,18,2.9145,10.7916,0.298,742,1081,0.591,high
37,122,113,0.0555,4,1217,0.1572,203,269,4,1.4198,11.115,0.2561,377,1997,0.627,medium
29,152,149,0.1096,9,1692,0.3498,167,157,21,3.4837,16.3387,0.345,521,1676,0.4119,high
21,178,93,0.0969,7,1884,0.3792,110,139,19,3.469,11.9943,0.3616,504,688,0.508,high
34,128,78,0.0466,4,1279,0.1696,235,303,12,1.6761,10.9078,0.1703,456,2477,0.7133,medium
42,101,94,0.0611,3,1274,0.2008,244,183,14,2.4711,7.6258,0.139,342,2174,0.7404,medium
39,103,103,0.0568,4,837,0.1833,258,350,9,1.3568,9.5091,0.2561,438,1763,0.6027,medium
43,124,105,0.0505,4,1393,0.1744,251,369,16,2.0551,9.5538,0.1423,489,2284,0.5848,medium
36,124,105,0.0456,3,1161,0.1687,231,239,16,1.487,7.4145,0.2069,461,1854,0.6692,medium
61,96,75,0.0222,1,675,0.0939,290,420,7,1.0617,4.3673,0.0824,304,2975,0.7099,low
25,158,181,0.1161,8,2229,0.3277,158,157,18,3.2139,17.7688,0.3622,720,990,0.2836,high
63,93,76,0.0087,1,853,0.0875,325,569,7,0.4674,5.5649,0.0751,365,3382,0.8274,low
21,142,144,0.1242,8,2620,0.2945,166,92,17,2.2393,10.3888,0.3585,564,919,0.5017,high
52,129,119,0.0521,2,1324,0.2303,230,340,11,1.6647,10.3721,0.2492,416,1919,0.6001,medium
31,163,126,0.1204,10,2249,0.3385,36,120,19,2.4101,6.081,0.2286,658,1264,0.2809,high
23,132,148,0.1556,7,1272,0.2198,133,162,14,1.9053,17.3496,0.3164,1003,1115,0.5038,high
66,104,62,0.0214,2,801,0.0726,354,362,9,0.5493,5.3175,0.0751,287,2843,0.7887,low
23,163,150,0.1321,9,2194,0.2472,109,174,16,2.9395,16.3946,0.2818,567,1083,0.3041,high
48,129,100,0.0524,2,1463,0.1193,157,212,15,2.2153,9.7399,0.1451,397,1590,0.6212,medium
64,83,83,0.0124,0,792,0.0671,269,462,8,0.802,7.084,0.0854,241,3125,0.7813,low
51,84,80,0.0144,2,780,0.0884,307,500,8,1.1369,4.3546,0.0559,239,3144,0.8545,low
17,172,139,0.084,5,2087,0.3816,90,89,19,2.0087,15.2182,0.2883,604,777,0.4638,high
43,183,161,0.1016,7,2151,0.3591,120,195,13,3.0375,13.4697,0.5172,603,1058,0.398,high
72,113,86,0.0127,1,990,0.1095,330,420,10,0.8453,6.1886,0.0957,314,2767,0.8056,low
64,79,78,0.0209,1,812,0.0806,302,408,7,1.3487,4.0826,0.1102,376,2977,0.8028,low
64,109,81,0.0133,2,940,0.0537,317,453,5,1.1472,5.7797,0.0357,331,2980,0.8391,low
49,98,76,0.0181,2,868,0.0716,305,406,6,0.6631,5.1474,0.0598,261,2505,0.8486,low
66,97,78,0.0283,2,835,0.0788,269,340,10,1.3195,3.378,0.0431,328,3601,0.7467,low
20,154,143,0.0854,6,1679,0.3133,109,127,14,1.0506,10.7822,0.3843,491,827,0.4536,high
63,122,81,0.0557,4,1511,0.228,273,263,20,1.2026,9.166,0.184,553,2391,0.616,medium
67,94,96,0.028,1,593,0.0643,233,412,5,0.9957,5.0404,0.0771,271,3097,0.8514,low
35,125,152,0.1125,7,1911,0.262,108,126,15,3.2542,11.8257,0.3516,617,1105,0.4233,high
30,158,156,0.1136,9,2211,0.3063,136,170,18,4.2102,11.2479,0.2399,525,975,0.5161,high
25,157,150,0.1253,7,2062,0.3335,145,149,21,4.7725,19.2542,0.3593,737,650,0.4248,high
21,153,139,0.1298,8,2154,0.3337,131,168,18,3.1363,7.5696,0.4318,636,1083,0.429,high
52,100,64,0.0154,2,889,0.0678,308,412,7,0.6972,6.4928,0.0667,267,3288,0.8145,low
58,137,103,0.0509,3,1664,0.1824,227,316,7,2.0959,7.4246,0.25,585,1830,0.5831,medium
49,102,100,0.066,3,1434,0.1527,227,323,10,0.9294,6.9641,0.1772,270,2319,0.5918,medium
53,105,108,0.0515,3,1590,0.1973,229,296,10,1.9053,6.0992,0.1247,534,2264,0.7835,medium
25,182,171,0.1445,8,2424,0.3312,100,167,21,2.8173,16.7431,0.3219,651,1748,0.3742,high
23,157,139,0.1378,7,1926,0.241,113,129,23,3.3364,11.225,0.3698,433,986,0.3784,high
50,128,94,0.0616,2,1503,0.2,225,192,14,1.4869,10.8609,0.196,413,2510,0.6215,medium
64,79,87,0.0085,1,678,0.1047,296,360,8,1.2851,6.5375,0.0555,284,4020,0.8795,low
53,125,89,0.0707,4,1249,0.2272,189,335,10,2.2165,9.0703,0.1505,536,1454,0.6804,medium
63,95,83,0.0367,1,723,0.0468,317,408,8,1.2815,3.1953,0.0651,335,3113,0.8328,low
73,105,78,0.0072,1,866,0.1224,331,392,8,0.6748,3.5988,0.0514,354,4045,0.8574,low
13,130,145,0.1237,6,2881,0.2722,100,169,18,4.0691,9.8756,0.3293,866,1253,0.4485,high
20,155,100,0.1152,7,2038,0.3008,142,155,11,3.1995,16.0001,0.3166,721,1168,0.4052,high
30,150,124,0.099,8,2770,0.367,87,89,24,2.37,13.4153,0.3691,594,886,0.3461,high
37,132,108,0.0519,3,1182,0.1771,195,252,15,1.0723,8.4603,0.195,396,1561,0.6295,medium
50,130,86,0.0717,2,1598,0.1758,251,355,13,2.6243,10.388,0.2114,368,2007,0.6226,medium
29,127,113,0.0393,3,1445,0.2353,132,445,16,1.865,6.25,0.1082,400,1999,0.8231,medium
47,98,107,0.0507,3,1103,0.1749,178,354,9,1.9729,6.4847,0.2599,450,1977,0.6603,medium
21,196,145,0.1024,6,3089,0.2507,136,150,17,2.9912,8.154,0.2049,855,1509,0.5468,high
51,125,135,0.0462,4,977,0.1717,225,231,10,2.7658,8.9839,0.1345,513,2304,0.7158,medium
48,102,77,0.0129,2,785,0.0999,332,385,7,1.3168,8.1584,0.1083,327,3348,0.7424,low
43,114,136,0.0524,3,1037,0.1906,315,295,12,1.8394,6.4535,0.2095,269,1623,0.5839,medium
51,89,118,0.0501,5,1594,0.1662,230,198,6,1.6949,8.5909,0.166,484,1805,0.6579,medium
50,88,95,0.0162,1,1045,0.0688,317,432,10,0.8594,7.2802,0.0631,344,3346,0.8314,low
36,77,121,0.0692,2,1330,0.1305,253,405,12,1.6297,12.3263,0.1355,438,1536,0.6564,medium
31,150,136,0.1109,10,3001,0.2788,131,178,14,1.7421,14.2699,0.3435,622,1546,0.383,high
28,143,167,0.1251,6,1549,0.2703,100,175,21,3.5217,15.3647,0.3081,466,867,0.3999,high
27,135,126,0.0721,9,2407,0.2452,127,131,22,3.318,16.3243,0.3821,599,1063,0.3941,high
61,90,73,0.0116,1,972,0.0787,262,338,10,0.9118,5.084,0.0543,275,3693,0.8539,low
32,136,123,0.0923,7,2217,0.2555,149,181,15,2.6058,8.9259,0.3775,351,855,0.4563,high
48,82,90,0.0278,2,770,0.1053,342,403,5,1.0805,4.9139,0.1285,363,2850,0.8032,low
11,157,138,0.1391,7,2699,0.374,129,171,19,2.2381,14.664,0.2614,732,956,0.4556,high
67,114,53,0.0195,1,646,0.0712,284,483,8,0.3758,2.3734,0.0668,358,3122,0.8112,low
24,133,200,0.1299,9,2045,0.3791,71,184,13,3.2475,17.1045,0.2638,625,952,0.4554,high
20,149,120,0.1298,8,1409,0.2833,168,248,18,3.7835,15.5193,0.3805,777,1030,0.4056,high
45,123,70,0.0164,1,720,0.1038,245,477,8,0.69,5.4809,0.0882,280,3813,0.8632,low
66,96,76,0.0148,1,1038,0.0813,292,398,11,0.8034,3.5289,0.0682,260,2822,0.9257,low
59,98,79,0.0162,2,735,0.0906,289,432,7,0.9159,6.1307,0.0629,344,2887,0.8642,low
43,115,114,0.0797,5,1569,0.1581,192,315,16,1.8477,6.5739,0.241,497,2113,0.7041,medium
44,137,120,0.0438,2,1834,0.2353,243,235,15,1.809,10.6466,0.1945,382,2007,0.5326,medium
49,113,115,0.0635,2,1393,0.1207,205,398,11,2.1566,7.8538,0.1654,415,2131,0.5238,medium
35,133,138,0.0549,2,1308,0.1714,182,362,12,2.0905,5.9454,0.1474,408,2712,0.7364,medium
51,114,74,0.0232,2,737,0.1194,337,299,8,0.2771,2.3202,0.0518,274,3337,0.8047,low
30,153,173,0.1186,9,2458,0.3788,144,159,24,2.2449,15.5346,0.317,369,727,0.2978,high
33,167,118,0.1353,8,2495,0.2785,135,196,20,4.1637,15.2107,0.3009,722,1159,0.5284,high
56,81,91,0.0182,1,737,0.1142,295,386,10,0.9131,3.2794,0.0443,318,3086,0.7866,low
34,119,104,0.0572,5,1463,0.203,244,164,13,1.5721,9.8067,0.2534,374,2637,0.7793,medium
24,147,146,0.139,7,1700,0.3812,122,177,19,3.8712,11.8286,0.4268,647,1253,0.3915,high
47,110,110,0.0429,4,1325,0.1703,224,259,15,2.5273,9.0018,0.146,305,1953,0.5657,medium
65,108,81,0.0181,1,817,0.113,310,477,9,1.0954,5.1758,0.0611,213,3601,0.8138,low
66,98,51,0.0222,1,885,0.0731,269,454,8,0.6976,4.006,0.0733,297,3283,0.8091,low
50,99,85,0.0097,2,709,0.0952,308,333,12,0.8166,3.7695,0.0816,288,2545,0.8669,low
24,186,125,0.1511,6,1843,0.3581,137,241,14,3.3444,15.924,0.3354,795,787,0.2929,high
22,166,160,0.1295,5,1820,0.289,125,174,16,1.5466,15.8398,0.424,749,1111,0.4311,high
61,95,86,0.0133,1,892,0.0542,251,662,8,0.8605,4.4403,0.0715,381,2339,0.8175,low
48,105,132,0.0489,4,957,0.2338,220,327,14,2.2693,8.5154,0.1759,310,1667,0.6171,medium
46,107,121,0.0338,3,1595,0.2088,251,300,11,1.8146,8.6855,0.1791,463,1966,0.7323,medium
51,101,86,0.0315,1,1481,0.1442,229,260,15,1.5102,7.8609,0.0896,322,2511,0.7372,medium
19,173,143,0.1371,8,2116,0.4013,114,179,13,2.9625,14.7397,0.2994,413,1314,0.4429,high
59,109,76,0.0159,1,748,0.085,323,389,6,1.0564,7.5394,0.0943,258,3770,0.84,low
69,83,86,0.0135,1,684,0.1123,311,551,11,1.1483,2.701,0.0479,284,3144,0.7947,low
57,76,90,0.0084,2,906,0.0818,264,473,8,0.7205,4.2471,0.0783,277,3325,0.8107,low
44,132,133,0.0664,4,1572,0.1655,210,331,13,1.7935,9.3035,0.1798,312,2125,0.7379,medium
64,110,71,0.0201,1,821,0.0612,357,438,7,1.3778,4.2484,0.0482,349,3174,0.8004,low
34,112,100,0.0372,4,1496,0.2505,183,344,16,1.0274,8.0354,0.1457,405,2450,0.631,medium
61,92,85,0.0186,1,947,0.1155,284,433,11,0.878,6.4049,0.0651,272,2792,0.7805,low
62,96,73,0.0136,1,848,0.0582,301,499,8,0.8621,4.8625,0.0544,303,3081,0.7542,low
42,135,130,0.07,4,997,0.2359,233,178,12,0.2249,8.0407,0.1892,421,1993,0.7371,medium
29,198,158,0.1106,6,2574,0.3106,141,139,17,2.5588,7.6925,0.3708,485,798,0.4909,high
35,142,143,0.1075,8,1976,0.4031,148,209,15,4.591,11.1806,0.4187,726,882,0.5059,high
74,104,83,0.0266,1,621,0.0599,345,445,5,1.4991,4.716,0.0677,376,2673,0.7597,low
37,110,94,0.0672,3,1629,0.2819,199,246,11,1.7996,8.1644,0.174,475,1547,0.6583,medium
64,76,94,0.0217,1,878,0.0903,353,425,5,0.7591,6.2219,0.122,307,2804,0.7813,low
48,109,75,0.0152,1,693,0.0819,358,453,10,0.7123,3.1765,0.0715,336,3028,0.8615,low
23,127,158,0.1059,8,2043,0.2662,66,144,25,2.6641,20.0966,0.3102,592,785,0.3608,high
34,138,107,0.0681,3,1612,0.1543,196,262,11,1.3147,10.7913,0.1511,522,2419,0.6822,medium
17,152,142,0.0903,7,2284,0.4009,139,131,12,3.9365,12.6575,0.399,729,1048,0.412,high
18,155,151,0.1334,7,2746,0.2946,134,202,12,3.9089,16.6741,0.3429,469,666,0.4129,high
60,95,83,0.0257,2,891,0.0833,288,438,8,1.2463,4.5997,0.0704,268,3116,0.8309,low
61,98,83,0.023,1,582,0.0713,244,427,8,1.2929,2.5129,0.0695,247,3390,0.7632,low
35,102,99,0.0631,3,1093,0.2142,231,304,12,2.1775,9.6278,0.1775,431,2043,0.694,medium
43,132,105,0.0542,3,1487,0.1693,231,268,9,1.9327,10.0963,0.1877,299,1539,0.5201,medium
26,149,182,0.0646,9,2220,0.226,98,177,13,3.3891,11.3059,0.2784,723,806,0.4059,high
50,147,114,0.0273,3,1148,0.1918,214,368,12,1.4108,5.7796,0.1474,321,2337,0.582,medium
45,118,117,0.0834,4,850,0.1766,220,312,9,2.0741,8.368,0.0906,529,1976,0.7289,medium
28,149,135,0.0905,8,2209,0.2659,86,233,14,4.678,12.2525,0.3562,426,1050,0.4334,high
70,98,82,0.0217,2,671,0.0597,313,384,9,1.2388,5.7863,0.0534,255,3101,0.7865,low
66,92,97,0.0379,3,1026,0.0734,277,437,6,0.8605,4.1117,0.0402,172,4162,0.8072,low
25,167,160,0.1284,6,1990,0.3314,169,144,20,1.5381,16.8626,0.397,513,1560,0.3362,high
65,95,49,0.0101,1,543,0.0776,289,402,10,1.3117,7.1655,0.0742,266,3411,0.8779,low
66,100,81,0.019,1,793,0.091,316,372,8,1.2381,5.2644,0.0566,276,3122,0.8064,low
69,122,77,0.0092,1,613,0.0894,319,426,8,1.102,2.9039,0.0809,285,2939,0.7229,low
29,164,149,0.1009,8,2054,0.2957,112,176,18,2.9727,13.1198,0.2918,474,741,0.3179,high
17,135,145,0.1579,8,1287,0.4542,86,167,18,3.6569,14.0014,0.3503,544,980,0.3949,high
25,158,153,0.1297,8,2163,0.2141,94,196,20,3.1088,15.9654,0.425,721,1286,0.3462,high
56,120,95,0.0765,4,1411,0.183,228,294,14,2.1843,7.3559,0.1999,453,2189,0.6955,medium
60,105,66,0.008,2,909,0.0649,242,402,8,0.9114,4.3664,0.0938,273,3400,0.7987,low
45,87,81,0.0597,4,1246,0.1999,227,266,9,2.4463,7.9889,0.1899,441,2092,0.6256,medium
17,139,151,0.1021,10,2070,0.3324,99,71,16,2.8877,13.9643,0.4609,671,1152,0.4181,high
62,99,61,0.0234,1,955,0.0981,308,443,11,1.3009,3.6211,0.0521,229,3251,0.752,low
22,160,148,0.1464,7,2065,0.302,131,202,15,3.3052,13.1114,0.3882,478,869,0.3114,high
20,137,161,0.0965,6,2224,0.3327,103,188,18,3.2378,14.2509,0.3522,724,1246,0.48,high
27,135,107,0.0951,7,1243,0.3749,143,114,26,2.8217,17.0831,0.4938,456,842,0.4889,high
41,92,105,0.0101,0,739,0.0524,295,461,7,0.7238,6.2621,0.081,277,2688,0.8432,low
69,106,88,0.0183,1,877,0.0675,299,420,8,0.5315,5.4498,0.0335,315,3273,0.8234,low
42,107,100,0.0618,3,1263,0.1481,222,243,5,1.1546,8.8583,0.1422,302,2435,0.6143,medium
25,156,108,0.129,8,1723,0.2979,152,138,20,3.7381,14.4541,0.3413,489,1025,0.4115,high
18,153,171,0.0985,8,2678,0.3167,122,154,20,4.0175,15.3335,0.314,750,1139,0.4325,high
67,82,64,0.0178,0,880,0.0833,397,555,6,1.0621,2.5906,0.0761,333,3481,0.8336,low
75,90,86,0.0142,1,671,0.0808,379,285,9,0.9182,11.2269,0.0968,239,3918,0.8185,low
25,151,108,0.098,5,2044,0.3159,125,112,21,3.9471,16.3838,0.3211,485,1204,0.4315,high
24,132,158,0.1379,6,2318,0.3966,128,179,23,3.2522,12.5619,0.2924,600,1232,0.375,high
61,85,79,0.0256,1,939,0.0688,322,497,9,1.4185,2.9372,0.0655,327,2828,0.8569,low
23,164,167,0.1003,7,3139,0.1822,66,147,22,2.6143,14.2117,0.2298,465,869,0.4796,high
53,107,73,0.0214,2,674,0.0816,314,463,5,1.681,2.3253,0.081,278,2776,0.7235,low
40,133,115,0.0393,3,1845,0.1449,204,252,11,1.8733,7.9969,0.1741,403,2642,0.653,medium
49,131,111,0.0533,4,1067,0.2182,165,229,13,1.0598,8.7421,0.1382,416,2421,0.5799,medium
49,117,94,0.075,4,1522,0.1532,250,240,8,1.2693,10.793,0.1081,395,1913,0.5176,medium
22,139,141,0.1119,6,1683,0.3015,113,166,20,3.5716,17.4211,0.2403,488,1033,0.4643,high
44,116,122,0.0647,5,797,0.1874,257,294,14,1.2939,11.309,0.1088,442,1560,0.8087,medium
27,138,156,0.1173,6,2253,0.3941,127,167,26,4.7346,15.1628,0.3183,490,1430,0.3956,high
46,113,81,0.0529,4,1620,0.1732,165,274,17,1.3083,9.9415,0.1569,470,2400,0.6027,medium
27,134,128,0.0864,5,1344,0.3367,144,138,15,3.5839,7.6898,0.3401,742,1728,0.3165,high
51,102,97,0.0628,3,849,0.1656,229,310,12,1.2221,9.0894,0.0992,371,1951,0.703,medium
51,118,105,0.0243,4,1445,0.2052,202,247,10,1.6461,14.781,0.1257,335,1990,0.5938,medium
64,90,79,0.0267,1,1004,0.0827,305,368,9,0.4756,5.0946,0.0568,215,2768,0.8064,low
54,107,87,0.0116,2,808,0.064,331,409,8,1.206,6.6112,0.0552,359,1910,0.8379,low
47,118,90,0.0473,3,1557,0.1916,196,340,14,2.8599,14.5938,0.1647,207,1435,0.5779,medium
35,146,183,0.1023,5,2405,0.2101,118,124,17,3.8203,16.5953,0.2686,432,894,0.2785,high
50,118,82,0.0244,1,1297,0.0521,238,401,10,0.6104,3.521,0.0838,268,3278,0.8035,low
42,76,76,0.0162,1,955,0.0793,262,526,6,0.6967,5.1088,0.0983,324,2824,0.8792,low
41,126,103,0.0923,2,1489,0.1053,185,381,11,1.4868,7.355,0.1504,576,1895,0.567,medium
60,92,90,0.0071,1,886,0.0842,313,439,11,0.6923,5.3481,0.0679,230,3110,0.7655,low
32,125,134,0.0931,9,2002,0.291,172,217,13,2.8263,11.107,0.3389,583,811,0.4918,high
40,155,91,0.0716,4,1420,0.1784,279,319,15,1.2805,7.3403,0.1319,189,2117,0.6345,medium
42,95,95,0.0871,4,1097,0.1559,223,299,10,1.9113,7.0715,0.1869,280,2047,0.5033,medium
24,168,137,0.1172,6,1780,0.2732,124,181,19,3.4176,14.0571,0.3137,549,1477,0.4,high
44,103,109,0.0647,3,1263,0.2048,186,239,13,1.256,7.2754,0.185,465,2376,0.7398,medium
22,160,148,0.1426,10,2839,0.3154,72,189,26,3.9991,14.2714,0.3579,543,1181,0.3236,high
36,113,119,0.0701,3,1173,0.1275,212,260,13,1.5368,6.7256,0.1192,338,2227,0.6434,medium
21,147,145,0.0687,7,1556,0.2327,146,128,19,2.833,9.6055,0.3738,370,1201,0.2533,high
41,119,116,0.0318,2,1310,0.1269,224,335,9,1.3565,10.6613,0.1528,482,1768,0.5425,medium
47,136,118,0.0809,3,1527,0.2041,199,252,10,2.1445,12.7946,0.1691,440,2140,0.7213,medium
26,129,164,0.1121,8,2682,0.4134,99,128,22,1.8699,13.3438,0.3942,705,751,0.313,high
27,152,119,0.1201,6,2630,0.3245,81,177,20,2.6002,7.5254,0.3837,711,1517,0.3702,high
39,112,97,0.0656,3,1202,0.095,217,300,12,1.583,11.609,0.2306,417,2094,0.8018,medium
19,130,153,0.115,8,2692,0.3289,107,187,19,1.7921,20.4038,0.3378,354,1395,0.4314,high
40,124,100,0.0603,3,1271,0.183,227,172,14,2.0013,11.8556,0.155,233,3148,0.6123,medium
63,107,111,0.0295,2,892,0.0815,297,351,9,1.2568,6.3393,0.039,325,3177,0.8433,low
20,197,131,0.1179,8,2800,0.3129,92,183,20,2.6959,14.2424,0.3063,423,1310,0.4386,high
20,134,144,0.1281,5,2483,0.29,114,111,11,2.1868,17.3605,0.3336,675,1242,0.3278,high
30,119,87,0.0694,3,1093,0.2134,222,192,7,1.3507,9.9044,0.1707,370,2535,0.5288,medium
60,111,80,0.0161,2,810,0.0713,261,509,7,0.8355,5.8354,0.1036,294,3392,0.8142,low
52,84,88,0.0245,0,804,0.1154,319,390,9,1.1006,3.8224,0.0756,331,2889,0.7371,low
44,121,95,0.0677,2,1466,0.0957,253,380,14,1.3396,7.7704,0.2154,414,1953,0.5689,medium
16,121,131,0.1057,7,1937,0.2953,116,140,20,3.8914,10.6044,0.4439,660,904,0.4416,high
61,107,75,0.019,3,927,0.0739,329,412,5,0.5848,5.026,0.0659,194,2620,0.8552,low
22,165,136,0.0916,9,1966,0.3372,101,152,16,2.5815,18.3597,0.3513,504,1034,0.5004,high
47,106,123,0.073,3,1547,0.137,186,244,11,1.2825,10.6983,0.1891,297,2358,0.6345,medium
68,89,78,0.0224,1,738,0.0757,362,380,10,0.8633,4.8646,0.0693,288,3759,0.7988,low
19,163,157,0.13,5,2087,0.3794,122,197,15,3.2131,12.9657,0.3346,623,836,0.2672,high
52,78,72,0.0177,2,830,0.0877,277,375,7,0.3695,6.792,0.0636,282,3982,0.7478,low
23,171,151,0.1125,10,2870,0.3002,111,248,11,2.4679,8.3453,0.2642,734,1042,0.5436,high
22,174,166,0.1215,5,1892,0.2283,106,123,13,3.8118,14.8789,0.3893,760,888,0.2285,high
38,125,82,0.0666,3,1373,0.2068,226,263,11,1.4818,9.4683,0.1735,529,2481,0.7194,medium
58,66,87,0.0078,2,726,0.0593,315,422,7,0.8656,8.3168,0.0474,284,3536,0.8317,low
73,95,57,0.0266,2,638,0.0781,266,445,9,1.4385,7.3675,0.0736,256,2814,0.8788,low
26,146,144,0.0674,7,2355,0.3099,90,152,21,3.8376,10.6632,0.4422,476,612,0.467,high
33,127,122,0.0617,3,1213,0.1174,264,170,11,0.7747,11.0511,0.2302,303,2502,0.6726,medium
44,107,88,0.045,4,1515,0.2074,223,298,9,1.3003,10.1852,0.1454,428,1728,0.7447,medium
52,101,75,0.0177,0,896,0.067,318,415,5,0.9905,5.1258,0.0664,321,3176,0.7913,low
28,167,141,0.1114,8,2794,0.324,140,185,18,4.0947,10.8988,0.3522,605,996,0.4737,high
48,122,122,0.0733,4,1734,0.1517,257,352,8,2.5626,8.1734,0.1124,396,2403,0.562,medium
50,115,124,0.0594,4,1089,0.1676,216,384,8,1.4617,9.5381,0.1963,453,2499,0.6508,medium
38,122,97,0.0414,4,1448,0.1642,242,358,11,1.967,5.153,0.1155,432,2282,0.5808,medium
47,99,79,0.025,1,730,0.0792,301,479,8,0.8025,4.9053,0.061,306,3029,0.8309,low
32,134,133,0.097,8,2118,0.4016,122,127,15,4.2138,18.7484,0.3094,635,857,0.438,high
53,87,55,0.0151,0,884,0.0941,321,472,10,1.2399,4.7159,0.0807,245,2982,0.7842,low
55,139,117,0.0526,4,1283,0.1541,196,233,6,3.2113,2.9091,0.1417,483,2271,0.6675,medium
32,167,152,0.1242,6,1529,0.3572,98,191,20,3.5539,16.0623,0.3186,565,605,0.4132,high
47,77,89,0.0208,2,776,0.0539,389,354,12,1.1896,5.0162,0.0534,253,3731,0.8141,low
35,120,109,0.0464,4,1526,0.1658,194,292,12,1.2323,10.9333,0.1272,316,1952,0.7177,medium
21,163,143,0.1048,8,1423,0.2087,137,157,21,3.5414,11.5285,0.2768,619,1566,0.3432,high
40,94,110,0.0624,1,1170,0.1386,173,311,9,1.6047,8.6154,0.1661,302,1960,0.6538,medium
61,102,90,0.0073,1,796,0.0653,348,334,10,0.6599,8.4893,0.0852,316,3645,0.7849,low
68,94,87,0.0214,0,737,0.0766,317,465,6,0.6943,4.6482,0.0538,349,2839,0.8182,low
35,144,150,0.1266,8,1638,0.3707,104,228,14,2.5619,16.0265,0.1961,539,1108,0.3549,high
40,124,91,0.0483,3,1270,0.1824,261,261,10,2.0589,10.1075,0.1432,445,2364,0.6341,medium
63,89,68,0.0107,1,927,0.0811,271,390,6,0.8505,4.6392,0.0558,375,2907,0.8746,low
37,172,138,0.1618,6,1680,0.1803,169,204,21,4.0028,14.8278,0.369,513,1265,0.3681,high
53,92,66,0.0064,0,905,0.1214,285,412,9,0.8426,4.9647,0.1033,232,3234,0.8967,low
46,136,104,0.0642,3,663,0.1664,206,246,15,1.5626,6.1545,0.1363,451,2195,0.6277,medium
43,109,81,0.0515,4,1484,0.2218,196,347,14,2.0315,9.3371,0.2057,444,2031,0.7525,medium
34,121,110,0.0397,4,1625,0.1979,146,442,14,1.5874,5.5601,0.1039,398,2095,0.7064,medium
55,100,81,0.0305,2,1071,0.0559,338,498,8,0.8222,5.1045,0.0619,272,2780,0.7816,low
39,162,108,0.1087,7,2539,0.3334,161,164,12,3.1651,17.1661,0.3176,574,875,0.4703,high
29,154,166,0.1169,8,2118,0.254,86,183,17,3.1217,15.3732,0.3125,458,1013,0.5655,high
43,105,127,0.0478,3,1327,0.1646,283,384,11,0.8912,7.8122,0.1754,322,2244,0.6617,medium
17,146,155,0.1036,8,1748,0.2834,120,202,14,2.5305,9.5895,0.4198,343,1057,0.3838,high
34,120,113,0.0631,4,1359,0.1881,207,295,12,1.6469,8.5276,0.1363,433,1716,0.5918,medium
37,110,107,0.0612,4,1858,0.2085,203,305,14,1.5595,7.2281,0.1434,345,2275,0.5461,medium
35,176,131,0.149,7,1771,0.3497,162,130,19,3.8916,10.6136,0.4216,695,1171,0.3664,high
50,92,82,0.0235,2,939,0.066,317,370,7,0.6829,3.7136,0.0603,203,2967,0.7428,low
48,150,73,0.0519,4,1536,0.1358,265,305,8,2.2092,9.9146,0.1611,511,1394,0.68,medium
19,154,146,0.0453,6,1716,0.2972,137,153,16,3.3583,14.13,0.3246,609,813,0.4923,high
64,96,72,0.0146,0,549,0.0531,381,296,7,1.5424,5.3573,0.0773,246,2877,0.8214,low
21,148,149,0.1003,8,1529,0.3574,113,153,15,3.34,14.2963,0.3642,666,993,0.4054,high
44,111,112,0.0447,3,1343,0.2348,243,235,11,1.2539,5.6377,0.1254,528,2352,0.5992,medium
51,89,136,0.0785,3,1251,0.1155,162,337,15,2.0029,8.4106,0.1585,489,1879,0.6579,medium
51,115,108,0.0379,4,1727,0.1493,269,311,11,2.4175,11.8584,0.1524,486,1918,0.72,medium
25,153,133,0.1368,6,2236,0.4152,115,151,18,2.7516,14.9476,0.3958,618,1283,0.4765,high
32,133,146,0.056,6,1488,0.3664,158,177,16,2.7729,15.9724,0.3885,674,1206,0.4503,high
43,122,104,0.0455,4,1482,0.1555,245,231,16,0.9857,10.561,0.1291,226,2370,0.6815,medium
16,150,128,0.1104,4,2776,0.2338,119,112,17,3.6701,11.4376,0.468,628,1342,0.3467,high
55,77,54,0.0186,0,649,0.0826,245,445,10,0.693,2.5848,0.0,297,3405,0.762,low
52,108,91,0.0438,4,1404,0.1377,191,279,10,1.4745,7.2266,0.0831,340,2100,0.7761,medium
24,141,133,0.0928,9,1658,0.4108,85,213,18,3.5754,15.0275,0.3093,448,1445,0.3543,high
65,88,74,0.0225,0,828,0.0587,292,547,5,0.8389,6.6345,0.0636,346,3573,0.8317,low
36,179,116,0.1203,7,1340,0.3399,64,162,20,2.2101,15.8434,0.3399,675,862,0.348,high
65,98,74,0.0159,2,760,0.0509,305,306,2,0.2932,5.0877,0.0862,168,3618,0.7384,low
51,126,85,0.043,5,896,0.1632,224,341,9,2.0192,11.4183,0.1572,345,2668,0.6858,medium
30,119,114,0.0538,3,1529,0.2496,217,342,16,1.9573,11.6945,0.2293,532,1739,0.6524,medium
46,139,111,0.0496,4,1420,0.1509,190,290,15,0.939,7.6052,0.212,387,1788,0.7219,medium
52,83,68,0.0183,1,677,0.056,293,414,7,0.668,6.2308,0.051,239,3404,0.8177,low
53,96,85,0.0128,1,865,0.0856,255,463,11,1.2892,4.7375,0.0277,276,2994,0.7955,low
52,91,106,0.0582,4,1615,0.1785,240,333,15,2.1191,8.1842,0.1411,542,1919,0.6263,medium
65,88,88,0.0177,1,844,0.1093,310,541,6,1.1869,4.1466,0.0446,281,3152,0.7557,low
53,122,97,0.043,3,1460,0.185,241,363,9,1.7405,10.04,0.1361,287,1833,0.5652,medium
20,150,132,0.1023,9,1837,0.2984,113,176,12,3.6311,10.7132,0.3728,491,1072,0.4007,high
71,103,70,0.022,3,1269,0.0724,319,453,11,0.9997,4.5543,0.0643,346,3337,0.842,low
53,96,91,0.0267,1,811,0.0724,363,514,8,0.6245,8.2313,0.071,209,3539,0.7982,low
55,95,77,0.0158,1,749,0.0705,330,466,8,0.908,4.9705,0.0996,170,3369,0.7898,low
67,86,64,0.0233,3,905,0.0722,277,423,2,0.9347,3.8041,0.0554,314,2609,0.8204,low
20,185,149,0.1074,9,2237,0.3572,135,152,24,4.0822,11.3539,0.3718,710,1200,0.4402,high
40,102,94,0.0607,5,1352,0.161,247,305,9,2.83,7.534,0.1199,275,2316,0.6102,medium
59,103,73,0.0206,0,837,0.071,295,413,9,0.7211,3.8636,0.0909,334,3064,0.8181,low
40,105,80,0.1137,7,2499,0.3184,136,166,15,2.1254,15.7523,0.3,545,1120,0.4475,high
44,100,89,0.0619,3,1396,0.2001,191,281,12,0.964,8.4059,0.199,467,1948,0.6534,medium
50,82,88,0.0202,1,888,0.0508,381,368,7,0.6678,3.794,0.0663,295,3206,0.8278,low
43,136,117,0.0619,3,1305,0.1637,186,243,14,2.1803,8.3492,0.1711,335,2189,0.6792,medium
52,136,110,0.0547,3,1050,0.1821,171,280,12,2.3575,9.7751,0.2208,220,2099,0.6173,medium
79,92,93,0.0219,2,1062,0.0815,295,351,10,0.884,3.6272,0.0583,269,3389,0.8862,low
23,161,133,0.1012,7,1352,0.4168,92,218,20,3.1043,17.8909,0.2885,684,1298,0.3698,high
39,111,134,0.0416,4,1218,0.1446,205,315,17,2.198,10.7398,0.1828,584,1855,0.6625,medium
46,91,86,0.0428,5,1620,0.1887,196,300,20,2.1394,6.7567,0.23,489,2049,0.6319,medium
65,96,80,0.0136,2,680,0.1005,362,455,7,0.9569,5.0452,0.0773,282,3533,0.8706,low
63,96,82,0.0248,1,822,0.0732,314,432,8,0.8648,5.5553,0.0856,296,2902,0.9179,low
23,161,149,0.1339,7,2188,0.3001,149,109,12,3.8436,17.7709,0.3783,703,1223,0.3873,high
26,130,146,0.0571,5,2396,0.2323,90,142,19,2.9173,12.4801,0.3698,549,1264,0.4874,high
53,67,81,0.0108,2,735,0.0969,335,456,10,0.6471,2.395,0.0577,251,3000,0.7727,low
59,97,79,0.0134,1,404,0.0709,297,375,8,0.8304,2.8381,0.0523,281,3337,0.8951,low
46,115,102,0.0588,3,1448,0.1629,229,283,16,1.5971,7.1923,0.1742,349,2015,0.6165,medium
19,132,185,0.0737,8,1191,0.3386,139,147,21,3.589,16.1112,0.2941,673,1077,0.2446,high
32,154,167,0.0726,7,2039,0.4303,117,208,14,2.512,13.2241,0.3964,568,1359,0.4197,high
38,125,105,0.0664,4,1202,0.2532,188,400,12,1.366,9.046,0.1972,251,1587,0.5649,medium
62,93,93,0.0229,2,738,0.0999,316,456,10,0.8501,8.2775,0.0502,323,2658,0.7888,low
70,77,102,0.0259,1,530,0.0616,277,541,9,1.1009,4.5165,0.0508,215,2565,0.7505,low
45,107,104,0.0592,3,1688,0.1784,177,349,8,1.8704,8.0169,0.1658,315,2834,0.7507,medium
64,92,60,0.0152,1,1116,0.0369,350,444,8,1.2134,7.0031,0.1071,319,2882,0.8066,low
52,105,94,0.0221,2,733,0.0709,293,412,7,0.956,5.0277,0.0785,182,3077,0.8205,low
45,125,96,0.0578,4,1521,0.2304,195,323,10,1.0195,6.4087,0.1196,393,2350,0.7551,medium
62,86,80,0.0163,1,1106,0.1092,360,533,8,1.3758,3.813,0.0744,301,3149,0.765,low
46,131,95,0.0703,4,1800,0.2372,222,323,13,2.3636,10.9049,0.1273,387,2133,0.6858,medium
46,139,90,0.0597,3,1246,0.2048,217,239,15,2.735,10.3867,0.1705,377,1586,0.627,medium
17,113,134,0.0743,7,2421,0.2685,70,176,15,2.68,13.9732,0.3195,877,667,0.5576,high
63,103,79,0.0042,1,572,0.0599,254,426,9,1.3402,4.3047,0.0409,314,2937,0.8404,low
74,90,92,0.0145,1,871,0.0821,303,395,5,1.199,3.2025,0.094,262,3361,0.8144,low
27,149,143,0.1096,7,2462,0.2047,111,127,20,0.3018,12.8827,0.3045,456,973,0.488,high
66,97,77,0.0107,2,884,0.088,283,401,10,1.1449,6.0936,0.0729,316,3023,0.8069,low
23,191,166,0.0892,8,2290,0.3316,160,148,16,3.2897,12.6612,0.1493,454,1586,0.4815,high
64,105,81,0.0203,1,895,0.0736,350,417,11,0.8832,5.3386,0.0705,253,3071,0.7392,low
62,92,84,0.0396,1,1047,0.0998,308,336,7,0.7926,3.1331,0.0727,229,2491,0.8196,low
69,82,74,0.0372,2,1037,0.0268,324,274,8,0.9921,2.8343,0.0853,265,3093,0.6768,low
64,99,106,0.0114,2,868,0.1016,271,316,8,1.1796,3.2937,0.0844,397,3640,0.6648,low
66,84,90,0.0278,0,867,0.0839,357,433,6,0.9002,5.5025,0.0664,303,3149,0.8373,low
52,113,70,0.0048,1,730,0.1111,322,428,4,0.8382,6.912,0.0923,374,2955,0.8394,low
41,165,121,0.0172,5,1232,0.1455,196,334,14,0.473,6.8194,0.1454,442,2097,0.6048,medium
24,125,167,0.1053,5,1741,0.32,96,193,16,1.6636,17.8803,0.2722,712,886,0.4701,high
48,120,114,0.0487,4,1531,0.2651,237,267,9,1.6736,6.2233,0.1638,393,2039,0.659,medium
52,109,103,0.0581,4,1144,0.1904,198,279,11,2.0134,10.1655,0.2671,507,1736,0.6565,medium
35,186,117,0.1464,10,2297,0.3558,157,156,18,1.9243,10.3939,0.3434,541,1018,0.3136,high
19,162,157,0.0529,6,1909,0.3774,125,149,20,4.5256,14.4309,0.373,640,933,0.4283,high
73,91,70,0.0195,1,888,0.0733,330,407,7,0.6337,3.8239,0.0666,320,2675,0.8613,low
24,173,118,0.0879,5,2881,0.3385,140,214,18,2.4562,15.8898,0.3965,661,1193,0.3681,high
64,84,71,0.0196,1,563,0.1022,302,499,8,0.9568,4.5268,0.1092,373,3368,0.7374,low
70,109,84,0.0023,2,899,0.0474,272,484,9,1.2379,5.3654,0.0822,233,3333,0.8078,low
38,127,116,0.0537,3,1278,0.2258,228,277,13,2.0866,9.7759,0.2156,507,2743,0.6998,medium
46,122,89,0.0794,4,1391,0.1618,236,237,9,0.9056,8.315,0.1598,451,1628,0.6276,medium
64,104,95,0.0118,1,919,0.1084,304,409,8,1.2259,3.0213,0.1085,290,2846,0.8527,low
24,146,125,0.082,5,2311,0.2465,125,182,15,3.5271,11.4003,0.3146,728,1235,0.4475,high
56,90,88,0.0241,1,905,0.0187,258,443,6,0.9609,5.4076,0.0766,253,3057,0.8659,low
50,136,131,0.0696,4,1681,0.2443,222,209,10,1.9174,6.3691,0.19,501,1871,0.8195,medium
61,90,84,0.023,2,1064,0.0799,324,481,8,0.7291,6.9151,0.0615,251,2904,0.7686,low
33,119,109,0.0178,4,1175,0.2254,234,319,8,1.6059,5.6341,0.1494,470,2275,0.5984,medium
54,120,116,0.052,3,1389,0.1686,251,317,16,1.4062,8.9798,0.2047,324,2450,0.539,medium
19,162,173,0.1293,9,2421,0.2748,90,127,20,3.6983,15.9506,0.3135,375,719,0.2269,high
25,133,133,0.0928,7,2308,0.3379,85,106,18,3.0836,14.9771,0.3081,733,1267,0.4011,high
16,160,172,0.1013,7,2052,0.1652,92,159,15,3.5812,13.0264,0.4097,598,1392,0.5109,high
50,119,105,0.0635,4,1332,0.1866,217,292,6,2.0312,9.1255,0.1856,364,1755,0.6327,medium
32,140,172,0.1272,9,1873,0.3558,136,107,15,2.1713,18.6281,0.2883,635,1108,0.4529,high
31,155,134,0.1215,10,2048,0.3086,104,111,21,2.677,15.3818,0.4326,658,1029,0.4037,high
21,144,141,0.1444,6,2480,0.2852,141,130,8,3.1422,17.8981,0.4051,564,1174,0.2473,high
31,154,156,0.1193,2,2095,0.3646,136,147,19,4.119,14.5488,0.3491,627,1012,0.3483,high
45,127,122,0.0443,3,726,0.1404,212,394,14,2.0888,7.2059,0.0776,431,1738,0.7703,medium
45,122,114,0.0654,3,1289,0.0776,229,301,8,2.6513,11.0455,0.1546,444,2248,0.6854,medium
24,144,115,0.0961,7,2290,0.3914,102,234,11,2.7945,10.8411,0.3438,584,1370,0.3472,high
44,123,115,0.0331,4,1230,0.1709,213,374,16,1.2846,10.0824,0.2207,444,2260,0.7071,medium
36,160,154,0.1209,5,2244,0.3448,182,132,20,1.7232,21.836,0.3562,456,864,0.4477,high
59,84,80,0.0166,0,644,0.0911,303,342,11,0.7236,4.1069,0.0614,242,3361,0.84,low
28,165,132,0.1249,5,1612,0.3325,131,162,14,1.6112,14.9672,0.449,519,1328,0.48,high
50,95,103,0.0231,1,950,0.0659,219,356,10,1.2171,4.9372,0.0748,289,3756,0.8503,low
50,112,126,0.0501,3,1374,0.2142,238,341,12,1.1813,7.4015,0.2465,433,1928,0.5391,medium
69,99,82,0.0124,0,696,0.0684,312,344,8,0.7391,6.6206,0.0761,194,3000,0.7923,low
85,93,79,0.0241,1,869,0.1163,342,499,11,0.4885,5.0949,0.0575,273,3302,0.8921,low
46,108,109,0.0591,4,1584,0.186,207,228,10,1.7101,9.217,0.1284,530,2065,0.5834,medium
51,142,105,0.0394,2,1632,0.1904,217,307,13,1.4286,8.4218,0.0933,275,1591,0.6466,medium
24,134,152,0.1071,7,2005,0.177,104,185,18,1.7715,10.465,0.2346,379,909,0.4318,high
33,135,103,0.0638,2,1256,0.1414,193,347,18,2.0038,10.6527,0.2167,410,1991,0.6538,medium
42,111,108,0.0596,4,1785,0.1353,238,282,13,1.5802,12.3541,0.159,338,2113,0.676,medium
26,154,176,0.1889,10,1366,0.3159,155,188,17,3.6303,17.583,0.2952,736,1183,0.4839,high
67,89,81,0.0256,1,972,0.074,294,471,10,0.6756,3.8865,0.0283,294,3417,0.8799,low
60,94,94,0.0008,0,833,0.0242,298,367,6,1.1919,0.8172,0.0556,291,3674,0.7904,low
21,154,120,0.0735,6,2778,0.289,139,169,17,3.3444,12.3707,0.2943,698,861,0.4315,high
37,123,121,0.0714,2,1772,0.1159,236,357,15,1.3674,8.0397,0.1397,448,2519,0.6033,medium
68,68,87,0.0227,1,350,0.0719,346,386,10,0.743,2.8135,0.0558,244,2977,0.8816,low
55,82,77,0.0175,1,825,0.0861,303,417,6,0.9884,5.8784,0.0706,307,2809,0.7791,low
29,178,167,0.0779,9,2222,0.4325,151,176,22,3.1892,14.4479,0.3265,546,1040,0.5995,high
34,101,126,0.0542,3,1146,0.133,207,306,12,1.5667,7.9605,0.2027,610,2176,0.7099,medium
27,169,133,0.1306,9,2512,0.3627,124,263,16,3.1583,15.6462,0.3406,505,1009,0.417,high
58,86,98,0.0108,1,754,0.0842,295,360,10,1.0088,4.5477,0.0724,290,3408,0.8183,low
44,92,121,0.0778,5,1089,0.1856,249,468,12,1.4768,11.2507,0.2047,306,2340,0.4556,medium
34,135,186,0.1293,7,2107,0.3425,95,97,25,2.6152,11.5581,0.3928,751,1293,0.4193,high
41,111,125,0.0501,4,1484,0.1568,242,240,15,2.6176,7.7268,0.1861,449,2183,0.6451,medium
61,88,88,0.0235,2,805,0.053,311,420,7,1.0022,4.7889,0.0234,295,2506,0.7748,low
36,133,165,0.1526,7,1694,0.3539,150,220,12,4.1759,12.7837,0.3667,451,1208,0.3835,high
66,74,77,0.0175,1,549,0.099,309,339,10,1.2523,5.6208,0.0546,303,3057,0.8008,low
47,111,126,0.0432,2,1407,0.2038,232,369,16,1.7188,9.004,0.1512,584,2521,0.6452,medium
41,115,92,0.0608,3,1474,0.1758,243,384,13,2.2138,13.1878,0.1952,330,2819,0.8363,medium
49,124,113,0.0676,3,1215,0.1576,254,337,10,2.5676,11.3431,0.178,395,2196,0.7444,medium
49,105,81,0.0512,4,1301,0.1969,232,423,10,1.5781,9.9426,0.2021,392,2056,0.6422,medium
18,143,117,0.1063,7,2610,0.2937,82,136,17,2.8181,18.1901,0.3106,630,1440,0.3661,high
20,189,132,0.1423,9,2383,0.283,129,158,18,2.1341,9.0936,0.235,630,861,0.4704,high
10,175,145,0.0799,8,1614,0.2849,111,125,15,2.7726,12.4988,0.2128,851,1072,0.3128,high
18,157,114,0.0921,10,1972,0.2974,105,136,19,2.6224,13.527,0.3448,668,1089,0.2998,high
32,169,159,0.0842,9,1949,0.2887,157,103,13,1.7606,9.3075,0.3454,622,731,0.4137,high
22,137,123,0.1036,6,1759,0.2369,89,156,13,1.5325,10.3239,0.4019,614,1133,0.2841,high
45,106,98,0.0481,3,1335,0.1709,236,415,13,1.5882,5.1649,0.1699,293,1999,0.634,medium
44,150,119,0.0483,3,1503,0.2025,179,206,14,1.6666,7.1249,0.0927,411,1533,0.6599,medium
28,173,127,0.0926,10,2634,0.3653,117,161,18,2.2407,10.8793,0.3691,544,910,0.5064,high
18,163,164,0.1053,6,2146,0.3287,159,136,14,4.0119,14.5475,0.2658,397,1733,0.3848,high
9,186,131,0.1306,6,2249,0.2703,92,257,18,3.7605,17.2123,0.2902,725,1129,0.4335,high
26,147,154,0.116,7,2745,0.1826,110,95,22,3.5616,15.3311,0.3578,671,1065,0.4444,high
17,153,170,0.1094,8,1848,0.193,192,196,22,2.2699,15.8421,0.2889,566,1522,0.4624,high
54,104,83,0.0201,1,821,0.0427,305,519,6,1.2115,3.7748,0.0938,182,3058,0.8366,low
62,103,62,0.0158,2,931,0.0784,375,399,6,0.7175,1.575,0.0903,294,3433,0.8906,low
76,90,90,0.0149,1,1001,0.0904,353,393,10,1.0926,4.6693,0.0933,330,3202,0.7507,low
28,139,142,0.1516,9,2497,0.198,143,138,20,2.5779,15.1148,0.2621,689,1321,0.2622,high
28,142,165,0.0955,8,2263,0.2769,116,181,23,3.2853,13.6087,0.4125,428,923,0.4543,high
73,92,78,0.0158,1,699,0.1014,325,420,9,1.0112,6.1839,0.0478,279,3136,0.789,low
32,152,115,0.1147,8,2043,0.3394,138,135,14,2.3239,12.979,0.3872,637,1553,0.4217,high
59,102,98,0.011,0,894,0.0,295,441,4,1.2001,7.8932,0.0851,156,3524,0.8395,low
23,174,172,0.1023,6,1817,0.3181,118,205,20,3.1472,16.8155,0.3583,741,1375,0.2987,high
39,116,123,0.0721,5,1164,0.2493,286,161,12,2.8199,10.7292,0.2216,330,2387,0.7982,medium
41,115,116,0.0563,4,1348,0.1597,244,257,12,3.1036,8.9294,0.1191,469,2086,0.5365,medium
23,169,154,0.1022,7,1329,0.3205,173,238,16,3.8363,18.5271,0.4793,501,873,0.3872,high
42,132,95,0.0559,3,1475,0.1878,214,318,13,0.9669,8.4587,0.2605,373,1337,0.588,medium
28,174,167,0.0999,7,2123,0.2674,103,162,18,2.667,16.0543,0.311,585,988,0.4043,high
47,110,87,0.0524,4,1141,0.1833,189,223,7,1.6054,10.0845,0.145,367,2731,0.6477,medium
29,152,153,0.1232,10,2150,0.2332,147,200,16,2.6589,14.5497,0.3611,634,1339,0.3755,high
17,123,150,0.0944,9,2676,0.2955,122,121,15,2.7882,15.0222,0.3433,746,1029,0.3179,high
47,128,112,0.0729,2,1505,0.147,235,315,13,2.9042,9.6805,0.1451,417,2064,0.6946,medium
23,151,121,0.0682,8,1637,0.3037,121,241,12,2.0362,17.881,0.3188,643,1490,0.3697,high
35,181,152,0.0981,9,1384,0.3839,103,193,18,2.4608,10.694,0.4004,514,1465,0.395,high
28,159,126,0.1435,8,2263,0.3299,136,199,27,3.0851,7.7551,0.3087,708,1158,0.3801,high
36,172,117,0.0683,7,2165,0.2755,112,145,16,2.5263,14.4554,0.3681,592,1470,0.5137,high
25,164,102,0.0648,7,1759,0.2235,96,117,14,3.9578,11.8669,0.2909,555,1396,0.2832,high
61,81,74,0.0336,2,953,0.0981,307,470,8,1.0381,3.6131,0.0594,275,3301,0.7929,low
52,96,74,0.0204,1,841,0.1051,326,395,7,0.1958,1.7647,0.0946,337,3382,0.7172,low
21,166,142,0.1184,4,1770,0.6224,112,40,19,2.9232,12.4876,0.4161,720,1482,0.5057,high
46,114,103,0.0577,2,1574,0.2042,204,438,10,1.1155,11.0411,0.2044,565,1897,0.6304,medium
30,129,130,0.0513,6,2454,0.2983,126,202,15,3.6878,8.7667,0.3577,693,1258,0.5033,high
38,134,120,0.0545,4,1670,0.2505,188,304,15,2.0249,8.4995,0.2022,437,1820,0.6468,medium
50,133,98,0.0621,2,1304,0.1921,257,263,12,1.5546,4.9111,0.1385,343,2195,0.7301,medium
65,81,67,0.0105,1,739,0.078,271,435,12,1.144,1.5937,0.0918,322,3515,0.8057,low
33,152,140,0.0898,7,1970,0.256,100,129,6,2.9804,13.2646,0.2149,534,651,0.4397,high
27,183,160,0.0813,7,2330,0.203,109,115,15,2.8186,13.2363,0.3731,570,1323,0.6309,high
22,128,184,0.1231,5,2565,0.1878,112,160,16,3.0624,14.3563,0.2974,519,1180,0.4814,high
38,140,167,0.0751,7,1961,0.3348,154,192,12,3.3429,11.1469,0.3418,509,1020,0.4324,high
54,100,72,0.0266,1,921,0.0693,303,409,10,0.5425,3.2652,0.0872,279,2438,0.8559,low
22,188,126,0.1007,9,2107,0.2194,115,84,16,3.5422,13.4136,0.3032,595,1230,0.2466,high
63,81,61,0.0095,0,823,0.0773,290,453,7,1.1516,8.026,0.0755,306,2806,0.8711,low
34,124,142,0.0737,9,2509,0.4199,130,199,17,2.5459,20.6722,0.2763,1031,1383,0.4072,high
64,98,77,0.0169,0,910,0.0936,296,404,8,0.8667,6.979,0.0695,198,3405,0.8628,low
26,137,146,0.0958,9,1316,0.3239,145,119,21,2.1629,18.3014,0.3481,715,999,0.4813,high
22,175,181,0.1016,5,2214,0.4236,102,204,18,2.6829,11.7897,0.3037,787,1370,0.4542,high
60,97,75,0.0149,2,779,0.0693,401,382,12,0.6509,5.1959,0.0886,291,3855,0.8714,low
26,163,161,0.0816,9,1982,0.3178,95,149,18,3.5582,18.0142,0.2191,564,992,0.3442,high
22,153,143,0.1017,10,2279,0.3077,158,115,17,3.518,18.7524,0.3924,862,1087,0.4497,high
45,112,117,0.0715,4,1867,0.2092,156,364,8,2.2647,10.8829,0.0856,362,1836,0.6933,medium
45,123,94,0.0512,3,1616,0.1523,220,359,6,1.9916,8.4935,0.1702,405,2067,0.7188,medium
62,103,84,0.0308,1,812,0.0727,271,401,12,1.2067,4.3076,0.0379,265,3592,0.7691,low
54,143,113,0.0467,3,2044,0.1438,210,343,16,2.1835,15.6972,0.1299,402,2785,0.5787,medium
64,98,83,0.0184,1,1053,0.0832,258,528,5,0.8295,6.6283,0.0527,335,3618,0.8296,low
35,99,115,0.0602,3,1323,0.1076,194,182,16,1.8338,7.8994,0.1692,387,2888,0.6873,medium
45,86,112,0.0401,4,1128,0.1254,223,264,14,2.3,9.3019,0.1691,237,2282,0.5349,medium
53,125,117,0.0431,3,1293,0.2485,178,296,14,2.0446,10.796,0.1607,611,2639,0.562,medium
11,177,144,0.1053,8,2490,0.2597,130,157,10,2.536,17.3113,0.4016,656,857,0.5794,high
70,78,80,0.0213,2,713,0.0742,258,445,12,0.7556,2.6989,0.0604,332,3107,0.9417,low
32,122,172,0.0852,6,2000,0.1647,108,207,28,2.049,15.6875,0.2591,640,1211,0.5248,high
57,78,82,0.0282,2,877,0.0845,310,416,8,0.791,3.9939,0.086,329,3176,0.8818,low
41,146,102,0.0845,4,1461,0.1748,205,344,10,1.4336,6.1871,0.2279,222,2165,0.6511,medium
36,144,162,0.1133,8,1833,0.2843,121,207,22,4.2694,13.3937,0.2988,693,925,0.3436,high
18,126,162,0.0587,5,2330,0.3293,151,155,24,2.2449,16.4439,0.3352,549,1080,0.5066,high
42,141,120,0.0579,3,1629,0.2196,212,263,14,2.478,8.6489,0.1777,333,2466,0.7944,medium
23,157,153,0.1365,8,1840,0.4359,87,124,25,4.05,8.4686,0.4293,754,1331,0.4166,high
53,99,74,0.0305,2,711,0.0509,298,338,10,0.8015,5.7724,0.0732,300,3839,0.7805,low
21,168,153,0.1156,9,2056,0.2963,117,230,12,2.4555,18.4579,0.325,661,1071,0.4216,high
32,127,159,0.0736,6,2226,0.3734,138,204,24,3.1795,16.8707,0.3336,654,1024,0.4237,high
59,82,73,0.0203,1,784,0.1081,309,454,12,1.12,5.0871,0.0569,237,3880,0.8532,low
22,134,111,0.0353,6,1596,0.2567,138,180,12,3.8295,13.6953,0.3109,596,905,0.3616,high
30,164,132,0.0904,6,1469,0.3991,136,240,27,2.228,12.0959,0.1766,697,1050,0.4761,high
24,199,160,0.0629,6,1796,0.3384,76,106,17,3.5313,18.8626,0.3813,517,1136,0.5159,high
48,136,113,0.0362,3,1198,0.1204,230,191,13,2.5924,6.787,0.1398,455,2646,0.6238,medium
63,80,62,0.0245,1,747,0.1174,329,446,7,1.0048,4.7927,0.0791,305,3574,0.8124,low
27,120,152,0.1144,5,1951,0.4051,92,135,17,2.75,12.9363,0.3427,561,1188,0.2807,high
55,102,102,0.0223,1,875,0.0667,277,380,6,0.4093,5.6987,0.0513,216,3634,0.9065,low
41,116,115,0.0387,3,1430,0.2226,171,314,14,1.1809,8.185,0.1846,235,2220,0.656,medium
21,150,159,0.0913,6,1838,0.2312,130,149,24,2.8419,18.1753,0.3642,667,1305,0.344,high
35,114,109,0.0766,4,965,0.1489,215,261,9,2.6514,9.2799,0.132,383,2039,0.6128,medium
27,157,144,0.0877,9,2236,0.3126,105,147,18,3.9386,15.6697,0.3601,568,1076,0.4227,high
36,129,86,0.0519,5,1452,0.1853,227,230,12,2.2367,7.1907,0.1838,343,1703,0.5197,medium
64,76,106,0.0211,1,709,0.055,302,416,8,0.7848,4.6343,0.0557,249,2988,0.7719,low
38,120,96,0.0594,4,1228,0.1678,219,320,12,1.5615,6.9858,0.1613,411,2167,0.5829,medium
52,96,90,0.0147,2,927,0.0585,340,408,7,0.7306,5.4203,0.0607,204,3207,0.8653,low
28,182,134,0.1159,7,2261,0.3678,165,151,20,4.1709,15.4377,0.3739,615,1407,0.4094,high
51,100,85,0.0045,1,774,0.0471,289,488,14,1.1115,7.1112,0.0793,296,3809,0.8833,low
74,98,78,0.021,0,1026,0.0583,328,386,4,0.7614,5.4305,0.066,340,3118,0.8826,low
36,112,84,0.0671,6,1687,0.2273,182,268,14,2.5746,4.7245,0.1334,502,1990,0.6552,medium
26,176,122,0.1106,8,2043,0.2322,116,196,11,2.269,15.9606,0.4478,496,832,0.4058,high
67,92,80,0.0224,1,738,0.0885,332,348,13,1.1493,3.8626,0.0814,231,3120,0.8676,low
36,81,109,0.0654,3,1433,0.1753,231,320,7,2.1146,10.4515,0.2015,420,2489,0.5602,medium
56,94,73,0.0107,1,807,0.0552,332,402,7,0.5976,5.9509,0.0809,252,2885,0.9082,low
31,150,119,0.0948,5,1959,0.324,116,112,21,2.6786,19.2956,0.3519,663,983,0.439,high
20,184,152,0.1069,8,1760,0.308,142,246,8,2.6569,17.2254,0.3324,735,967,0.4255,high
49,115,108,0.0473,3,1178,0.1956,199,200,12,1.905,7.7557,0.1781,442,1908,0.6273,medium
48,98,122,0.0404,4,1425,0.2293,199,302,8,1.6852,13.6758,0.2369,376,2201,0.6667,medium
63,95,80,0.0193,2,607,0.1,316,475,4,0.79,5.6509,0.0743,301,3429,0.7391,low
46,102,120,0.0567,4,1211,0.1905,171,387,11,1.6462,10.5168,0.1562,474,2651,0.5527,medium
31,117,120,0.1359,6,1697,0.2876,106,128,12,2.5413,14.6305,0.4237,442,1068,0.4248,high
65,78,70,0.0184,1,929,0.1048,328,508,6,0.3824,3.5262,0.1046,281,2370,0.7496,low
29,164,116,0.1574,7,1348,0.1882,153,241,16,3.5743,14.0937,0.2557,740,1158,0.4093,high
37,112,92,0.0831,3,1417,0.1108,270,365,16,2.9395,8.8483,0.1138,415,2405,0.5764,medium
63,104,77,0.0127,2,846,0.0841,371,379,8,0.9494,3.5436,0.0823,221,3002,0.7483,low
32,132,161,0.0912,7,2338,0.354,131,147,20,3.7521,16.4003,0.2897,600,1199,0.4975,high
65,82,75,0.0175,2,768,0.0729,360,504,10,1.0662,4.0154,0.0596,319,3337,0.775,low
71,128,90,0.0104,1,867,0.1051,293,327,7,0.8752,4.6871,0.0622,312,3280,0.6976,low
20,176,173,0.0938,7,2019,0.3378,150,202,16,2.6735,13.0198,0.4749,523,1101,0.4075,high
29,154,148,0.0959,6,1997,0.3551,70,199,16,2.9991,11.3217,0.2407,384,1403,0.2687,high
75,101,93,0.024,1,937,0.0633,309,422,9,0.7876,4.3829,0.0642,254,3130,0.8655,low
50,129,101,0.0619,5,1323,0.1325,185,228,14,0.9647,7.4104,0.1635,420,1480,0.6537,medium
59,137,112,0.0607,5,1551,0.167,258,231,14,1.7919,10.0508,0.2006,582,2111,0.6126,medium
28,134,112,0.0863,9,1654,0.3371,105,179,26,3.5368,11.6182,0.4318,646,1684,0.4523,high
49,132,125,0.0629,3,1385,0.2654,249,368,15,2.5908,12.1989,0.1624,429,2101,0.499,medium
65,113,79,0.0177,1,1034,0.0944,293,410,7,0.7929,6.7284,0.0525,223,3784,0.8324,low
29,160,99,0.1053,4,2051,0.371,125,174,16,3.0533,11.0759,0.327,731,1042,0.2963,high
28,156,147,0.1074,7,2603,0.3175,88,81,14,3.8751,12.373,0.3147,487,1392,0.5069,high
83,115,77,0.0181,1,672,0.075,290,422,10,1.1902,9.1497,0.0598,250,3655,0.7717,low
13,145,138,0.093,7,1968,0.3481,86,175,18,2.1221,11.7718,0.2441,709,1003,0.3946,high
78,94,83,0.0218,1,733,0.0773,425,447,6,0.9359,8.1985,0.0658,286,2955,0.7824,low
61,77,87,0.031,1,892,0.0788,284,468,9,0.6533,7.1774,0.0377,214,4117,0.9099,low
66,90,88,0.0232,1,1016,0.0525,307,416,9,0.3726,7.1474,0.0653,198,3081,0.8395,low
44,116,129,0.0732,3,1365,0.0983,149,159,15,0.2179,8.068,0.1765,490,1670,0.6972,medium
65,95,54,0.0085,2,794,0.0671,317,475,7,0.4226,4.1966,0.1265,337,3505,0.7657,low
56,132,96,0.0518,5,1645,0.1678,159,197,15,1.6329,6.7197,0.2143,304,2024,0.6785,medium
56,99,71,0.0146,2,726,0.0769,323,410,9,0.98,4.4538,0.0596,307,2872,0.8276,low
29,126,163,0.1485,9,2015,0.2812,110,190,15,3.4818,17.1883,0.2806,529,939,0.5082,high
24,153,144,0.0986,5,2009,0.3119,94,110,15,2.8727,11.6578,0.329,523,1500,0.4052,high
69,102,52,0.0246,1,968,0.0752,291,454,9,0.4932,5.5952,0.0614,385,3517,0.8438,low
29,106,106,0.0622,5,1067,0.1942,208,207,8,1.7642,7.6085,0.2741,583,2108,0.6313,medium
27,112,171,0.1024,6,2120,0.3301,156,198,13,3.8483,8.1633,0.3799,350,1031,0.5117,high
51,114,123,0.0541,3,1257,0.1822,240,376,16,1.5999,9.1621,0.1038,211,2356,0.648,medium
20,134,177,0.1068,6,2349,0.2519,132,171,20,2.4931,12.683,0.3544,543,1301,0.4547,high
34,139,147,0.104,9,2109,0.2118,122,164,18,2.5011,11.4127,0.3552,415,958,0.4524,high
57,81,71,0.0254,2,929,0.1065,305,379,6,0.8798,6.6381,0.0878,330,3774,0.7391,low
61,81,94,0.0213,0,935,0.069,322,501,10,0.7472,6.31,0.0818,349,3582,0.816,low
57,112,93,0.0623,3,1670,0.2229,215,335,15,1.2346,6.5248,0.1865,456,2509,0.5808,medium
42,134,126,0.059,3,1451,0.2038,253,310,17,1.9173,11.5253,0.1966,448,2018,0.6246,medium
34,132,104,0.0645,3,1480,0.2014,136,229,8,2.9013,11.7386,0.172,498,2412,0.7342,medium
39,143,103,0.0974,5,2708,0.2814,138,90,18,4.0419,14.364,0.3072,599,927,0.4329,high
56,98,69,0.006,1,729,0.0742,267,543,9,1.5151,5.9087,0.1097,283,2976,0.834,low
26,133,143,0.146,7,2380,0.379,97,145,16,3.5514,16.8579,0.3266,621,716,0.5222,high
47,116,98,0.0028,6,1486,0.2636,205,254,14,2.504,14.0926,0.2301,222,3221,0.7507,medium
28,152,164,0.1506,7,1701,0.3476,89,150,22,3.3155,18.1987,0.2749,492,1341,0.4375,high
68,84,89,0.0268,1,821,0.1227,314,392,9,1.2758,3.4117,0.0587,370,3002,0.8629,low
43,113,108,0.0715,4,1191,0.1312,198,288,13,1.5415,9.1136,0.1721,440,1318,0.6355,medium
62,109,74,0.0249,4,1739,0.1628,234,290,8,2.2282,11.4119,0.1831,525,2162,0.6358,medium
30,164,206,0.1,8,2281,0.3206,135,157,16,3.0045,11.6408,0.3545,611,720,0.5293,high
42,120,96,0.074,3,1470,0.1873,175,266,12,1.6293,8.8152,0.1405,409,1629,0.6878,medium
61,95,88,0.038,0,1255,0.0299,292,530,6,2.0138,5.5904,0.0988,444,1796,0.8093,low
55,92,60,0.007,1,1107,0.0959,297,337,9,1.0077,4.5338,0.0584,250,2966,0.8704,low
23,141,161,0.1511,7,1558,0.2313,112,139,19,2.7921,14.1547,0.3378,725,1214,0.3585,high
60,98,91,0.0168,1,819,0.0816,344,381,9,0.905,6.7443,0.0777,257,3428,0.8017,low
27,147,94,0.1027,7,1835,0.4222,113,171,20,2.9981,17.801,0.2758,675,879,0.4662,high
43,109,70,0.0225,1,878,0.041,348,312,6,1.0743,3.6289,0.0661,311,3056,0.8035,low
44,123,104,0.0722,4,858,0.1237,248,365,9,2.2149,11.4177,0.2258,362,1756,0.6467,medium
27,144,147,0.0927,9,2596,0.2828,90,100,17,2.5407,15.3886,0.3656,759,962,0.3639,high
67,96,85,0.0127,2,920,0.0565,245,452,8,1.0492,6.2349,0.0958,301,1731,0.6476,low
35,177,161,0.0967,7,1624,0.3008,106,137,23,3.5209,16.6169,0.3967,518,1044,0.3999,high
24,139,185,0.0841,8,2148,0.3441,119,169,11,4.0369,15.4767,0.3043,683,652,0.2983,high
50,153,127,0.062,4,1288,0.1449,216,145,11,2.1352,11.1538,0.172,409,2201,0.5203,medium
60,99,128,0.0857,2,1317,0.1824,182,296,13,1.8169,7.2929,0.1395,423,1962,0.6545,medium
28,94,104,0.0541,3,1287,0.1598,208,323,15,1.4321,8.7092,0.1949,357,2311,0.5938,medium
51,138,93,0.0655,3,1171,0.1981,202,187,17,1.5173,8.1208,0.1822,455,1633,0.6117,medium
53,79,86,0.0117,1,838,0.0646,399,457,6,0.7529,5.7938,0.0581,175,3298,0.7775,low
64,94,75,0.0267,1,781,0.0845,259,440,8,0.9529,5.1264,0.0638,320,3127,0.8664,low
43,120,101,0.0546,4,965,0.2054,241,188,12,1.6547,8.4804,0.1597,378,2050,0.4846,medium
61,102,79,0.0127,0,663,0.0923,337,390,9,0.7362,7.8878,0.0913,394,3164,0.8092,low
30,165,111,0.0795,7,1928,0.3325,115,121,15,2.9186,10.3241,0.385,495,604,0.4555,high
59,100,72,0.0354,2,868,0.0695,264,410,8,0.6617,3.3482,0.0272,286,2884,0.8728,low
15,138,134,0.09,6,1130,0.3188,158,139,25,3.0969,14.1006,0.3231,672,1081,0.4974,high
65,96,82,0.0269,2,882,0.0588,283,357,7,0.5983,2.9321,0.0722,208,2827,0.8976,low
36,167,128,0.1138,6,2254,0.2016,70,192,24,2.9349,14.2712,0.3965,578,1306,0.44,high
39,148,174,0.0931,6,3056,0.2972,139,185,16,2.7868,12.3984,0.2358,694,909,0.3491,high
34,162,169,0.1038,5,1705,0.2758,162,179,11,2.3483,17.4519,0.3973,678,702,0.4161,high
42,106,75,0.0635,3,1212,0.1654,192,244,9,2.1972,8.3866,0.1641,314,2232,0.7497,medium
44,156,103,0.0447,5,1315,0.1864,245,273,13,0.8457,7.4461,0.1201,356,1866,0.563,medium
38,106,100,0.0556,3,1707,0.1555,203,139,16,1.1886,8.7253,0.2323,411,2578,0.7503,medium
33,127,107,0.0347,4,1307,0.1689,194,303,12,2.3292,6.2652,0.1268,407,2399,0.7043,medium
29,117,176,0.1474,7,2403,0.2311,130,188,23,3.0186,12.6419,0.3053,582,1174,0.277,high
26,108,135,0.1076,7,2576,0.2896,145,155,12,1.9961,17.4893,0.3989,400,966,0.4466,high
46,120,102,0.0628,3,1638,0.1654,231,180,13,2.0019,6.4039,0.1579,423,1879,0.6005,medium
60,107,83,0.017,1,845,0.096,290,391,7,1.0644,5.8469,0.1218,333,2831,0.8797,low
45,111,100,0.0466,4,1229,0.2432,246,309,9,3.1365,11.2808,0.208,502,2726,0.7172,medium
53,110,113,0.0498,3,1387,0.184,146,286,18,1.2867,7.8416,0.2122,531,2499,0.577,medium
21,106,111,0.0619,4,1388,0.2158,193,272,8,1.4719,8.2406,0.1352,464,1629,0.5856,medium
50,110,88,0.0101,0,782,0.1003,353,382,5,0.9236,5.3456,0.0978,307,2509,0.7923,low
67,88,82,0.0267,3,866,0.0844,273,493,6,0.5167,4.3842,0.0742,306,3780,0.866,low
46,142,103,0.0313,4,1587,0.255,210,346,15,2.353,8.7022,0.1939,541,1199,0.5825,medium
33,184,145,0.105,7,1775,0.2713,109,179,14,3.0566,13.4132,0.2788,535,1017,0.3935,high
54,117,117,0.0445,4,1478,0.1372,256,181,11,2.5952,9.0723,0.189,303,2677,0.6163,medium
14,133,152,0.083,8,2677,0.2628,104,121,12,3.8205,16.5177,0.3277,645,1429,0.4579,high
47,182,167,0.0721,5,2370,0.2269,132,222,22,2.5313,13.8702,0.3244,792,1292,0.5339,high
47,128,85,0.0621,3,1366,0.1711,241,306,14,1.1929,8.6391,0.1513,436,2413,0.6948,medium
77,88,86,0.0176,2,779,0.0979,329,339,6,0.522,4.6923,0.062,330,3716,0.833,low
67,93,71,0.0088,1,860,0.0452,353,432,7,0.7611,5.7639,0.0759,344,3687,0.7381,low
24,157,117,0.108,7,1883,0.3257,110,196,22,4.3663,12.8657,0.3066,490,1134,0.477,high
27,116,113,0.0513,2,1385,0.1795,253,190,20,1.3738,7.858,0.2438,448,2603,0.6637,medium
36,121,96,0.0574,4,1080,0.2435,257,361,10,2.2121,10.9109,0.174,373,2586,0.5272,medium
24,144,145,0.0945,8,2498,0.2039,116,205,18,3.7311,11.6395,0.3648,717,1438,0.375,high
34,151,150,0.1413,9,2259,0.2346,82,145,21,3.1634,10.3924,0.4245,574,1216,0.3782,high
37,114,99,0.0392,3,1731,0.2281,220,201,19,2.6914,8.688,0.1551,392,2136,0.6137,medium
22,103,125,0.0528,4,2203,0.3171,143,214,24,2.6398,18.3525,0.3478,766,1581,0.4274,high
74,104,80,0.0097,1,906,0.0756,276,386,8,1.0349,6.8049,0.0861,278,3214,0.8983,low
61,90,89,0.0172,2,706,0.0664,330,405,6,1.6855,5.1546,0.0246,393,2476,0.7882,low
43,121,91,0.0609,4,1489,0.2121,211,302,16,1.041,9.037,0.1023,504,1727,0.7648,medium
29,152,188,0.0827,7,2835,0.3403,125,200,20,3.5227,10.41,0.3141,645,1123,0.3144,high
53,129,123,0.0446,2,959,0.2072,221,310,12,2.3428,12.2765,0.2246,335,1938,0.659,medium
65,95,73,0.0113,1,467,0.0716,303,543,8,0.9135,5.5607,0.0565,279,3864,0.8023,low
42,90,91,0.079,2,1230,0.1234,228,293,10,1.8927,7.0822,0.2046,545,1785,0.6125,medium
29,166,123,0.0732,9,2312,0.3683,126,147,17,3.182,10.6746,0.3016,678,783,0.4793,high
47,121,129,0.0442,4,1270,0.154,150,429,11,0.869,8.2544,0.2108,435,1597,0.709,medium
47,118,74,0.0364,3,1196,0.1384,179,257,16,2.5386,10.0388,0.1915,322,1762,0.6597,medium
35,151,111,0.049,2,1279,0.1994,187,304,9,1.5126,8.7658,0.2147,404,1589,0.6842,medium
26,169,150,0.157,7,2416,0.2414,139,159,18,2.5967,15.9285,0.2841,659,1208,0.4128,high
34,129,104,0.0493,3,1439,0.183,214,323,10,1.4052,9.2314,0.1608,401,1852,0.7146,medium
59,124,109,0.0175,1,710,0.1198,379,453,9,0.8968,6.6862,0.1029,265,3205,0.8298,low
63,84,69,0.0198,1,972,0.0805,282,474,8,0.8017,8.2513,0.0675,345,2383,0.779,low
65,76,74,0.0204,1,794,0.1075,291,428,3,1.3191,5.3947,0.0654,279,3152,0.8268,low
45,114,134,0.052,4,1314,0.2101,204,246,12,1.5219,9.382,0.1868,387,2159,0.6842,medium
55,119,61,0.0254,1,961,0.0772,354,382,7,1.0583,4.1589,0.0656,219,3529,0.8208,low
26,148,126,0.0817,4,1740,0.381,122,163,18,2.2412,11.8458,0.3759,673,834,0.4685,high
44,98,102,0.0541,4,1474,0.167,220,218,14,1.8388,13.1393,0.2213,350,2084,0.629,medium
55,77,86,0.0227,0,847,0.0705,322,462,7,0.3776,6.7478,0.0595,290,3315,0.8212,low
48,114,91,0.0688,4,1278,0.215,213,204,13,1.7948,9.0983,0.166,417,2036,0.6963,medium
56,106,81,0.0231,2,1106,0.0786,326,413,6,0.9342,3.3383,0.0886,235,3527,0.8876,low
42,97,117,0.0236,3,998,0.2226,214,354,8,1.8537,6.9633,0.1381,489,1975,0.6686,medium
22,101,130,0.0763,7,2027,0.3883,142,146,19,2.3309,16.5502,0.3362,704,1079,0.3669,high
52,129,122,0.0555,3,1706,0.2261,169,336,13,0.951,6.7434,0.1354,463,3189,0.7199,medium
62,94,69,0.0186,1,1206,0.0644,285,425,8,1.003,5.1068,0.1162,376,2500,0.9343,low
67,89,82,0.0211,1,751,0.085,349,505,8,1.0376,7.869,0.0928,311,2216,0.8838,low
41,117,105,0.0417,2,1490,0.2282,211,265,14,1.7857,10.7917,0.1521,328,2214,0.5707,medium
61,92,75,0.0135,1,1071,0.0792,366,374,10,0.5999,5.4936,0.064,277,2636,0.7743,low
26,168,151,0.1029,8,2379,0.2994,112,129,15,3.1535,10.9103,0.2827,594,1059,0.3741,high
56,129,102,0.0722,3,1840,0.1276,267,296,14,2.5922,9.602,0.1638,464,1898,0.6091,medium
70,88,68,0.0068,1,787,0.063,284,496,12,1.2282,4.6078,0.0681,217,3780,0.7635,low
23,162,120,0.1121,7,2077,0.3358,117,209,14,4.0563,19.6835,0.3255,523,1240,0.3212,high
69,103,76,0.0297,1,825,0.075,290,320,5,0.9428,3.4079,0.0741,299,3476,0.8297,low
60,102,83,0.0078,2,773,0.0775,342,426,7,0.9789,2.7287,0.055,270,3025,0.8285,low
40,156,142,0.0884,7,1877,0.2922,126,173,18,3.0012,13.1499,0.2551,658,924,0.5615,high
22,158,117,0.0842,5,1762,0.2997,107,164,18,2.66,19.0512,0.3585,619,1190,0.4465,high
38,128,174,0.1176,9,1593,0.2982,127,153,17,2.9346,14.2973,0.3652,771,892,0.3869,high
49,121,89,0.0767,3,1445,0.2051,249,306,8,2.2938,7.9126,0.1536,377,2367,0.691,medium
76,106,74,0.0217,0,835,0.0573,298,427,8,0.9342,6.0464,0.0766,265,2903,0.8975,low
41,150,181,0.0643,6,1749,0.3131,109,238,15,3.4748,8.3445,0.4028,884,977,0.421,high
73,92,82,0.017,1,704,0.0696,354,395,7,1.137,5.2883,0.0701,199,3042,0.8939,low
26,139,121,0.0945,9,1940,0.3668,136,214,18,3.5872,17.4807,0.339,609,1090,0.3405,high
48,112,96,0.0553,2,1152,0.1996,193,281,14,2.1669,8.9229,0.1984,407,2246,0.5912,medium
56,78,86,0.0145,0,998,0.0944,311,466,8,1.1384,5.2741,0.0718,230,3271,0.7206,low
42,132,73,0.0667,2,1002,0.2694,221,226,14,1.5947,10.074,0.163,457,1749,0.6964,medium
37,149,114,0.1267,7,1980,0.4101,140,167,19,1.7078,15.5539,0.3162,907,910,0.5713,high
65,97,80,0.0188,1,1193,0.0452,289,486,8,1.2028,6.2798,0.0871,290,2701,0.7525,low
46,115,112,0.0712,5,1420,0.2018,299,271,11,2.0597,6.9903,0.1708,460,1759,0.6621,medium
55,86,75,0.0214,1,600,0.1082,355,353,6,0.8261,2.8578,0.0652,342,3339,0.8686,low
64,90,82,0.0136,2,530,0.0961,315,289,7,0.2183,6.0622,0.0731,268,3360,0.9039,low
17,167,148,0.1089,6,1777,0.2228,81,147,21,3.0576,7.5188,0.3379,614,973,0.3293,high
22,137,164,0.0851,7,1952,0.3295,102,177,25,3.3676,16.0813,0.4342,834,1311,0.4545,high
29,163,129,0.1275,9,2510,0.1797,112,156,15,2.5667,15.9587,0.3467,682,1343,0.3647,high
53,111,131,0.0609,4,1569,0.2008,260,247,5,1.9184,10.1739,0.116,313,2582,0.6195,medium
53,100,90,0.0128,2,611,0.101,344,469,5,0.7333,3.3767,0.0968,280,2619,0.7272,low
24,150,181,0.1461,8,1964,0.2674,111,161,18,3.7541,15.6995,0.4262,698,1142,0.4477,high
52,101,73,0.024,2,761,0.0917,286,400,12,1.1037,5.1583,0.0685,321,3024,0.8128,low
32,163,133,0.1262,9,2432,0.3706,128,283,15,3.4485,15.9625,0.2741,602,828,0.4572,high
24,170,127,0.1194,8,1657,0.2949,122,143,23,3.7315,9.6899,0.2649,616,1082,0.5344,high
54,123,84,0.0462,2,716,0.1884,358,509,7,0.2509,3.4814,0.1588,367,4040,0.8815,low
39,93,114,0.0789,3,1510,0.1953,214,285,6,2.3458,9.7784,0.16,346,1890,0.6952,medium
56,117,97,0.0358,1,990,0.0351,309,443,10,1.7901,5.9812,0.0294,50,2411,0.8691,low
65,106,70,0.0022,1,841,0.1169,296,402,7,0.6596,5.7893,0.0747,195,2910,0.8074,low
23,165,115,0.1287,5,1471,0.1576,108,210,17,3.9892,12.8662,0.327,509,1425,0.4883,high
30,130,91,0.0362,5,1678,0.2549,182,302,14,2.723,5.5453,0.0939,308,2076,0.7074,medium
68,87,77,0.016,1,776,0.1129,365,440,7,0.6307,3.7043,0.0513,240,3209,0.8592,low
37,139,109,0.0588,5,1117,0.1885,213,277,13,2.2425,10.8604,0.1617,412,2587,0.7137,medium
59,82,90,0.0198,1,502,0.0929,343,446,10,0.6732,4.2244,0.0391,374,3324,0.8726,low
30,139,145,0.1477,8,2111,0.3504,103,112,18,2.1785,13.2048,0.3492,538,1353,0.461,high
42,124,115,0.0451,2,1528,0.2238,223,185,9,2.2879,9.0256,0.1537,303,2422,0.491,medium
72,99,75,0.0126,1,754,0.0995,284,463,5,0.0237,5.4965,0.0963,333,2627,0.8502,low
60,102,97,0.0082,1,822,0.0663,268,398,6,1.0483,6.9641,0.0806,256,2895,0.8456,low
53,112,104,0.0509,4,1090,0.1488,221,312,12,1.2208,10.1881,0.1694,505,2543,0.6019,medium
20,122,124,0.0907,5,1015,0.3076,167,153,22,2.9514,13.0946,0.3165,870,1141,0.3595,high
17,157,145,0.1248,6,1830,0.3342,105,143,20,4.0664,16.3123,0.371,746,1041,0.5743,high
31,151,159,0.1311,9,2253,0.3467,140,149,12,3.7599,15.4566,0.3696,626,572,0.3652,high
65,99,85,0.0223,2,877,0.072,288,400,9,1.0317,5.2205,0.0365,244,3256,0.8659,low
47,121,122,0.0669,3,1344,0.1622,194,314,12,2.585,7.5413,0.222,443,2940,0.7505,medium
36,120,114,0.0492,4,1491,0.1896,244,287,8,1.8809,10.7874,0.1768,436,2861,0.5252,medium
39,97,128,0.0794,3,1087,0.0611,178,315,11,2.1175,5.6815,0.1321,513,1890,0.6772,medium
65,79,75,0.014,1,858,0.1098,340,442,9,0.5567,4.3669,0.07,203,2888,0.7671,low
63,90,83,0.0353,1,674,0.0831,332,497,9,0.2368,9.5448,0.0938,270,3719,0.7746,low
47,115,113,0.0536,3,1060,0.2067,209,233,12,2.4737,10.11,0.2122,340,1925,0.6446,medium
62,90,74,0.0177,1,882,0.1104,280,399,6,1.2382,5.6525,0.1305,192,2770,0.7801,low
38,109,88,0.0812,5,929,0.1621,198,182,15,1.7694,9.6197,0.1229,453,2645,0.7332,medium
49,86,87,0.0211,1,879,0.1043,295,408,8,1.0729,3.7288,0.0483,379,2655,0.761,low
71,107,76,0.0304,1,820,0.0388,344,447,8,0.9547,2.8915,0.0736,249,2068,0.8568,low
23,137,142,0.1268,7,1897,0.314,136,188,22,1.6508,8.7427,0.3072,519,1049,0.3346,high
64,121,124,0.0449,2,1108,0.1905,251,252,11,2.2135,7.7975,0.1752,452,1651,0.568,medium
30,113,97,0.0582,3,922,0.187,278,304,13,0.6987,10.1887,0.2201,171,2274,0.6245,medium
60,103,64,0.0093,2,993,0.0967,300,465,4,0.7876,4.8855,0.068,214,3140,0.7807,low
37,122,104,0.0561,5,1132,0.1621,194,241,14,1.6711,9.3335,0.2076,259,2024,0.7163,medium
85,95,93,0.0318,1,890,0.109,325,511,4,0.9744,5.6122,0.0298,305,2939,0.7708,low
27,136,131,0.1375,9,2213,0.3008,136,244,13,4.0395,14.6253,0.3112,694,1415,0.5725,high
36,136,160,0.1243,7,2621,0.2727,114,133,18,2.9448,11.7694,0.3398,749,1302,0.3252,high
47,117,124,0.024,4,1286,0.1834,241,255,12,1.6134,4.1186,0.166,477,1704,0.6471,medium
38,119,97,0.0655,4,1219,0.1393,221,238,9,1.6351,6.3741,0.1797,378,2466,0.6017,medium
62,103,82,0.0156,0,602,0.0541,251,388,9,0.8218,5.3504,0.0802,266,3482,0.8292,low
44,112,118,0.0692,3,1181,0.1607,260,289,12,1.2774,10.11,0.1615,444,2112,0.6279,medium
47,105,106,0.0552,5,1197,0.1401,205,298,11,1.3379,9.5309,0.1356,570,2461,0.5417,medium
27,147,145,0.1134,8,2306,0.2363,152,185,21,2.8937,10.9191,0.2527,583,957,0.5208,high
50,96,74,0.0216,1,880,0.067,344,350,9,0.7361,5.4618,0.1043,251,3175,0.8034,low
24,160,159,0.1109,6,1997,0.386,94,140,14,2.7305,11.4836,0.2895,621,1109,0.5254,high
57,100,95,0.0255,0,793,0.0265,329,434,8,0.5671,7.294,0.0719,342,3273,0.7831,low
54,101,72,0.0134,2,1167,0.0631,308,388,10,0.7928,6.737,0.0718,223,3723,0.8081,low
44,126,93,0.034,4,1185,0.2088,211,335,15,2.03,8.5835,0.1408,548,2405,0.6497,medium
27,151,156,0.0797,9,2447,0.2631,180,124,15,2.8401,18.4378,0.3988,458,859,0.4259,high
31,147,124,0.1215,8,1942,0.3175,139,239,11,1.8911,13.2135,0.4758,520,240,0.5067,high
22,106,106,0.0636,4,1750,0.152,226,261,6,1.352,11.236,0.1336,558,1752,0.6568,medium
44,104,75,0.0618,4,1348,0.1868,165,336,5,2.2142,8.9324,0.1754,388,1767,0.6392,medium
22,165,144,0.0822,8,2473,0.267,125,125,18,3.698,14.6592,0.3711,454,1478,0.5464,high
41,127,101,0.0519,3,1607,0.196,255,384,13,2.0453,7.9239,0.1334,393,2183,0.675,medium
48,127,108,0.0473,4,1684,0.2121,204,328,16,2.4009,10.526,0.2122,279,1564,0.6477,medium
29,122,139,0.0825,7,2285,0.2379,122,140,17,3.1776,19.5273,0.3468,635,892,0.3864,high
54,118,78,0.0164,2,854,0.08,296,391,9,0.7389,2.6315,0.1025,385,2571,0.8536,low
37,169,160,0.102,7,2819,0.241,91,200,24,2.7553,11.2376,0.3355,637,1223,0.4496,high
28,141,129,0.1195,8,2966,0.2929,99,150,13,4.2215,14.2146,0.3034,581,1420,0.4738,high
46,104,75,0.0164,1,928,0.089,292,509,10,1.5335,7.3871,0.0368,319,2572,0.8038,low
59,100,70,0.0126,1,698,0.0572,329,506,8,0.772,4.8491,0.0838,275,2731,0.7833,low
8,207,136,0.1448,8,1909,0.3371,152,216,11,3.5456,8.8266,0.4197,595,1099,0.3022,high
24,154,147,0.1566,8,1950,0.2997,80,228,25,3.467,17.0796,0.323,818,1121,0.4025,high
78,97,52,0.0,2,762,0.0698,256,319,7,1.4072,2.4298,0.1165,314,3186,0.9108,low
29,160,144,0.1214,7,2011,0.3393,146,118,19,3.1207,19.071,0.3982,650,894,0.4059,high
60,125,131,0.0365,2,1262,0.2184,224,287,10,2.4852,12.2923,0.2424,399,2041,0.6736,medium
55,99,94,0.0186,1,672,0.0646,303,380,9,1.3155,6.4965,0.0486,296,2982,0.8941,low
56,98,98,0.0815,2,1221,0.1805,212,237,6,1.0829,8.2986,0.1354,408,2420,0.64,medium
63,92,110,0.0,4,1049,0.0614,258,503,5,1.2256,3.1551,0.0727,228,3769,0.8066,low
26,155,164,0.0758,5,2508,0.3359,160,150,19,2.3277,12.3737,0.3368,429,996,0.3154,high
38,113,117,0.0539,3,1339,0.1628,160,198,14,2.0795,8.6322,0.1376,483,2220,0.58,medium
65,76,84,0.0318,2,744,0.0672,265,408,7,0.3101,4.9257,0.0584,357,2529,0.8573,low
50,88,85,0.0149,2,950,0.0802,298,447,9,1.3149,3.7386,0.0618,290,3056,0.7473,low
66,99,75,0.0243,0,595,0.0932,332,442,6,0.4967,2.5621,0.0722,299,2791,0.848,low
52,163,117,0.0718,2,1570,0.1897,264,318,13,2.1602,6.3046,0.1451,454,1671,0.6832,medium
78,94,85,0.0316,0,1084,0.0736,337,358,12,0.9811,3.8086,0.0664,338,3254,0.8142,low
27,139,113,0.0956,8,2462,0.3553,59,145,21,3.4438,15.0204,0.2878,660,1050,0.4392,high
75,80,81,0.0231,0,521,0.0868,346,431,9,1.0429,3.9941,0.082,243,3901,0.8935,low
44,132,102,0.0509,3,967,0.1534,182,313,12,2.6491,6.9967,0.1094,404,1672,0.6833,medium
66,81,81,0.0205,0,845,0.1114,364,432,4,0.2628,5.8701,0.0719,411,4130,0.7256,low
37,161,161,0.113,7,1480,0.2577,116,173,21,3.5317,14.0704,0.3097,714,1246,0.3349,high
63,87,80,0.0274,2,610,0.1145,256,442,7,0.8443,2.9325,0.0606,306,3173,0.7111,low
17,161,171,0.1,10,1605,0.2623,99,134,16,1.0155,11.164,0.4542,659,1141,0.5356,high
22,138,127,0.135,10,1835,0.2698,123,168,15,2.819,15.2557,0.2811,688,1049,0.2755,high
53,144,81,0.048,3,1257,0.1458,244,334,10,1.6476,3.4316,0.1213,497,2177,0.5979,medium
20,133,157,0.072,8,1353,0.318,135,178,22,3.5545,14.5863,0.3824,394,638,0.4084,high
67,109,84,0.0192,1,787,0.09,301,453,10,1.026,5.4553,0.0689,256,2841,0.8839,low
59,91,69,0.0254,1,884,0.0516,255,372,7,0.4272,4.3161,0.0893,287,3506,0.8438,low
56,75,95,0.0147,0,989,0.0949,294,326,9,1.1289,4.1219,0.0609,197,3107,0.7459,low
54,79,94,0.0233,0,954,0.0748,325,463,9,0.9485,5.9346,0.0463,289,3770,0.8193,low
54,107,131,0.0523,5,1474,0.2233,278,267,9,1.3113,15.4875,0.2158,434,1990,0.6304,medium
27,166,145,0.0934,9,1621,0.3309,117,101,18,2.9851,8.4287,0.3087,606,928,0.4718,high
43,106,115,0.0429,2,1045,0.136,263,256,9,1.0837,9.2494,0.1505,302,2109,0.6376,medium
59,87,65,0.0106,1,671,0.0746,284,557,6,0.7381,2.1602,0.0959,271,3298,0.7804,low
32,122,154,0.1182,6,1406,0.355,141,157,8,3.1541,11.1821,0.325,685,939,0.3462,high
43,121,107,0.0293,4,1231,0.1366,242,298,10,2.3254,9.7286,0.1888,394,1973,0.6824,medium
44,102,114,0.0537,3,1408,0.1922,175,304,16,2.1341,12.3215,0.1256,360,1697,0.6863,medium
20,175,166,0.1533,8,1899,0.3226,173,200,22,3.0172,9.0984,0.2449,591,1207,0.617,high
36,112,106,0.067,5,1458,0.1193,248,268,11,2.3098,10.3715,0.1402,594,2273,0.7723,medium
20,153,171,0.1463,8,2565,0.4004,116,189,22,2.5033,13.2033,0.252,629,1050,0.4828,high
26,166,119,0.0519,8,1937,0.2604,121,109,21,3.5395,11.6927,0.3622,464,1661,0.454,high
46,105,110,0.0681,2,1427,0.2243,244,275,13,1.4966,9.6613,0.1447,261,2057,0.6013,medium
48,122,114,0.0473,4,1189,0.1625,255,252,10,1.4391,16.021,0.2404,419,1619,0.6637,medium
78,76,90,0.0322,1,844,0.0727,294,494,8,1.1032,5.9587,0.1172,206,2854,0.7915,low
46,99,108,0.0668,3,1092,0.2837,171,284,11,2.1059,6.8522,0.1055,499,1706,0.6267,medium
55,106,87,0.0271,0,801,0.0726,269,289,9,1.0948,3.3289,0.0336,349,2479,0.7956,low
27,141,133,0.0716,8,2526,0.2531,173,195,14,2.9003,16.5505,0.286,593,1170,0.4841,high
14,134,115,0.1034,8,1938,0.3911,91,64,18,3.54,16.6513,0.3867,805,2115,0.4591,high
46,109,110,0.0476,4,1296,0.2267,223,280,12,2.1268,6.8175,0.1799,455,2077,0.4882,medium
30,204,124,0.1621,9,1769,0.2848,151,190,20,2.5724,12.0576,0.3025,654,1146,0.5328,high
18,133,150,0.1531,10,2116,0.4049,133,214,12,3.0711,13.6568,0.3989,584,1304,0.3337,high
37,135,121,0.0714,3,1252,0.2115,212,275,13,1.9219,8.8194,0.149,419,3045,0.566,medium
32,134,137,0.1007,7,2997,0.1716,132,237,22,3.5959,11.0383,0.3462,664,1664,0.4578,high
27,176,153,0.1191,8,1604,0.3455,161,141,16,3.1762,13.9817,0.2921,710,1405,0.3906,high
47,145,91,0.0844,4,1447,0.1976,188,183,14,1.5642,7.9053,0.1626,574,1474,0.6403,medium
70,78,79,0.0044,1,780,0.0554,270,410,9,1.1155,6.6876,0.05,196,3536,0.7862,low
44,121,131,0.0806,3,1266,0.1667,232,348,5,1.8185,10.8409,0.1646,478,1478,0.6401,medium
41,105,115,0.034,3,935,0.1824,221,424,12,2.7109,14.2184,0.1149,370,1820,0.6141,medium
28,133,156,0.106,5,3026,0.378,107,165,22,2.9534,10.6552,0.3995,631,933,0.4428,high
18,188,137,0.1163,6,2038,0.3292,101,136,21,3.6406,15.8048,0.3844,439,1109,0.3668,high
34,128,123,0.0444,5,980,0.1977,214,272,12,2.5301,12.7474,0.2806,580,2421,0.6834,medium
66,95,76,0.0179,2,831,0.0668,303,410,10,1.5561,4.4597,0.0514,342,3385,0.9,low
30,117,104,0.0575,3,1606,0.2145,212,274,14,1.8442,6.5162,0.144,500,2106,0.6903,medium
29,158,146,0.1044,8,1682,0.2839,153,236,19,2.7198,16.7613,0.2833,587,729,0.2995,high
49,98,72,0.0209,1,827,0.0564,352,376,6,1.1281,4.2374,0.0675,243,2863,0.8508,low
64,74,77,0.0292,0,1077,0.0794,320,391,10,1.2091,5.8098,0.0535,298,3517,0.8143,low
30,168,145,0.1215,7,1872,0.3302,145,148,19,2.5465,20.8578,0.355,678,750,0.3584,high
58,107,82,0.0271,2,813,0.1031,258,437,6,1.4174,6.9997,0.1043,276,3732,0.8863,low
48,127,102,0.0722,3,1797,0.1681,229,324,7,0.9547,7.2165,0.1626,502,2264,0.7495,medium
34,170,133,0.0869,7,1505,0.3967,114,79,15,4.7058,18.6573,0.333,435,1008,0.4691,high
26,127,143,0.1112,6,1665,0.326,129,196,17,1.2475,15.3555,0.2968,592,1122,0.3694,high
31,160,146,0.1053,6,1767,0.3456,150,169,18,3.2681,20.6332,0.2066,706,814,0.5084,high
58,108,88,0.0365,4,1220,0.1652,235,336,12,1.7656,8.5107,0.1455,408,2133,0.7354,medium
28,154,161,0.1475,7,1931,0.2164,107,131,17,1.4417,9.0307,0.3827,278,833,0.4797,high
66,90,67,0.0177,1,890,0.0674,309,363,8,0.867,5.9915,0.0734,290,2988,0.8851,low
51,129,116,0.0614,2,1567,0.1399,202,294,17,2.6454,6.9347,0.1247,518,2317,0.5597,medium
67,87,76,0.0184,1,822,0.0978,303,342,7,1.1384,4.3729,0.0742,315,2979,0.8751,low
53,102,91,0.0544,2,1272,0.155,232,308,13,1.2903,7.8819,0.1678,348,2331,0.698,medium
60,117,75,0.0202,2,723,0.0703,328,339,4,1.3743,2.8679,0.0956,290,3006,0.8521,low
42,128,97,0.0754,3,1295,0.1486,241,258,13,1.7041,8.8272,0.1668,406,2294,0.5927,medium
49,113,115,0.0406,3,1156,0.2084,231,333,13,2.8791,10.2007,0.1307,457,2205,0.6426,medium
24,164,129,0.1199,7,2243,0.3113,131,209,17,3.1366,17.2323,0.3735,419,996,0.3953,high
56,86,75,0.0275,1,1064,0.0926,331,467,7,0.7879,2.6115,0.0494,307,3287,0.8844,low
54,127,113,0.0717,3,1165,0.1546,203,307,14,1.6095,5.7446,0.164,349,1756,0.6632,medium
21,140,187,0.1006,9,2054,0.3617,135,214,18,4.3781,19.8308,0.3646,543,920,0.387,high
45,120,110,0.0552,5,1765,0.1809,237,322,16,1.4966,6.226,0.148,399,1751,0.6169,medium
39,121,115,0.0657,5,1681,0.1992,203,304,15,1.4108,10.9792,0.0901,406,2256,0.6661,medium
26,151,166,0.1271,7,2171,0.2501,163,160,17,5.3406,16.7733,0.3536,645,1265,0.5678,high
45,110,110,0.061,4,1084,0.1533,235,294,11,1.5468,9.134,0.243,524,2468,0.5973,medium
30,178,138,0.1133,6,1901,0.2435,119,223,13,2.6626,13.4682,0.4877,752,1270,0.4517,high
72,110,79,0.0083,1,915,0.0928,340,387,10,0.9665,3.3114,0.0811,307,3609,0.8617,low
48,102,112,0.0567,3,1948,0.1364,272,356,9,1.7498,5.0705,0.2322,502,2246,0.67,medium
26,182,163,0.1125,5,1962,0.2727,147,136,19,4.136,6.9305,0.367,784,892,0.4088,high
63,103,90,0.0376,1,898,0.0905,224,373,4,0.7989,2.2679,0.0634,373,3919,0.8973,low
62,87,77,0.0156,1,785,0.0474,281,399,7,0.6594,5.4599,0.0958,332,3470,0.7908,low
65,79,88,0.0199,1,714,0.0794,344,399,6,1.2376,5.5159,0.0448,341,3418,0.7196,low
46,116,107,0.0472,3,1747,0.2405,239,232,13,0.9255,5.6245,0.1167,428,2336,0.5905,medium
58,98,80,0.0059,2,723,0.0777,342,395,9,1.4518,6.611,0.0667,361,3682,0.8386,low
49,121,102,0.0504,4,1325,0.209,187,299,7,1.7709,11.7647,0.1777,577,2143,0.7249,medium
60,97,84,0.0165,1,892,0.0691,372,408,7,1.0685,7.8525,0.0569,176,3306,0.8104,low
24,164,135,0.1488,7,2248,0.2645,140,126,15,4.2062,10.8914,0.4115,425,1230,0.4165,high
41,97,92,0.0683,4,1344,0.146,224,224,13,1.9531,3.0808,0.1506,407,2396,0.6537,medium
59,93,80,0.0223,2,661,0.0625,332,322,7,0.8019,4.644,0.0665,238,3562,0.7586,low
41,81,124,0.0604,4,1799,0.1345,244,354,12,1.7976,8.6812,0.1058,267,2108,0.6948,medium
15,121,136,0.0983,8,2115,0.3406,91,176,10,3.313,16.3858,0.2884,687,926,0.3726,high
66,98,84,0.0147,2,672,0.0638,353,376,7,0.4345,5.6981,0.0626,394,3609,0.7756,low
52,132,115,0.0646,3,1555,0.1637,154,333,15,1.5065,4.9895,0.1459,440,2218,0.7442,medium
64,106,88,0.0193,1,780,0.0789,274,345,8,0.5822,7.2924,0.0569,295,3703,0.8248,low
50,118,119,0.0519,4,1367,0.2121,205,228,14,2.3458,9.1055,0.2323,485,2239,0.7213,medium
68,107,85,0.02,1,1064,0.1313,359,453,11,0.5444,6.0532,0.0535,186,3548,0.8879,low
79,90,72,0.023,1,666,0.0866,256,450,11,0.83,3.5036,0.1097,274,2930,0.8181,low
44,89,123,0.0471,3,1159,0.1888,191,318,11,2.5647,9.1045,0.1419,422,2101,0.6255,medium
32,104,92,0.0542,3,1449,0.1877,189,306,13,1.4829,7.0283,0.1799,491,1852,0.5758,medium
43,117,83,0.0762,4,1827,0.2048,203,355,13,1.8979,7.0533,0.2292,438,2573,0.6479,medium
58,101,89,0.0295,2,678,0.0995,285,423,10,1.1174,4.9419,0.0574,364,3598,0.9538,low
27,149,127,0.0691,5,2201,0.4116,123,108,22,2.2485,17.3056,0.3041,598,720,0.4377,high
39,130,109,0.0789,4,553,0.1041,246,300,11,2.0527,11.2426,0.1311,505,1650,0.6383,medium
27,176,119,0.0848,6,2727,0.3565,117,177,21,1.924,12.3421,0.3179,613,989,0.3788,high
20,133,159,0.0359,8,2173,0.2371,144,178,29,3.4959,18.4895,0.309,673,1188,0.5549,high
55,105,84,0.0205,1,876,0.093,296,368,7,0.5114,6.5142,0.0873,297,2928,0.7323,low
66,98,72,0.0154,2,754,0.0871,304,481,4,0.9216,4.5291,0.0794,307,3696,0.7867,low
62,108,76,0.0256,1,1201,0.0566,307,319,8,0.9492,3.731,0.0599,249,3042,0.7769,low
58,95,75,0.0163,1,953,0.0585,335,452,8,1.5476,9.2438,0.0716,270,3583,0.7484,low
64,101,88,0.0289,2,886,0.0827,326,410,7,1.2171,3.2613,0.059,300,3655,0.8201,low
62,129,118,0.0842,5,1581,0.2136,282,352,16,2.4873,12.1897,0.0881,422,2429,0.6297,medium
60,88,76,0.0136,1,869,0.0771,317,420,11,0.3387,5.2077,0.0841,275,2947,0.7872,low
61,96,78,0.0077,1,522,0.0804,353,400,6,1.3147,5.7291,0.0635,240,3335,0.925,low
33,172,165,0.0889,7,2348,0.31,126,192,12,2.8813,18.3347,0.4191,455,445,0.3041,high
63,93,83,0.0276,1,581,0.0607,305,393,5,0.9192,2.8704,0.056,204,3506,0.8079,low
38,128,113,0.0627,3,1103,0.217,229,289,7,1.4766,10.1131,0.1638,499,2510,0.6738,medium
52,94,83,0.0234,1,1129,0.1142,364,449,13,1.2244,2.7752,0.0489,379,2940,0.8617,low
59,102,91,0.0289,2,712,0.0742,299,459,8,1.2363,5.5701,0.0982,296,3558,0.8441,low
22,164,120,0.1165,9,2344,0.313,73,206,18,2.6054,12.5714,0.5721,719,994,0.4349,high
25,142,121,0.1632,8,3139,0.2402,146,178,18,3.9922,8.2164,0.3946,589,1347,0.4835,high
59,103,65,0.0176,2,861,0.0692,333,415,9,0.6257,3.5196,0.0751,223,3364,0.7566,low
21,156,121,0.1301,5,2455,0.3248,139,177,23,3.1218,10.729,0.3772,678,1246,0.4399,high
73,95,72,0.0204,1,881,0.0917,306,312,9,1.2828,5.8497,0.1016,252,3329,0.7388,low
56,121,95,0.0537,3,1058,0.1238,195,376,11,1.7929,5.6343,0.1944,461,2367,0.7984,medium
26,106,107,0.0554,4,1291,0.1911,273,365,11,1.4656,10.4835,0.1438,510,1985,0.5405,medium
36,112,107,0.0503,4,1172,0.1347,183,226,10,1.8909,7.22,0.1339,515,2249,0.6948,medium
30,153,183,0.1395,9,1446,0.2448,131,140,22,4.1647,14.0155,0.3464,353,968,0.464,high
46,117,117,0.0578,3,1373,0.155,201,254,13,2.1519,9.3322,0.1137,465,2188,0.5562,medium
26,154,145,0.0849,9,2230,0.1867,164,219,9,2.5476,15.9049,0.3713,475,1520,0.4082,high
47,148,96,0.0655,3,1272,0.1765,198,271,19,1.9368,6.5101,0.1085,406,1652,0.6864,medium
58,100,80,0.021,1,954,0.0944,234,355,11,0.6036,3.5589,0.0589,277,3052,0.8065,low
15,146,151,0.1052,7,2257,0.3122,105,100,15,2.3948,17.6898,0.3225,531,943,0.4398,high
58,137,111,0.0587,3,1167,0.1423,210,311,14,1.8599,9.4144,0.1975,404,1732,0.7453,medium
29,144,154,0.0857,8,2348,0.3036,136,211,21,3.6581,15.3303,0.2515,736,991,0.4637,high
46,112,100,0.0421,4,1397,0.0623,212,346,15,2.102,8.7367,0.2354,374,2345,0.6633,medium
46,116,107,0.0619,4,1723,0.1946,218,304,16,1.6843,10.0486,0.1586,305,2351,0.6269,medium
65,107,67,0.0187,1,904,0.1058,322,388,9,1.0377,3.1646,0.0627,354,2896,0.7888,low
34,136,135,0.1133,5,2048,0.3968,102,208,15,2.3915,17.3895,0.2776,466,228,0.436,high
45,83,101,0.0537,4,1734,0.209,222,210,13,2.1337,9.8414,0.2021,416,2568,0.6567,medium
77,81,89,0.0242,2,676,0.0604,254,461,10,1.0896,8.6316,0.0607,306,3823,0.7814,low
77,113,92,0.0158,2,815,0.1077,320,330,8,1.0269,2.9534,0.0587,266,2831,0.8454,low
44,87,63,0.0245,1,823,0.0683,329,443,4,1.0248,4.0429,0.1044,343,3544,0.7741,low
26,172,143,0.1269,8,2683,0.2517,86,128,14,4.8115,14.7862,0.2274,647,870,0.4494,high
19,151,150,0.1084,9,2370,0.312,140,194,16,3.0728,12.5424,0.3662,517,831,0.5344,high
37,164,141,0.109,8,2046,0.3801,112,129,26,2.6708,14.4965,0.3409,679,788,0.3829,high
53,87,83,0.0176,2,662,0.0883,247,348,5,1.3604,7.6291,0.0976,292,3602,0.7847,low
53,60,83,0.0187,2,809,0.1019,314,353,7,0.7104,4.8087,0.0587,291,3242,0.8461,low
32,133,134,0.1004,7,1479,0.3862,72,119,19,3.4627,6.1748,0.3369,902,620,0.3675,high
68,75,81,0.0205,1,759,0.0414,344,476,7,0.4292,4.8514,0.0659,217,2910,0.7505,low
49,144,97,0.0678,4,1510,0.1574,225,262,2,1.5169,10.5461,0.2165,510,2264,0.6646,medium
48,69,80,0.0234,0,877,0.1314,294,407,5,0.6401,4.4136,0.0767,208,3463,0.7905,low
30,86,106,0.0692,4,1503,0.1919,225,333,12,2.1184,9.5759,0.168,306,2629,0.6468,medium
60,112,71,0.0253,1,717,0.051,322,569,7,0.9405,6.63,0.1025,288,2561,0.7907,low
21,182,155,0.145,10,2756,0.3687,100,159,23,4.1601,15.8793,0.2858,799,1113,0.4855,high
68,79,71,0.0146,1,888,0.1157,348,467,14,0.945,6.1185,0.109,218,4077,0.7983,low
31,175,133,0.1028,8,2497,0.2639,92,145,13,2.7432,9.962,0.18,566,1231,0.352,high
22,159,147,0.1086,7,2856,0.3573,128,206,17,2.0521,18.2413,0.2913,870,824,0.2755,high
30,127,154,0.1729,6,2398,0.4071,115,209,11,3.6464,11.6349,0.3786,716,1420,0.3374,high
45,102,106,0.0703,4,1179,0.2296,227,297,13,1.7647,11.6418,0.1553,405,1852,0.6493,medium
61,76,95,0.0184,1,698,0.0713,294,434,9,0.7926,4.2341,0.1086,247,2919,0.8726,low
18,156,172,0.1193,6,2505,0.3732,146,201,13,2.9695,13.6169,0.4065,488,1653,0.3886,high
18,142,118,0.124,5,2444,0.2951,91,195,18,3.5727,12.202,0.2692,455,1148,0.3848,high
75,97,67,0.0272,1,759,0.0329,233,408,8,0.111,4.1054,0.0566,320,2710,0.8171,low
23,179,156,0.1042,9,1978,0.3803,137,174,16,3.43,16.7585,0.3203,641,1013,0.3516,high
16,124,159,0.1042,8,2292,0.2858,90,171,20,3.5707,15.8786,0.4183,840,1266,0.4433,high
63,68,86,0.0219,2,762,0.0599,288,510,10,0.9927,4.7486,0.0855,298,3338,0.7691,low
23,137,95,0.1167,6,2762,0.4472,139,104,20,2.2847,13.314,0.3631,539,528,0.2989,high
47,123,97,0.0593,3,1304,0.156,257,301,18,1.8178,6.8895,0.1401,463,2403,0.62,medium
26,176,145,0.0823,7,2154,0.3138,129,147,17,2.5019,12.7039,0.3244,462,1213,0.6177,high
31,109,103,0.0462,4,1259,0.2005,245,321,7,2.2881,12.0606,0.1576,524,2444,0.5952,medium
32,124,78,0.0489,3,1464,0.1427,223,278,17,2.0179,9.021,0.2031,411,2627,0.6842,medium
41,107,93,0.0264,4,1130,0.1753,254,329,15,2.6387,8.395,0.1866,498,2112,0.6708,medium
42,143,108,0.0412,4,1238,0.2107,194,374,13,1.1716,10.2869,0.1658,435,2030,0.6532,medium
39,122,118,0.0629,5,1004,0.1377,227,338,10,1.7874,10.8893,0.1214,478,2221,0.652,medium
65,95,63,0.0228,1,658,0.1002,317,412,6,0.545,4.589,0.1,280,2930,0.7072,low
49,106,95,0.0218,1,896,0.0928,329,369,7,1.4312,5.8058,0.0612,240,3494,0.7626,low
66,111,71,0.0236,1,631,0.0531,336,354,9,1.1593,2.8921,0.0736,271,2935,0.7853,low
26,166,175,0.1251,7,2429,0.3823,157,156,24,4.5399,15.9524,0.3672,849,1156,0.3155,high
64,105,82,0.0075,1,808,0.0969,322,323,7,0.8693,3.6911,0.0405,253,2773,0.8796,low
27,167,149,0.1247,7,2134,0.3044,124,200,20,2.6652,15.1532,0.3286,580,978,0.3954,high
48,120,104,0.0812,3,1417,0.1553,215,281,13,1.8996,10.4802,0.1382,432,2314,0.722,medium
40,137,92,0.0705,5,1871,0.1981,241,257,15,2.0021,8.3053,0.1991,300,2155,0.6927,medium
32,130,85,0.0486,4,1121,0.2163,162,271,7,2.4898,9.4304,0.1203,381,2291,0.6886,medium
55,143,101,0.0463,3,1485,0.2333,178,218,8,0.8731,9.3577,0.177,444,2569,0.7728,medium
53,125,112,0.0589,3,1336,0.2133,196,254,11,1.9238,8.8635,0.2274,498,2333,0.5346,medium
42,111,116,0.0451,5,847,0.1433,209,283,12,1.7659,7.9143,0.1683,424,1171,0.7374,medium
7,160,145,0.0982,7,2376,0.3108,111,127,19,3.314,12.6925,0.4099,704,1169,0.4001,high
82,85,70,0.0263,0,1048,0.0728,245,510,11,0.4627,4.4654,0.1073,337,3390,0.7605,low
54,74,80,0.0246,1,959,0.1091,338,454,5,0.8224,3.6214,0.0836,207,3978,0.8077,low
15,153,138,0.1095,6,2062,0.426,113,185,16,3.0452,20.4041,0.3894,648,1155,0.4071,high
53,82,90,0.0168,1,850,0.0984,320,350,7,0.6227,6.043,0.055,371,4192,0.7542,low
33,161,168,0.1336,6,2089,0.3977,125,121,21,4.0504,12.7224,0.4081,608,1044,0.4025,high
58,113,79,0.0161,0,969,0.0788,301,535,9,0.4927,7.2466,0.0654,411,2460,0.8258,low
25,181,153,0.1522,9,1955,0.313,164,160,20,4.2527,10.4071,0.3307,674,1284,0.3634,high
57,93,84,0.0102,2,724,0.0359,346,361,7,0.8342,6.1204,0.0568,267,2805,0.7102,low
16,140,140,0.1335,7,2226,0.3342,107,176,15,3.3138,17.0231,0.3242,548,1096,0.3872,high
73,89,78,0.0261,0,748,0.0634,336,318,6,1.211,4.3562,0.0709,235,2929,0.8885,low
38,92,92,0.0191,1,831,0.0833,318,352,8,1.1002,5.5669,0.0688,273,2807,0.8636,low
39,124,77,0.0634,3,1687,0.2339,148,326,12,1.325,8.1774,0.115,489,2412,0.5664,medium
46,127,90,0.065,4,1199,0.1759,211,197,10,1.1861,7.5456,0.1821,379,2284,0.5489,medium
46,127,115,0.0398,3,1402,0.1989,220,348,12,1.9921,10.5841,0.1676,499,1984,0.5721,medium
61,109,76,0.0208,1,773,0.1017,316,391,6,0.4289,3.4556,0.0948,191,3787,0.8887,low
20,160,175,0.1192,7,1866,0.2633,127,157,18,3.8398,10.5801,0.422,605,1088,0.4721,high
54,110,76,0.0101,1,772,0.0796,398,459,8,1.031,7.4974,0.0542,261,3206,0.8933,low
40,90,91,0.0816,5,1466,0.252,197,265,17,1.6769,10.9345,0.0786,372,1007,0.6531,medium
34,99,122,0.0886,1,944,0.2057,137,256,11,2.0996,6.817,0.1519,502,1331,0.5418,medium
53,82,66,0.0195,1,813,0.0534,344,463,3,0.9409,4.4123,0.0269,294,3323,0.7523,low
57,80,90,0.016,0,868,0.0957,284,479,10,0.6122,6.1815,0.0587,298,3253,0.8098,low
29,156,194,0.1117,6,2272,0.2925,139,184,18,3.9139,12.7487,0.2803,438,1171,0.5869,high
39,133,110,0.0368,3,1403,0.1576,205,454,10,1.9928,11.6039,0.1559,289,1883,0.5915,medium
76,96,75,0.0219,1,705,0.1114,316,487,8,1.0987,6.198,0.0727,428,2841,0.8112,low
15,183,184,0.1166,7,2001,0.3349,77,44,17,3.4397,12.9711,0.228,764,1170,0.3694,high
44,130,116,0.0693,3,1169,0.1411,205,233,12,1.2492,7.8014,0.224,335,2387,0.6618,medium
29,134,167,0.1191,7,1898,0.2647,92,115,21,3.2192,19.4978,0.3565,772,892,0.3519,high
46,135,122,0.0538,3,1974,0.2004,241,235,13,1.9062,10.0665,0.1644,518,1689,0.6893,medium
38,115,97,0.0614,4,1325,0.1937,217,368,15,1.5593,9.9029,0.1972,368,2257,0.6204,medium
59,92,70,0.0186,2,869,0.0535,346,454,5,0.7762,3.273,0.0535,280,3594,0.8207,low
21,178,144,0.0924,5,2517,0.2676,165,68,28,2.3484,15.1255,0.3657,569,743,0.4073,high
58,90,78,0.0293,2,900,0.067,295,428,5,0.4713,6.7365,0.0667,288,3309,0.8212,low
42,124,121,0.0675,4,1701,0.1406,214,279,11,1.9451,5.6789,0.2171,454,2288,0.5923,medium
65,83,83,0.008,1,954,0.0754,283,391,11,0.7761,4.5811,0.0374,249,3074,0.8367,low
63,106,76,0.0149,1,541,0.0935,276,368,5,0.6065,8.7095,0.0388,290,2881,0.8149,low
67,99,80,0.0272,1,1033,0.1145,204,488,8,0.6637,3.8124,0.0763,227,2838,0.8585,low
30,123,146,0.0806,10,2006,0.3126,111,137,25,4.1869,18.1438,0.3061,340,1030,0.3824,high
60,80,76,0.0275,1,941,0.0935,296,373,8,1.1093,3.1408,0.0567,251,3065,0.786,low
61,105,64,0.0108,1,1086,0.0628,347,448,8,0.7829,2.5561,0.107,321,3177,0.8803,low
33,126,124,0.0515,5,1646,0.1499,247,213,12,2.1262,9.0164,0.1936,430,2365,0.5694,medium
70,112,89,0.0278,1,766,0.0754,340,416,8,1.3668,2.5368,0.101,309,3049,0.8302,low
54,80,78,0.0129,1,922,0.1013,218,388,7,0.9457,4.985,0.0381,272,4062,0.7819,low
13,126,138,0.1177,7,2302,0.3631,141,124,21,3.7061,6.7286,0.3164,745,1009,0.5292,high
23,155,136,0.0855,9,1067,0.4585,113,212,22,3.3366,8.6187,0.3221,717,1466,0.3428,high
61,97,79,0.0199,1,1064,0.0672,294,444,8,0.6884,3.637,0.0589,271,3313,0.8271,low
44,85,95,0.0156,0,848,0.0751,267,488,6,1.1541,3.6807,0.0553,256,3547,0.9479,low
59,100,68,0.0196,1,835,0.0872,305,493,7,1.4377,4.3644,0.0617,293,3414,0.8637,low
43,119,121,0.045,2,1259,0.159,239,243,6,2.3591,8.7835,0.2214,326,1711,0.7191,medium
67,78,71,0.0208,1,1017,0.0896,346,349,8,1.0055,5.3077,0.069,331,3137,0.8516,low
25,125,132,0.0679,8,1724,0.253,138,151,19,4.0004,14.8849,0.3211,679,1171,0.5004,high
47,115,112,0.0459,2,1595,0.1847,185,322,12,1.3235,8.5855,0.075,511,2455,0.5986,medium
36,176,149,0.1014,6,1666,0.3193,126,135,18,4.0595,8.515,0.2392,749,1351,0.5164,high
46,139,109,0.0623,4,784,0.148,238,283,12,1.7673,8.7131,0.2437,520,2615,0.6025,medium
21,167,136,0.0845,4,1849,0.2559,106,199,16,2.1363,12.3883,0.3389,603,716,0.3971,high
62,77,69,0.0162,0,933,0.0925,334,447,9,1.0201,4.0117,0.0419,238,2591,0.861,low
24,174,121,0.1105,8,1961,0.2278,112,146,16,2.295,14.5498,0.2988,711,949,0.5704,high
67,97,80,0.0163,1,712,0.0646,304,311,6,0.7767,5.754,0.0686,272,3826,0.7928,low
30,157,165,0.0855,8,2272,0.2818,114,148,19,3.4774,16.8226,0.4026,839,1122,0.4918,high
32,151,157,0.0869,10,2174,0.2906,84,138,15,2.6276,15.9173,0.3165,571,915,0.3553,high
60,88,93,0.0158,1,591,0.0749,271,411,4,0.7955,3.1346,0.0985,377,3483,0.848,low
41,137,105,0.0548,3,1410,0.1798,185,287,11,1.638,9.8664,0.2059,387,1866,0.6192,medium
62,75,84,0.0201,1,994,0.0824,337,372,11,0.5468,5.0618,0.0739,351,2827,0.713,low
47,106,110,0.0474,3,1508,0.2002,242,282,10,2.7575,12.2416,0.1972,322,1727,0.5803,medium
42,118,108,0.0565,3,1348,0.2012,205,320,12,2.2903,7.3214,0.2319,395,2079,0.6788,medium
55,122,86,0.0251,2,761,0.1005,286,365,1,0.8575,6.1461,0.0533,199,3104,0.7542,low
75,83,88,0.0077,1,808,0.0603,329,311,7,0.8458,5.556,0.0314,217,3021,0.7751,low
30,154,132,0.0972,8,2597,0.2863,110,140,18,2.8444,13.8033,0.4306,598,1345,0.3532,high
68,99,68,0.0251,1,854,0.0738,381,321,8,1.3928,4.8066,0.0578,292,3198,0.8927,low
28,131,116,0.0776,8,2307,0.2104,115,189,19,2.2859,17.8416,0.1986,364,1180,0.4655,high
55,99,120,0.0791,3,1064,0.2156,160,316,13,1.5666,7.8535,0.0959,377,1896,0.6677,medium
35,175,160,0.0738,11,2151,0.2759,141,169,15,3.0523,13.0094,0.4687,909,1259,0.4479,high
66,95,77,0.0103,2,792,0.0962,286,451,10,0.7645,4.545,0.0498,184,3331,0.9149,low
61,110,61,0.0198,2,605,0.0705,256,508,11,1.1494,5.781,0.0472,271,2874,0.7515,low
76,87,94,0.0168,1,894,0.0816,311,476,6,0.8221,4.0496,0.0944,221,3340,0.7842,low
34,156,170,0.0882,8,2501,0.2029,135,182,4,3.9184,16.8914,0.3905,527,711,0.3703,high
67,115,74,0.0299,0,812,0.0742,333,350,4,1.3502,6.6417,0.0237,261,3401,0.8094,low
63,113,76,0.0282,2,711,0.0796,299,403,11,0.8277,6.8222,0.0513,206,3169,0.8845,low
24,157,136,0.1581,7,2072,0.3348,152,133,23,2.9306,11.139,0.3106,708,1464,0.5958,high
32,112,116,0.0568,4,1287,0.2189,286,315,8,1.1458,10.4517,0.1175,468,2714,0.7334,medium
66,96,89,0.0055,1,309,0.1109,242,379,9,0.9228,6.6459,0.0709,310,3318,0.8465,low
31,137,140,0.0947,6,2028,0.2625,118,125,17,3.4821,12.1239,0.3258,679,925,0.4264,high
57,108,97,0.062,3,1333,0.1272,187,210,14,1.7092,11.8289,0.1419,452,1636,0.6759,medium
61,80,81,0.0176,4,1046,0.0401,319,502,6,0.4729,3.2683,0.0379,292,2180,0.8735,low
69,100,79,0.0077,1,810,0.071,262,428,7,0.4888,3.0291,0.0807,326,3330,0.8117,low
64,95,78,0.0155,0,789,0.0711,310,291,6,0.8457,3.1022,0.1009,293,3222,0.8522,low
54,113,122,0.0783,4,1252,0.2336,256,311,11,1.7749,9.4109,0.1583,316,2175,0.6464,medium
32,161,139,0.1467,7,2216,0.3282,164,130,21,4.4957,11.5548,0.409,499,924,0.5325,high
37,115,116,0.0615,4,946,0.0621,205,371,12,1.1096,10.3668,0.2496,556,2156,0.6474,medium
32,155,114,0.1386,8,1830,0.2988,155,112,18,2.4891,13.9011,0.3501,423,1355,0.3563,high
18,153,151,0.1255,10,2437,0.2044,125,139,13,2.5253,11.0264,0.3397,776,1194,0.4262,high
22,188,131,0.0866,8,1978,0.3791,184,251,20,2.4606,19.7021,0.3586,586,1265,0.3015,high
22,130,157,0.1449,7,2096,0.3026,114,147,16,2.7653,13.6622,0.4161,711,1037,0.4565,high
60,91,91,0.0281,1,938,0.0824,272,395,5,1.0763,6.2195,0.0582,263,3837,0.8058,low
32,102,95,0.0803,5,995,0.1321,228,298,17,2.1365,8.5433,0.1658,382,2153,0.6199,medium
51,111,105,0.0787,6,1306,0.1965,193,289,11,1.7626,12.0618,0.1415,505,2688,0.6102,medium
14,128,119,0.1343,8,2131,0.3926,105,194,13,2.828,11.4031,0.3427,523,1469,0.5343,high
60,74,77,0.0162,0,887,0.0736,373,433,6,0.5975,4.81,0.0521,313,2814,0.7508,low
27,104,159,0.0986,9,2428,0.2554,143,162,6,3.4963,12.8218,0.3318,535,1341,0.5019,high
36,130,161,0.0759,7,2227,0.2388,110,139,16,2.9921,17.0204,0.1459,778,917,0.5112,high
31,142,135,0.104,6,2573,0.2914,138,142,22,2.1817,15.5501,0.285,610,1002,0.4279,high
73,102,71,0.0242,1,740,0.0668,306,426,7,0.9911,3.3774,0.0483,309,2963,0.8934,low
62,67,92,0.0125,1,823,0.1123,299,492,8,1.1983,6.0296,0.0749,231,3192,0.8503,low
69,83,91,0.0275,1,742,0.1107,302,257,7,0.4111,5.3385,0.0627,244,2901,0.8755,low
48,96,68,0.0129,2,479,0.1142,260,498,8,1.1537,3.7756,0.0611,339,3476,0.8157,low
23,163,180,0.1313,7,2360,0.1872,110,144,20,4.1915,13.7516,0.3623,700,1149,0.535,high
47,140,117,0.0724,4,937,0.1546,216,201,13,1.4059,12.4513,0.1466,423,1869,0.7017,medium
35,166,146,0.1123,5,2124,0.3591,114,150,13,3.2321,12.8445,0.3789,637,1304,0.3507,high
58,88,69,0.0171,1,1023,0.0759,315,486,9,1.1302,5.5954,0.0603,281,2431,0.8503,low
44,89,76,0.0087,1,1036,0.0925,336,393,13,1.3552,7.7857,0.0444,275,3953,0.9196,low
23,218,150,0.1111,7,2111,0.4304,125,157,18,1.9489,17.0926,0.2781,422,1146,0.3972,high
68,101,70,0.0065,1,788,0.0771,304,528,10,1.1919,4.2437,0.0755,327,3298,0.7927,low
68,88,69,0.0146,0,847,0.076,309,307,9,0.8353,7.4713,0.1012,245,2617,0.7952,low
42,87,134,0.0606,5,1568,0.1628,201,295,12,1.8279,6.4941,0.1547,409,2432,0.7396,medium
65,100,72,0.0132,2,600,0.1016,292,474,11,1.0583,5.424,0.0917,305,3368,0.8082,low
42,146,114,0.0541,4,1336,0.1446,189,315,16,1.6252,5.9921,0.1545,214,2318,0.6558,medium
19,178,114,0.0998,6,2104,0.2885,119,121,19,7.1058,14.9635,0.3678,621,1044,0.3699,high
55,121,83,0.0377,4,1555,0.1348,232,312,11,1.9586,4.6947,0.1935,530,1956,0.5912,medium
26,99,84,0.0014,1,971,0.0462,384,223,6,1.103,2.5651,0.1405,314,2829,0.7313,low
19,162,137,0.098,7,2558,0.2854,144,139,14,2.2903,19.0273,0.3221,751,1083,0.4454,high
21,126,136,0.1186,7,2056,0.3369,98,206,15,2.853,11.9617,0.3961,716,943,0.4493,high
46,95,66,0.0161,2,855,0.0203,283,432,10,1.1487,5.3254,0.0736,324,3197,0.8406,low
15,184,142,0.1379,7,1780,0.2703,103,216,17,4.1754,12.4534,0.2465,492,1169,0.3317,high
26,120,146,0.1542,8,2122,0.3067,89,126,27,2.8685,12.3253,0.2434,712,1279,0.446,high
26,120,117,0.0483,5,1556,0.1307,203,219,11,1.8436,5.8903,0.0938,386,2835,0.5409,medium
24,146,140,0.1061,5,1587,0.3544,136,123,17,2.4392,14.8295,0.3223,393,865,0.3791,high
25,143,183,0.1145,8,1794,0.2939,122,175,16,4.6846,17.9794,0.4205,758,1026,0.2973,high
57,122,96,0.0862,5,1083,0.1408,187,287,12,1.8544,11.8691,0.1499,312,2324,0.624,medium
69,102,86,0.0209,1,864,0.0637,306,400,9,0.3514,7.8552,0.0646,243,3170,0.8127,low
53,104,91,0.0795,3,1494,0.2054,184,319,15,2.5733,9.4977,0.1814,501,1674,0.6682,medium
52,131,95,0.0628,4,1393,0.1919,166,383,17,2.1444,8.7126,0.1732,455,1929,0.6479,medium
24,165,162,0.149,6,2092,0.2845,124,165,17,3.5902,13.7415,0.3575,667,1061,0.3872,high
52,127,124,0.0532,1,986,0.2305,193,307,20,1.1749,10.0482,0.2222,379,1975,0.6336,medium
68,102,76,0.0117,1,886,0.1034,330,380,13,1.0378,5.694,0.04,168,2829,0.8122,low
50,93,72,0.0143,1,739,0.0947,298,459,6,0.3466,4.4784,0.0671,335,3327,0.8893,low
45,104,125,0.058,4,806,0.1318,227,260,9,1.9561,7.0263,0.1434,547,2052,0.7258,medium
61,91,86,0.0168,1,727,0.0907,259,585,6,0.7403,3.984,0.0333,289,2628,0.9142,low
41,107,113,0.0532,3,1465,0.1817,247,288,14,2.6773,12.0864,0.1801,524,2544,0.684,medium
39,202,114,0.0921,7,2533,0.4463,116,80,19,2.9436,13.7992,0.3818,673,868,0.3829,high
48,123,104,0.0615,4,911,0.1488,185,261,12,2.6787,6.6692,0.2016,330,2098,0.6291,medium
51,92,85,0.0209,1,777,0.0683,304,504,4,1.1161,6.5486,0.1081,321,3531,0.7383,low
51,111,66,0.0712,2,1219,0.0952,141,353,15,2.2777,7.5985,0.1541,508,1525,0.6718,medium
44,112,115,0.0485,4,848,0.1953,192,256,13,2.0859,8.4563,0.2379,357,1994,0.6035,medium
47,110,104,0.0399,2,1798,0.1921,220,325,13,2.2633,8.1049,0.0787,366,2283,0.5976,medium
53,135,55,0.0584,4,1163,0.2,237,205,6,2.4874,8.9133,0.2529,523,1725,0.6272,medium
54,132,114,0.0763,3,1179,0.1883,205,364,18,1.4526,7.5249,0.1839,513,1867,0.6615,medium
64,110,72,0.0186,2,523,0.0737,308,383,8,0.9022,6.8364,0.0913,354,3551,0.838,low
25,158,125,0.1237,7,2122,0.2714,125,176,18,3.164,14.9873,0.381,691,1333,0.4201,high
41,107,117,0.042,5,1317,0.1648,150,322,11,1.3782,6.5942,0.1283,429,1945,0.7099,medium
23,173,154,0.1449,7,1867,0.3282,105,233,28,2.5159,10.3646,0.289,489,1054,0.4149,high
69,98,78,0.009,2,679,0.0868,276,439,9,0.3537,4.934,0.0816,300,3146,0.8051,low
29,125,185,0.1069,9,2195,0.3745,156,153,17,1.7245,17.266,0.3155,419,610,0.3519,high
37,97,134,0.0733,4,1766,0.2164,215,392,12,1.0868,8.6465,0.1912,433,1910,0.7082,medium
23,135,142,0.114,6,1832,0.193,126,166,11,3.7827,13.6721,0.427,689,1314,0.4253,high
22,167,150,0.101,8,2317,0.2485,110,142,12,2.2706,17.5411,0.3537,636,880,0.3223,high
28,173,168,0.1068,9,2661,0.3753,104,138,21,4.3735,17.388,0.2428,785,941,0.2797,high
22,135,149,0.0904,8,1655,0.2916,145,140,15,2.7628,15.565,0.4393,701,938,0.4162,high
76,85,87,0.0082,1,1076,0.1001,276,388,9,1.4546,5.7974,0.0865,246,2880,0.8243,low
56,88,67,0.0247,2,838,0.0949,386,360,8,1.435,7.5407,0.0582,254,3255,0.7017,low
26,193,162,0.1162,8,1188,0.3324,135,219,21,3.8993,12.5104,0.3845,669,827,0.3544,high
55,128,107,0.0897,4,1778,0.1158,234,352,16,1.3317,12.6007,0.1918,385,1981,0.6054,medium
48,118,128,0.0699,5,1215,0.1837,203,316,15,1.8663,9.2051,0.1213,380,1993,0.5998,medium
59,96,82,0.0143,1,787,0.058,341,348,12,0.9394,3.1553,0.045,375,3583,0.7921,low
37,145,143,0.11,6,1486,0.262,131,95,20,3.6553,10.5848,0.2726,773,873,0.3245,high
61,94,73,0.0181,0,631,0.0794,298,350,10,1.4326,4.7507,0.0583,277,3982,0.8133,low
62,69,73,0.0106,1,998,0.0988,289,463,8,1.5654,6.7605,0.07,246,3107,0.9186,low
39,115,110,0.0662,5,1335,0.1568,216,348,9,2.5019,12.5392,0.1815,288,1540,0.6107,medium
76,133,75,0.0,1,467,0.0735,296,485,4,1.3146,2.915,0.1267,312,2946,0.7042,low
50,111,129,0.0507,5,1400,0.1675,290,251,7,2.3479,7.0421,0.2813,432,1548,0.8212,medium
34,154,92,0.0648,2,1699,0.1442,212,242,16,1.4973,10.2425,0.208,452,1867,0.6032,medium
37,92,103,0.0466,3,1623,0.1407,273,266,9,2.4786,8.3978,0.1869,441,2069,0.5626,medium
36,135,111,0.0726,4,1498,0.2242,185,246,15,1.8993,10.9702,0.1871,394,1522,0.6632,medium
56,114,117,0.0526,4,1414,0.201,231,359,10,1.9005,9.9619,0.121,455,1676,0.6565,medium
38,164,112,0.0869,7,2734,0.3592,140,106,16,2.3722,5.5773,0.3631,382,1474,0.4984,high
22,154,113,0.163,8,2030,0.351,156,155,14,3.3752,13.4501,0.4329,788,1353,0.4161,high
26,167,162,0.11,7,2391,0.2058,93,92,16,2.6477,16.3617,0.3838,548,825,0.4055,high
73,88,86,0.0163,0,746,0.105,343,422,4,1.0505,5.1135,0.088,263,2831,0.8728,low
60,95,91,0.0068,2,828,0.0595,330,480,8,1.2286,4.4943,0.0822,278,3899,0.894,low
45,144,115,0.041,3,1005,0.1017,186,353,14,1.3476,8.128,0.1353,406,1559,0.6521,medium
71,72,81,0.0,0,763,0.071,340,520,5,0.5207,5.014,0.0438,266,3175,0.8711,low
64,104,83,0.0146,1,990,0.0459,290,390,12,0.7586,4.7027,0.0639,350,3178,0.96,low
61,108,82,0.0183,0,843,0.1103,264,330,11,1.1375,3.1827,0.0325,253,3284,0.843,low
38,135,108,0.0567,4,1120,0.1861,235,275,13,2.0712,11.933,0.1644,442,2111,0.6373,medium
22,188,152,0.0889,8,2247,0.4072,131,149,24,2.6249,10.0069,0.3612,561,1132,0.3783,high
44,126,131,0.0456,2,1583,0.1381,163,349,13,2.0894,6.2258,0.1767,371,1955,0.6704,medium
25,153,137,0.0729,8,2111,0.3365,107,204,20,2.9739,17.2444,0.3743,523,1207,0.4292,high
72,61,88,0.0203,1,720,0.0621,282,414,9,0.7323,5.7551,0.057,170,2747,0.8257,low
52,99,91,0.0148,1,581,0.0909,335,308,13,0.9197,3.6782,0.0548,331,3302,0.8339,low
66,103,74,0.0191,1,605,0.1162,339,447,5,0.373,6.8315,0.0447,200,3682,0.7818,low
29,197,142,0.1066,10,2109,0.3559,96,182,21,2.5747,19.6071,0.2876,589,1150,0.4391,high
25,137,100,0.1364,6,2171,0.3129,122,213,16,3.8243,13.2111,0.4042,658,1015,0.3969,high
27,194,120,0.1148,6,2687,0.4472,140,117,18,2.0541,15.5815,0.3485,508,1075,0.5924,high
23,151,138,0.0937,9,1775,0.3342,110,201,20,5.2659,14.3219,0.394,787,746,0.3582,high
54,92,73,0.0254,2,743,0.0498,327,489,8,1.1712,4.7373,0.0342,243,3156,0.8453,low
31,156,150,0.1019,6,1801,0.2402,128,279,13,2.7619,16.1787,0.4193,688,1165,0.2792,high
48,87,81,0.0069,2,806,0.0747,348,264,9,0.9069,4.3715,0.1147,300,3221,0.8593,low
68,94,85,0.0202,1,737,0.0772,349,413,9,1.2949,6.1895,0.0792,185,3348,0.8006,low
30,138,155,0.1384,5,2892,0.4002,102,221,19,3.5216,10.711,0.3141,550,1063,0.3896,high
43,81,107,0.0377,3,1034,0.2067,241,287,9,1.4305,10.0432,0.1409,359,2182,0.6779,medium
56,113,84,0.0256,0,951,0.0875,330,449,8,0.7506,6.0105,0.0654,294,3625,0.7614,low
61,97,88,0.0125,0,820,0.0696,291,426,4,0.749,2.6395,0.0607,298,3202,0.76,low
23,121,137,0.0768,6,2034,0.2625,115,128,16,3.8294,17.3697,0.3189,519,2121,0.2545,high
28,151,127,0.1221,7,2119,0.2238,137,91,24,3.2328,16.0226,0.4182,621,939,0.2834,high
62,92,70,0.0,1,1189,0.0937,296,491,10,1.2304,1.1925,0.0866,350,2006,0.9033,low
53,100,85,0.0075,1,1025,0.1266,221,308,8,0.2976,4.6156,0.0517,285,3581,0.8813,low
23,154,171,0.1225,6,2218,0.3122,101,126,21,2.8791,12.6164,0.3634,373,1178,0.4941,high
57,102,76,0.0067,2,1078,0.0633,284,517,8,1.1126,4.8546,0.1015,213,2828,0.8144,low
47,106,106,0.0588,2,1570,0.1276,236,349,12,2.1325,10.0106,0.1514,342,1858,0.6049,medium
20,142,148,0.1471,6,2306,0.3261,81,208,14,4.259,16.6681,0.3738,658,927,0.4971,high
56,111,90,0.0225,0,656,0.136,291,375,6,0.7078,4.8533,0.0918,290,3307,0.8414,low
52,93,77,0.024,1,748,0.0583,318,518,10,1.1247,5.5183,0.0563,256,4030,0.8117,low
46,144,109,0.054,3,1232,0.1533,270,213,9,2.0771,8.1868,0.1244,277,1935,0.6874,medium
23,167,136,0.1445,7,2494,0.2532,131,88,3,2.6608,14.5248,0.2799,476,1234,0.4911,high
42,145,82,0.0498,3,1620,0.203,196,300,15,2.251,7.111,0.2153,354,2088,0.7142,medium
34,158,158,0.0836,6,1661,0.2556,120,114,18,3.6623,10.6894,0.3805,516,961,0.34,high
21,135,137,0.0896,3,2099,0.2584,131,151,14,3.4615,16.0723,0.3049,708,609,0.5744,high
34,109,110,0.0572,4,955,0.1368,152,321,8,1.3125,7.8457,0.1148,501,2071,0.6305,medium
58,114,105,0.06,4,1338,0.1866,167,318,10,1.8127,9.7237,0.2296,333,2776,0.6892,medium
28,187,155,0.0931,6,2641,0.3329,165,170,14,2.7153,13.8993,0.2859,587,675,0.5637,high
29,140,169,0.0856,7,2223,0.3063,141,150,17,3.7505,18.1353,0.3396,481,949,0.4442,high
60,88,88,0.016,1,789,0.0581,266,447,4,0.5528,5.2587,0.0799,307,3328,0.836,low
60,86,90,0.0154,1,938,0.0844,314,408,6,1.0723,5.4956,0.0525,298,3291,0.8219,low
57,71,76,0.0159,1,890,0.0708,277,533,5,0.733,4.4185,0.085,266,2943,0.841,low
28,201,120,0.1074,7,2068,0.323,108,120,21,3.0873,15.4246,0.3889,723,1342,0.4037,high
33,126,84,0.0389,4,1613,0.2022,242,375,11,0.4587,10.1078,0.1335,423,2189,0.624,medium
21,154,141,0.1301,6,2235,0.2951,83,155,15,3.9477,12.7607,0.3624,621,1197,0.4782,high
59,87,72,0.0176,1,814,0.0822,301,404,10,0.5595,3.8111,0.0881,182,2536,0.8049,low
32,176,135,0.1249,6,2564,0.3151,154,172,22,3.9063,13.1502,0.4243,572,1036,0.3809,high
31,187,148,0.1262,7,2051,0.3026,125,144,16,2.5683,12.4731,0.3576,668,1159,0.372,high
49,133,93,0.0638,3,1222,0.1523,207,401,16,2.1928,7.6774,0.1305,259,2458,0.7731,medium
58,89,84,0.0405,1,852,0.1055,339,425,9,0.6857,3.5704,0.0,323,2644,0.6954,low
47,79,62,0.0224,1,918,0.1096,325,342,8,1.099,5.5255,0.0519,274,2735,0.8404,low
41,125,107,0.0715,4,947,0.1549,297,209,9,2.1701,13.2995,0.1934,378,1661,0.7594,medium
43,108,115,0.0769,4,1162,0.1632,202,234,11,1.6069,10.2343,0.1978,449,2445,0.5113,medium
47,119,91,0.0422,4,1435,0.1901,198,258,12,2.4651,9.6967,0.1682,376,2240,0.711,medium
45,103,70,0.0165,1,789,0.1012,366,414,8,1.1119,7.0147,0.0424,354,3785,0.8835,low
23,158,145,0.108,7,1295,0.1783,169,156,18,2.8971,15.0405,0.2863,489,883,0.3966,high
42,118,116,0.0655,5,1081,0.1722,187,316,12,1.463,10.3554,0.1221,388,2545,0.6501,medium
29,166,108,0.1187,5,1602,0.2044,123,116,23,3.0871,9.8461,0.3506,604,743,0.3835,high
63,91,79,0.0111,1,912,0.0846,288,525,9,1.1658,5.8274,0.076,285,3525,0.8862,low
71,95,87,0.0214,1,599,0.0673,268,322,12,0.4142,7.1488,0.1018,400,2498,0.7607,low
13,158,134,0.0955,9,1701,0.2439,98,213,21,2.9067,12.8984,0.2995,618,1563,0.3695,high
61,116,91,0.0119,2,597,0.0577,359,432,5,1.1407,4.6626,0.1078,345,3849,0.7822,low
60,110,102,0.0338,2,1289,0.2412,180,245,9,1.6244,7.4251,0.1453,400,2190,0.6798,medium
54,142,110,0.0355,3,1149,0.1372,210,348,13,3.0333,6.0335,0.1884,374,2753,0.733,medium
66,109,92,0.0302,2,591,0.0913,277,444,5,0.7974,4.6162,0.0656,253,3897,0.7877,low
75,93,85,0.0085,2,663,0.0754,290,432,10,0.8973,5.6476,0.0445,325,3109,0.8082,low
28,150,125,0.1443,7,1895,0.4295,114,75,19,4.7826,12.7149,0.3433,638,1198,0.5822,high
43,108,80,0.0224,1,1108,0.0669,299,504,12,1.2162,2.1998,0.0554,294,2566,0.8637,low
35,160,134,0.0672,6,2551,0.3006,87,96,15,2.5527,13.012,0.4131,883,899,0.4501,high
56,96,74,0.021,1,992,0.1215,304,440,9,0.6977,3.5863,0.082,307,3164,0.883,low
66,86,79,0.0097,1,796,0.0583,334,435,10,1.0636,4.6904,0.0564,389,3337,0.8187,low
27,129,163,0.1121,6,1400,0.3585,142,148,21,3.2892,21.0812,0.2673,569,853,0.433,high
69,77,92,0.0136,2,740,0.0916,300,429,8,0.7882,5.3099,0.097,340,2774,0.8389,low
19,159,104,0.1231,8,2085,0.3658,128,165,24,3.1956,17.6575,0.4155,455,1204,0.338,high
25,164,139,0.0691,9,2354,0.3112,133,113,22,3.4331,14.7095,0.426,801,945,0.4288,high
72,100,81,0.0208,0,760,0.0771,289,465,12,0.8974,3.6913,0.0849,242,3321,0.8458,low
34,165,181,0.1095,7,1923,0.3237,109,155,21,5.2336,17.9731,0.3365,678,1324,0.515,high
35,117,107,0.0613,5,1709,0.1984,166,227,11,1.3716,9.5782,0.1391,383,1995,0.8044,medium
64,86,72,0.0228,1,771,0.0989,252,388,7,0.6594,4.5389,0.0781,145,3324,0.8525,low
19,163,111,0.1063,7,3181,0.3915,109,178,21,3.425,18.1053,0.3674,607,977,0.3686,high
58,109,78,0.0322,1,1004,0.0777,310,466,10,1.3903,3.4337,0.0718,278,3593,0.8319,low
42,89,87,0.0446,4,1415,0.1146,217,283,11,2.057,10.744,0.1544,456,2240,0.7106,medium
19,128,139,0.1116,9,1426,0.2554,142,14,18,1.5731,18.0669,0.3726,788,638,0.4247,high
67,80,78,0.0089,1,831,0.097,290,430,5,1.1612,4.9271,0.081,197,3223,0.8237,low
28,122,94,0.0614,4,1463,0.1176,247,312,11,1.4129,8.6977,0.2027,370,2449,0.6248,medium
45,117,92,0.056,4,1395,0.1743,245,318,8,1.5214,8.5195,0.1673,483,2404,0.7855,medium
66,97,74,0.0176,2,747,0.0658,281,354,8,0.4602,6.5997,0.1043,323,3244,0.7531,low
59,91,65,0.0131,0,858,0.0638,327,499,9,1.6833,6.4149,0.0258,246,3026,0.8711,low
49,111,105,0.0591,5,728,0.1847,200,268,14,2.0628,11.2357,0.1714,457,1731,0.7293,medium
23,180,146,0.1327,7,2116,0.3341,117,233,16,3.714,17.2911,0.3082,665,1071,0.3101,high
27,137,130,0.1374,8,2354,0.4221,108,214,20,2.1997,15.3881,0.3722,589,1086,0.4037,high
28,142,193,0.1352,9,2433,0.305,89,239,12,3.0766,18.2117,0.3102,629,896,0.3717,high
51,108,89,0.0712,4,1619,0.1501,242,348,17,1.6445,10.313,0.1597,449,2150,0.4857,medium
72,82,85,0.0111,1,875,0.0775,288,410,7,0.7386,5.3392,0.0573,298,2956,0.7675,low
72,84,63,0.0196,2,761,0.072,350,313,5,1.302,5.5019,0.1029,232,3196,0.8482,low
62,98,86,0.0219,1,1123,0.1017,308,389,6,0.339,4.5333,0.04,261,3467,0.8748,low
82,104,82,0.0116,1,827,0.0794,266,455,6,0.9081,5.6816,0.0672,188,3044,0.7768,low
42,128,116,0.0582,4,1439,0.1671,189,384,15,1.8398,9.4637,0.182,499,1596,0.6544,medium
27,161,173,0.0934,5,1395,0.2531,122,166,14,3.0263,14.7492,0.4741,693,1558,0.5657,high
69,112,85,0.0325,1,718,0.0569,307,458,5,0.946,8.1547,0.0586,223,2518,0.7987,low
32,171,146,0.0688,8,2071,0.2619,99,161,18,1.9744,17.0073,0.3311,792,970,0.4344,high
33,107,112,0.066,1,1086,0.1375,230,301,15,0.9451,6.872,0.1512,469,1979,0.6094,medium
20,162,113,0.1257,9,1979,0.3908,122,89,15,3.0328,14.8804,0.448,508,970,0.4711,high
32,167,117,0.1073,8,2013,0.2391,111,94,13,3.5124,12.1786,0.3005,603,956,0.414,high
47,75,81,0.0188,1,973,0.1108,336,410,6,0.6987,6.7246,0.0455,325,2887,0.8363,low
52,84,84,0.0202,2,670,0.0645,337,425,10,1.3923,6.1399,0.0666,380,2664,0.82,low
69,92,78,0.0085,1,771,0.1199,311,413,11,0.8251,4.795,0.0608,387,3171,0.7696,low
39,108,130,0.0465,3,971,0.2093,235,183,12,1.5531,10.1994,0.1579,510,2571,0.7194,medium
49,118,97,0.06,3,1427,0.2624,198,299,16,1.7204,5.2779,0.1916,630,2871,0.7526,medium
35,118,83,0.0578,4,1576,0.1655,250,181,9,1.1919,8.3668,0.1803,250,1844,0.5998,medium
58,139,65,0.0645,5,993,0.2185,253,271,12,1.8523,3.2172,0.088,594,2161,0.5344,medium
42,91,133,0.0708,3,1016,0.1616,169,197,12,1.554,6.9601,0.1994,347,1564,0.352,medium
23,127,177,0.1163,7,1978,0.2819,193,191,27,3.4162,17.7686,0.3236,691,1224,0.4091,high
67,92,76,0.0136,1,905,0.0881,315,497,10,1.4514,4.6088,0.0422,217,2953,0.8037,low
64,88,84,0.0198,1,982,0.0791,342,479,9,0.7674,7.5437,0.0855,266,3137,0.8853,low
52,109,146,0.0431,4,1190,0.226,230,359,12,1.6374,9.3947,0.1695,401,2183,0.6917,medium
39,86,102,0.0404,3,1135,0.1502,211,284,14,2.1534,14.1248,0.2269,176,2282,0.6724,medium
77,79,93,0.0047,1,1042,0.0829,339,350,5,0.9871,1.9309,0.0431,287,3887,0.8114,low
24,143,149,0.118,5,2825,0.2582,121,80,13,3.525,11.5401,0.268,559,910,0.4032,high
60,98,92,0.0139,1,835,0.0571,280,456,6,0.9526,6.9616,0.0724,374,3255,0.7938,low
51,114,89,0.0273,2,981,0.0998,264,407,7,1.2187,5.3349,0.0544,257,2503,0.8164,low
63,72,67,0.0103,1,1227,0.076,281,474,6,0.8014,5.4015,0.0498,298,3342,0.7615,low
50,98,103,0.0398,5,840,0.1439,230,346,10,0.9908,8.3476,0.1985,429,1447,0.7104,medium
61,91,87,0.0168,1,879,0.1184,268,503,8,0.5293,6.1651,0.0768,359,2949,0.8716,low
70,87,76,0.0185,2,857,0.0761,331,501,8,1.0475,5.2955,0.0875,353,2845,0.9128,low
58,78,79,0.0099,1,674,0.0955,286,482,7,1.3141,4.0283,0.0846,240,3253,0.8504,low
64,88,76,0.0252,1,904,0.0748,315,402,13,0.9827,4.5301,0.0806,326,3240,0.7952,low
49,115,95,0.0553,4,940,0.245,185,183,12,0.9528,10.8431,0.23,427,3168,0.5561,medium
42,94,70,0.0447,2,1318,0.1707,247,317,15,2.2468,10.3331,0.1701,439,1991,0.6255,medium
16,164,164,0.1208,4,1386,0.3185,113,170,26,2.795,14.9389,0.3336,657,876,0.4106,high
36,113,74,0.0304,3,1193,0.1722,206,267,15,1.9733,7.2413,0.1811,446,1723,0.6417,medium
44,112,135,0.0437,3,1376,0.1992,193,285,14,1.9343,8.8226,0.1034,480,2194,0.7612,medium
19,129,131,0.1013,8,2539,0.3702,92,132,16,1.5199,16.2239,0.3899,738,922,0.5929,high
61,92,96,0.0192,2,800,0.0632,334,426,7,1.3869,2.0444,0.0631,268,4072,0.7617,low
57,139,94,0.051,2,1471,0.1855,225,268,13,0.79,5.348,0.144,475,2483,0.6688,medium
55,96,74,0.0133,2,831,0.0753,362,511,8,0.6571,2.8183,0.0608,269,3157,0.7679,low
33,108,97,0.0554,3,824,0.2318,179,359,18,1.4944,10.4245,0.1065,433,2253,0.49,medium
23,129,134,0.1362,5,1919,0.3209,103,156,17,3.0772,13.2782,0.3353,563,1258,0.523,high
28,147,137,0.1398,8,1833,0.3231,111,241,16,4.0587,12.8995,0.2546,830,1276,0.2681,high
41,142,125,0.0511,5,976,0.1843,151,293,12,1.5023,8.073,0.1572,473,2233,0.5796,medium
33,156,135,0.1259,5,1669,0.2995,81,247,15,2.4733,13.2734,0.3882,601,995,0.375,high
60,112,83,0.0136,1,615,0.0506,295,362,9,0.5566,3.0224,0.0599,284,3810,0.7641,low
63,100,81,0.0159,2,680,0.0829,329,450,7,0.7338,3.4848,0.106,261,3085,0.7379,low
72,107,70,0.0193,0,749,0.0448,309,422,11,1.0568,4.3838,0.0646,298,2962,0.8842,low
29,173,121,0.0983,7,1728,0.3737,128,205,20,2.162,14.2809,0.3608,558,1156,0.3344,high
55,94,77,0.015,2,780,0.0259,288,431,7,1.1868,4.408,0.0645,373,3025,0.8508,low
57,79,80,0.0238,1,969,0.1214,236,470,7,0.3836,3.5735,0.0446,223,3525,0.8054,low
18,163,157,0.1731,8,1539,0.2097,116,199,12,4.1132,19.5962,0.263,607,1134,0.6224,high
28,167,163,0.1699,9,1500,0.2735,135,228,12,3.517,15.2568,0.2742,608,1346,0.5372,high
33,135,80,0.0571,5,1085,0.1788,248,311,15,0.693,9.0126,0.1574,542,1877,0.7063,medium
23,171,144,0.0529,7,1635,0.477,128,217,17,2.3387,11.1589,0.3189,556,1332,0.4515,high
48,81,75,0.0149,2,913,0.0996,312,389,6,0.6581,2.9361,0.0712,323,3146,0.7093,low
63,86,66,0.0194,1,501,0.0955,295,389,8,0.7931,4.1872,0.0488,239,2986,0.8399,low
53,123,108,0.0502,3,1793,0.1547,247,295,22,2.0387,6.387,0.1256,413,1860,0.5285,medium
47,82,81,0.009,1,628,0.0558,310,413,10,0.3428,6.3109,0.047,283,3333,0.8095,low
21,157,116,0.0898,12,1531,0.2378,108,144,19,2.2675,12.5053,0.3133,564,1120,0.3733,high
45,136,94,0.0408,3,1609,0.1546,184,246,14,1.9221,7.9264,0.1577,465,2216,0.6422,medium
57,96,102,0.0646,3,1831,0.2282,236,325,15,2.3123,7.8952,0.1702,355,2782,0.706,medium
62,92,82,0.0136,2,603,0.0656,334,409,6,0.9297,9.2934,0.0671,257,3180,0.8505,low
18,157,162,0.1086,9,1577,0.2915,121,212,18,3.0501,15.6274,0.307,611,1169,0.3749,high
65,116,62,0.0164,1,914,0.0725,287,353,7,1.2107,5.8692,0.0692,285,2653,0.8428,low
51,102,103,0.06,5,1573,0.1342,198,290,13,1.2465,9.1998,0.1203,331,2252,0.6562,medium
32,107,104,0.0648,4,1372,0.2605,225,318,8,1.5521,7.5602,0.1244,552,2308,0.7157,medium
42,119,105,0.0602,4,988,0.1568,249,300,21,0.9569,7.9821,0.1602,358,2455,0.6286,medium
46,137,85,0.061,4,1377,0.1868,260,281,12,1.4435,7.0813,0.1542,428,2455,0.635,medium
58,105,110,0.0585,2,1687,0.2182,193,326,12,3.1004,7.1778,0.1498,450,1946,0.6238,medium
74,96,76,0.0277,2,849,0.0337,367,462,4,0.7695,1.148,0.1074,229,3033,0.7606,low
44,116,112,0.0565,5,907,0.1546,204,302,14,1.9714,8.994,0.1393,542,2248,0.7869,medium
64,80,88,0.025,2,883,0.0653,328,442,5,0.8693,2.896,0.0445,197,3232,0.8164,low
47,128,90,0.0313,3,1095,0.1726,236,316,12,0.9788,9.6759,0.128,401,2204,0.6014,medium
48,133,129,0.0712,3,1193,0.166,230,260,12,1.8237,9.3555,0.1946,423,1667,0.6393,medium
22,112,127,0.1321,7,2221,0.3196,76,221,19,2.1926,15.7027,0.3972,480,1163,0.3043,high
32,179,133,0.1122,5,2536,0.3899,189,216,15,1.7124,16.2355,0.3064,857,950,0.3741,high
43,113,116,0.0578,5,1056,0.1705,229,220,11,2.1551,11.9768,0.2039,462,1923,0.5405,medium
37,143,106,0.0546,4,1546,0.1933,218,138,9,2.315,10.1897,0.1502,398,1977,0.7941,medium
32,156,149,0.0936,5,2001,0.3772,110,184,21,3.8279,14.0786,0.3736,630,1066,0.6182,high
66,82,96,0.0249,1,873,0.0626,315,369,11,0.6558,7.3319,0.0473,218,3295,0.8982,low
31,146,134,0.0825,8,2163,0.2929,142,152,12,3.7131,17.9022,0.3282,593,785,0.4073,high
69,91,86,0.0207,1,641,0.1013,282,514,7,0.5502,6.6995,0.0689,284,3011,0.892,low
43,112,86,0.044,1,967,0.236,232,265,5,0.6646,11.7842,0.1563,283,2360,0.6842,medium
53,141,104,0.0531,4,1485,0.1686,199,274,11,2.4396,10.4682,0.1684,476,1935,0.7463,medium
49,104,99,0.0403,4,1435,0.1886,248,279,10,2.4877,8.196,0.2299,272,2364,0.6863,medium
23,177,178,0.0903,7,2310,0.3007,131,228,25,1.6552,10.0226,0.393,676,1294,0.3275,high
43,137,87,0.0431,4,1103,0.2446,191,407,11,1.6843,7.8683,0.2084,578,2437,0.6534,medium
29,125,111,0.0686,2,1310,0.1638,261,306,16,2.3365,7.768,0.1466,426,2024,0.6227,medium
19,175,133,0.1404,7,2070,0.21,123,140,18,2.1266,10.6213,0.3432,594,1247,0.3172,high
20,151,146,0.1168,9,2378,0.2589,123,241,23,3.4645,14.7261,0.3188,675,933,0.3697,high
25,141,132,0.0761,10,1715,0.2101,159,135,17,3.8147,11.1667,0.3909,502,1404,0.2464,high
40,115,101,0.0593,2,1209,0.1361,252,281,11,1.8861,9.4392,0.1476,395,2472,0.6651,medium
41,115,130,0.0394,5,1265,0.1741,218,346,10,2.458,11.5977,0.1267,416,2661,0.5754,medium
33,164,151,0.0566,8,1850,0.3665,130,161,18,3.5569,18.997,0.2608,636,1346,0.4609,high
26,186,144,0.1648,9,1635,0.4017,148,154,10,3.2664,8.9741,0.3082,619,912,0.4648,high
47,125,94,0.0524,2,1371,0.1954,222,286,15,1.2991,5.7783,0.1702,346,2109,0.7095,medium
76,88,90,0.0063,2,547,0.0739,340,504,5,0.5719,2.6844,0.0676,342,4112,0.9178,low
66,102,80,0.0147,1,906,0.0937,304,343,8,1.4236,1.8993,0.084,283,3586,0.82,low
32,150,145,0.1481,7,1512,0.2951,87,122,23,4.3317,21.0726,0.3586,511,877,0.38,high
59,84,81,0.0168,1,606,0.0779,302,452,9,0.6877,4.5712,0.0655,253,2836,0.8083,low
56,101,94,0.0477,3,1274,0.122,176,333,15,2.0281,9.8447,0.1229,499,1818,0.6553,medium
60,93,62,0.0069,1,947,0.0922,327,394,9,0.5801,3.8087,0.0859,360,3235,0.793,low
26,121,121,0.0915,6,1023,0.3474,156,131,26,2.4793,13.8719,0.5488,423,416,0.4544,high
23,162,163,0.1068,6,2659,0.3871,109,192,12,3.53,19.8233,0.341,438,772,0.3384,high
21,154,158,0.1279,6,2181,0.3709,118,119,15,3.3483,15.4395,0.362,508,1052,0.5335,high
20,123,127,0.1314,6,1773,0.2928,127,141,11,4.0158,12.5885,0.2891,728,918,0.416,high
59,63,71,0.0251,1,901,0.0952,277,343,5,0.9917,3.4315,0.0542,359,2586,0.7909,low
61,90,96,0.0176,1,745,0.1015,290,371,7,0.3317,4.0773,0.0737,391,3646,0.8664,low
64,102,85,0.0217,1,663,0.0693,335,361,15,0.3484,5.326,0.0799,268,2918,0.8297,low
19,160,100,0.1053,6,2257,0.2747,68,168,17,1.4512,16.8585,0.28,909,1192,0.3966,high
51,93,116,0.0493,4,1605,0.1052,282,299,18,1.6948,9.0624,0.2017,465,2089,0.5675,medium
28,176,154,0.0713,5,1753,0.388,126,167,16,1.7353,13.4553,0.3634,694,1057,0.4716,high
57,101,71,0.0238,1,1058,0.0697,366,418,7,0.8411,2.9318,0.0689,225,3264,0.8148,low
24,154,199,0.1485,6,2739,0.2258,175,180,14,2.8883,13.6921,0.2595,648,980,0.4857,high
49,102,119,0.0503,4,1297,0.2187,188,350,12,1.3988,11.3158,0.1609,445,2774,0.691,medium
38,144,103,0.0811,4,1468,0.2259,168,185,13,1.8721,3.6558,0.1177,378,1258,0.5757,medium
51,106,101,0.0785,3,1370,0.1662,218,335,6,2.9816,8.5823,0.221,329,1720,0.584,medium
23,158,122,0.076,7,2693,0.3676,134,201,23,1.8222,8.9699,0.2686,662,1189,0.34,high
50,116,128,0.0523,3,1462,0.1563,230,248,11,1.5194,11.0577,0.2392,417,2564,0.5942,medium
58,106,85,0.0127,1,683,0.0732,305,296,9,0.9136,5.2444,0.0926,268,3620,0.8511,low
63,89,87,0.0151,2,608,0.0953,296,429,7,1.0201,3.7136,0.0658,214,2812,0.9027,low
50,75,68,0.0,0,711,0.1218,314,275,12,1.2565,3.5924,0.087,282,3964,0.7979,low
44,119,96,0.043,3,1066,0.2232,216,242,10,2.1441,11.5299,0.1482,400,2140,0.6536,medium
60,94,78,0.0121,0,1003,0.0607,324,503,6,1.6073,6.6002,0.1129,326,2292,0.9071,low
55,105,70,0.0122,1,572,0.0639,348,437,6,0.6077,4.82,0.0293,267,3111,0.8927,low
68,112,98,0.0155,1,629,0.0941,289,318,6,0.842,6.4693,0.0759,295,3208,0.8754,low
62,113,87,0.0059,2,607,0.052,306,376,13,0.8408,2.9208,0.0843,306,2962,0.871,low
27,237,145,0.093,7,1621,0.3795,179,173,15,3.068,16.2831,0.3555,761,1315,0.36,high
70,100,69,0.0158,1,825,0.102,311,503,9,1.0177,5.6448,0.0647,299,3495,0.825,low
26,114,125,0.0612,3,1318,0.1835,230,340,10,1.015,11.8912,0.2152,476,2207,0.5235,medium
72,102,63,0.0143,1,1061,0.0658,263,410,9,0.5921,4.7769,0.0692,173,3356,0.9183,low
21,182,141,0.1297,8,1941,0.2089,114,145,15,3.4139,12.6151,0.3247,589,1185,0.4388,high
17,167,171,0.1283,6,2122,0.1816,201,222,18,5.2327,15.6971,0.3127,755,637,0.607,high
57,99,72,0.0204,3,825,0.1021,301,423,5,1.3641,4.3531,0.0739,257,2760,0.8869,low
23,158,169,0.077,8,1960,0.3898,151,104,20,2.8933,14.4579,0.3728,549,1116,0.4385,high
32,158,175,0.1523,7,1772,0.141,164,226,11,2.7,14.1221,0.3665,469,1285,0.2675,high
53,94,82,0.0133,2,899,0.1003,274,374,4,0.6735,5.1233,0.075,263,3218,0.7598,low
62,95,67,0.0229,1,825,0.078,305,419,8,0.0,4.6438,0.0403,205,3352,0.8294,low
77,73,73,0.0086,2,978,0.0701,325,352,8,0.8762,3.1504,0.089,257,3371,0.8646,low
42,106,92,0.0557,3,1526,0.1939,176,309,10,1.3475,7.5662,0.1189,448,2079,0.7366,medium
57,92,84,0.0129,1,860,0.1057,283,472,9,1.2699,5.7015,0.0709,227,3435,0.8406,low
53,95,62,0.0264,1,652,0.0655,291,322,8,0.8029,4.3056,0.0815,325,3110,0.8851,low
54,65,75,0.0216,1,1091,0.122,295,451,8,1.1384,5.6973,0.1039,292,2806,0.8394,low
30,188,154,0.0893,7,1705,0.315,161,165,22,2.6078,14.2146,0.3235,720,1533,0.4602,high
29,175,124,0.077,6,2092,0.3495,118,156,21,2.9256,10.3365,0.3119,583,764,0.4037,high
54,73,72,0.0279,3,566,0.0872,331,573,5,1.1265,0.0,0.0201,316,3232,0.9136,low
19,149,155,0.0799,4,2441,0.3357,143,92,23,2.6545,13.2092,0.3482,602,1145,0.488,high
57,122,114,0.0802,4,1639,0.1776,211,264,7,0.7277,9.8796,0.2276,450,1993,0.6862,medium
52,97,111,0.0475,4,1402,0.094,163,235,11,2.2136,6.099,0.0808,289,1641,0.649,medium
38,123,113,0.046,3,1124,0.1197,268,177,8,2.3478,9.2456,0.1381,264,1925,0.6528,medium
28,156,135,0.1178,7,1341,0.3815,116,102,14,2.9847,15.0346,0.3272,494,658,0.3966,high
39,134,90,0.0498,3,1589,0.2332,198,366,13,1.4349,13.5256,0.1159,309,1778,0.5847,medium
35,166,135,0.0991,4,2195,0.367,90,198,15,2.5989,11.7606,0.4379,604,813,0.3968,high
23,156,128,0.1129,9,2496,0.3765,129,143,16,3.1935,11.5117,0.4481,567,1082,0.3777,high
69,71,91,0.0141,2,671,0.0924,354,398,9,0.7234,4.8065,0.0711,222,2895,0.8036,low
54,99,85,0.0167,1,912,0.0739,287,464,5,0.7778,4.1598,0.0766,329,3834,0.8395,low
35,168,137,0.1344,7,2291,0.3014,62,169,17,4.6786,13.3128,0.353,762,789,0.3902,high
13,166,167,0.0901,9,2192,0.3566,151,194,20,4.572,17.7314,0.2714,557,911,0.3602,high
41,128,118,0.0542,4,1279,0.1517,203,189,13,0.8448,8.457,0.1281,484,2660,0.6488,medium
22,125,156,0.1264,6,2679,0.3352,121,192,15,2.9003,11.0992,0.3438,554,1376,0.4187,high
53,99,91,0.0,0,651,0.0698,337,448,3,0.5409,1.2571,0.0996,283,3768,0.6993,low
39,115,119,0.0622,4,1309,0.1685,221,353,12,1.7258,10.8395,0.1105,372,2069,0.8156,medium
40,138,108,0.0427,3,1174,0.2161,224,212,11,2.0196,7.0874,0.1932,566,2213,0.5992,medium
47,98,105,0.0413,4,1599,0.2331,199,298,8,1.8222,6.6438,0.1985,528,1737,0.7645,medium
26,202,141,0.1248,9,1622,0.3434,94,192,19,2.6034,9.0932,0.3801,472,1048,0.4585,high
63,106,82,0.0136,2,589,0.0883,321,401,11,1.0498,4.2133,0.0527,254,2968,0.785,low
30,168,144,0.0986,6,2937,0.173,99,113,12,3.121,14.5934,0.357,515,1223,0.3704,high
42,130,96,0.0534,5,1809,0.1732,232,300,10,1.1979,10.9632,0.1934,463,2287,0.4783,medium
49,74,87,0.0175,2,1049,0.0902,348,407,10,0.7646,2.9383,0.0613,338,2372,0.8802,low
64,69,91,0.0072,1,786,0.1054,331,408,8,0.9301,4.2703,0.0792,307,3538,0.8313,low
28,152,153,0.1169,7,1929,0.357,133,167,21,1.9879,14.4407,0.3496,692,1199,0.293,high
54,97,88,0.0128,0,910,0.0535,225,421,9,0.5946,3.3502,0.0683,347,3602,0.803,low
25,167,130,0.1197,8,2001,0.2798,117,102,16,2.7304,13.8402,0.4062,392,881,0.3365,high
39,107,69,0.0508,3,1591,0.1801,210,319,8,1.9719,10.0031,0.1648,341,1387,0.5542,medium
25,155,141,0.1154,7,1765,0.2801,117,244,18,4.1935,17.4352,0.3541,524,1006,0.4808,high
50,89,89,0.0198,1,943,0.1045,228,508,10,0.8846,4.5576,0.0529,281,3056,0.8511,low
71,103,68,0.0145,1,856,0.0898,300,391,11,0.7264,4.8661,0.0578,86,2696,0.8419,low
28,178,131,0.0635,8,2622,0.3081,149,144,10,4.0939,11.7687,0.4352,763,1479,0.3215,high
45,124,112,0.0445,5,1146,0.1503,254,267,10,1.8258,7.3994,0.1464,445,2111,0.7274,medium
65,83,77,0.0191,1,880,0.0688,312,394,9,0.8277,6.6989,0.0773,252,3324,0.8786,low
48,145,112,0.0592,3,1785,0.1795,245,244,8,2.1831,12.9006,0.126,381,2537,0.7051,medium
32,160,186,0.1305,4,1625,0.4375,123,190,18,2.737,15.0797,0.3337,818,1248,0.442,high
71,123,90,0.0197,1,542,0.0826,361,465,7,1.1775,4.0611,0.0473,253,3162,0.8413,low
24,149,156,0.1353,8,1920,0.3129,136,110,13,3.6491,13.2819,0.289,474,1108,0.3574,high
22,172,162,0.0687,7,2051,0.3684,111,182,8,1.1572,14.3067,0.3189,432,885,0.322,high
51,124,115,0.0562,6,1449,0.158,196,192,8,2.9747,13.0949,0.177,322,1577,0.7209,medium
41,118,94,0.0519,2,1561,0.1736,236,301,10,1.9656,5.5897,0.2217,502,1888,0.716,medium
55,86,67,0.0081,1,796,0.0994,305,429,9,0.7481,6.7373,0.0542,335,3299,0.8916,low
35,153,118,0.149,5,1544,0.2978,93,110,17,3.7746,14.2884,0.3337,471,1611,0.5289,high
17,134,117,0.1018,6,1197,0.28,107,160,18,3.6894,18.6867,0.3345,577,983,0.4198,high
59,97,84,0.018,1,845,0.0438,318,461,10,0.9907,4.8917,0.065,217,3758,0.8091,low
43,145,88,0.069,3,1437,0.2049,184,297,7,2.0328,8.8553,0.2126,360,1772,0.6638,medium
60,87,76,0.0162,2,845,0.0813,316,358,9,0.6226,3.0248,0.0925,258,3226,0.8339,low
55,106,94,0.0194,2,937,0.0857,276,377,8,0.5939,3.8112,0.1125,337,2975,0.8755,low
26,144,146,0.097,7,2033,0.2687,154,176,26,3.718,19.1375,0.2628,764,1089,0.4171,high
69,124,108,0.0119,1,537,0.0934,333,418,6,0.7586,2.9783,0.0702,267,3567,0.7699,low
65,96,75,0.0072,1,775,0.0942,317,444,9,0.9883,4.306,0.0607,286,3424,0.9084,low
60,124,100,0.0687,4,1318,0.2236,155,322,8,1.1132,7.7968,0.1912,386,2230,0.6161,medium
30,164,146,0.1252,7,2202,0.3868,162,221,17,2.9788,6.9654,0.3521,707,767,0.4448,high
46,119,93,0.0327,4,1419,0.1943,225,387,10,2.3856,10.3098,0.1468,440,2380,0.6644,medium
63,105,89,0.0223,1,1039,0.0426,319,368,9,1.0752,5.3384,0.0357,272,2881,0.8453,low
25,145,114,0.0918,8,2487,0.337,122,147,23,2.1489,14.8678,0.3713,566,1018,0.3139,high
75,111,91,0.0257,2,817,0.0838,284,400,9,0.46,4.1926,0.0461,313,3135,0.7865,low
46,122,92,0.016,0,1792,0.1403,243,250,10,2.6161,12.7052,0.2237,378,2417,0.7164,medium
26,141,149,0.1062,6,2170,0.2959,86,257,20,1.8426,12.8164,0.3529,569,1252,0.3071,high
30,158,165,0.0999,7,1922,0.368,149,143,15,3.9241,14.6905,0.3707,477,920,0.4796,high
68,102,63,0.0127,1,871,0.0233,337,426,6,0.5876,3.8876,0.0633,250,3261,0.7393,low
41,112,103,0.0388,3,1290,0.1953,210,290,4,2.6691,8.9343,0.1726,536,1485,0.557,medium
23,120,170,0.0968,9,2562,0.2443,143,203,22,3.0466,14.6541,0.3953,270,2069,0.5378,high
48,115,126,0.0396,3,1574,0.231,215,264,15,2.7286,7.7995,0.1394,422,1503,0.6561,medium
12,173,135,0.1321,6,2446,0.2654,124,168,11,3.3454,18.7129,0.4159,601,1147,0.4652,high
51,103,80,0.0311,1,971,0.1048,304,523,6,1.0862,4.2292,0.0939,365,2843,0.7545,low
60,72,74,0.0199,1,1104,0.087,327,389,7,0.972,8.8291,0.0637,256,3401,0.8042,low
34,141,117,0.0553,3,1591,0.1776,212,279,13,2.6531,9.1346,0.2154,423,2381,0.6474,medium
52,99,75,0.0129,1,820,0.0813,335,356,7,0.5398,4.1544,0.0496,313,2950,0.9012,low
53,132,112,0.069,4,1288,0.19,218,241,8,2.172,11.3572,0.1735,402,2591,0.6888,medium
54,86,73,0.0228,2,775,0.0789,279,494,6,1.1697,4.0518,0.0712,286,3628,0.8681,low
40,123,118,0.0608,3,1473,0.1421,251,381,13,2.1868,5.9443,0.107,482,2039,0.6244,medium
21,166,175,0.0815,10,2278,0.1597,160,170,17,2.0673,14.7202,0.3125,495,1357,0.5227,high
64,100,76,0.0207,1,720,0.0583,313,530,10,0.4637,4.6762,0.0884,230,3407,0.7628,low
55,110,95,0.0221,1,667,0.0791,323,527,8,0.7307,7.2687,0.0545,278,2605,0.8347,low
50,112,108,0.064,3,1095,0.188,246,303,13,1.9164,9.8005,0.1739,374,2056,0.6305,medium
34,176,149,0.0985,7,1928,0.3227,124,106,18,2.1588,16.5119,0.2836,600,870,0.5158,high
62,102,75,0.0123,1,707,0.0759,327,460,8,1.0899,6.179,0.072,285,3356,0.799,low
60,97,71,0.0094,1,543,0.099,333,338,11,1.452,4.627,0.0626,232,3515,0.8419,low
41,146,115,0.0462,4,1271,0.1852,224,281,14,1.6617,5.4142,0.1553,320,2137,0.7532,medium
42,93,111,0.0545,5,1811,0.1194,214,267,10,2.5907,8.7507,0.1373,432,1600,0.5724,medium
73,83,70,0.004,2,839,0.0792,252,320,11,1.3785,2.7683,0.0481,280,3138,0.7639,low
66,94,85,0.0146,1,672,0.081,329,422,13,1.0286,4.7994,0.0529,270,3637,0.844,low
49,129,91,0.0588,3,1150,0.1746,234,323,11,1.6643,8.8696,0.1121,387,1914,0.689,medium
50,90,71,0.0026,2,937,0.1152,338,467,6,0.7393,2.4776,0.0937,328,4025,0.8286,low
27,173,113,0.1207,6,2280,0.2606,136,156,16,3.0617,15.7314,0.4409,541,558,0.362,high
58,104,90,0.0162,0,904,0.0848,350,472,8,0.8492,4.0126,0.088,227,3154,0.8209,low
33,160,146,0.1042,6,1759,0.3372,139,115,13,3.5841,14.3503,0.3961,554,994,0.342,high
47,123,119,0.0453,3,1082,0.1259,185,267,15,1.112,9.821,0.1595,435,2271,0.5657,medium
59,95,82,0.0295,2,634,0.0802,285,376,10,1.4998,4.5237,0.077,235,3013,0.881,low
62,113,78,0.0252,0,730,0.065,275,358,12,0.8836,4.396,0.0717,309,3438,0.8513,low
63,76,81,0.0057,1,792,0.0849,359,346,8,0.2687,3.8774,0.0752,230,3213,0.8149,low
32,173,124,0.1006,8,1780,0.1618,117,142,26,2.6113,15.7279,0.3024,778,703,0.5624,high
18,144,188,0.1379,7,2190,0.3962,92,191,15,3.5587,11.4752,0.1501,711,964,0.4162,high
35,88,98,0.0577,6,1181,0.1602,242,332,12,1.9896,11.1806,0.1983,397,2093,0.8068,medium
27,140,108,0.0555,3,1443,0.1091,261,342,11,1.3889,8.509,0.2228,488,2217,0.6328,medium
76,113,87,0.008,2,836,0.0766,291,456,7,0.7843,0.4614,0.0961,216,3067,0.7547,low
66,69,86,0.0232,1,802,0.0818,355,477,9,0.8124,7.1357,0.063,231,4192,0.7902,low
23,145,115,0.1131,6,2125,0.2975,102,250,23,3.0563,13.0288,0.3198,692,1426,0.45,high
18,164,151,0.0541,7,2239,0.2783,128,95,20,2.5735,16.4379,0.2684,588,1436,0.5291,high
56,141,89,0.0467,2,966,0.1111,266,211,16,2.0146,9.9417,0.1867,268,1645,0.7425,medium
54,127,105,0.0508,3,1506,0.1361,193,346,6,1.9237,7.9961,0.2415,485,1519,0.8142,medium
31,173,156,0.1068,7,1705,0.2921,70,240,20,2.6129,14.6928,0.324,607,1186,0.2964,high
59,105,61,0.0275,1,686,0.1164,282,456,10,0.7185,5.8579,0.0536,243,3766,0.8785,low
52,121,110,0.0446,3,1119,0.2003,271,289,17,0.9642,5.73,0.2447,684,2531,0.6966,medium
59,99,76,0.0142,1,620,0.0676,311,496,7,0.851,6.462,0.0513,237,3126,0.8413,low
71,58,99,0.0163,1,867,0.0632,293,410,6,0.5373,5.1455,0.0226,250,2955,0.7117,low
68,93,78,0.0288,2,919,0.1002,295,509,7,0.4606,6.632,0.0554,235,3167,0.8107,low
23,146,170,0.1069,7,3249,0.2799,127,158,19,1.4206,15.2767,0.3158,777,1050,0.3156,high
44,122,121,0.0537,4,1262,0.2047,212,375,14,1.3594,8.0369,0.2167,477,2548,0.6177,medium
26,161,130,0.1344,7,2041,0.2736,101,118,17,2.1979,14.3512,0.3806,424,866,0.4185,high
54,100,86,0.0203,1,846,0.12,331,435,9,0.597,3.6505,0.0781,306,2671,0.8128,low
26,168,132,0.1402,8,2036,0.4414,193,192,22,3.0237,14.9719,0.3859,757,1472,0.3076,high
24,132,150,0.1276,6,1905,0.3572,110,162,19,3.4046,11.3536,0.2761,713,1463,0.5426,high
16,143,151,0.1158,5,2329,0.3461,123,148,19,2.9559,15.1172,0.3657,660,982,0.3264,high
30,197,142,0.0881,6,2544,0.1897,115,188,17,4.5439,16.4558,0.4324,478,1306,0.4428,high
21,148,143,0.0796,5,2835,0.2198,97,144,23,2.1521,17.5061,0.3688,634,895,0.554,high
32,105,104,0.0549,3,1523,0.1602,213,285,13,2.5412,10.0522,0.1913,445,2210,0.707,medium
50,80,84,0.0047,1,808,0.0785,303,445,9,0.7635,5.3054,0.0782,275,3912,0.9137,low
35,190,151,0.1295,5,1799,0.349,100,159,22,3.0919,14.3099,0.305,688,1221,0.4368,high
18,168,160,0.1279,7,1989,0.2734,176,165,20,2.9401,15.4623,0.4168,708,1468,0.5019,high
78,66,70,0.0174,2,924,0.0687,263,385,7,0.6455,3.7628,0.085,271,2709,0.7539,low
29,134,158,0.0827,9,1645,0.2401,118,145,22,2.9032,11.7568,0.3122,774,1136,0.3649,high
34,105,113,0.0629,3,1472,0.1936,179,240,13,0.962,6.517,0.1693,507,2290,0.6013,medium
43,124,102,0.0531,4,1600,0.1217,210,347,5,2.1412,8.676,0.1803,474,2384,0.6177,medium
32,122,114,0.0873,3,1391,0.1796,227,293,18,1.1594,10.9441,0.1244,425,2294,0.6479,medium
23,182,123,0.141,6,1158,0.3711,111,127,19,3.1408,13.6688,0.3502,547,853,0.4012,high
39,143,153,0.1333,10,1937,0.3537,95,136,21,2.62,8.6666,0.4231,738,911,0.5373,high
28,154,105,0.1215,7,2571,0.3764,124,132,23,3.8521,13.6142,0.373,668,1105,0.4923,high
69,80,67,0.0345,1,937,0.0472,259,444,11,1.1597,5.6272,0.0706,290,3561,0.7686,low
47,110,99,0.0533,5,1408,0.2451,199,317,10,2.1134,10.0481,0.197,426,1772,0.7676,medium
77,98,56,0.0244,1,823,0.0856,356,386,12,1.2253,5.3033,0.0812,274,3528,0.8177,low
56,86,108,0.0653,2,1398,0.2373,230,355,11,1.4104,5.4034,0.1814,319,2159,0.6803,medium
41,112,118,0.0371,4,1499,0.1318,220,260,16,1.2242,8.7681,0.1338,350,1929,0.7082,medium
44,130,84,0.0833,6,1753,0.0729,237,289,12,2.165,11.9393,0.1574,419,1833,0.5322,medium
66,106,73,0.0163,1,784,0.0674,238,417,6,1.0266,5.6634,0.2018,218,3528,0.8294,low
14,141,177,0.0914,5,2194,0.2969,108,90,13,1.5584,11.5034,0.3593,760,1326,0.4737,high
56,86,59,0.0165,1,857,0.0926,302,399,7,1.1757,6.7216,0.0625,281,2973,0.848,low
32,153,136,0.0724,6,1561,0.2537,112,137,26,4.0631,9.7578,0.2728,468,1403,0.4017,high
69,90,100,0.0137,1,838,0.1279,281,442,7,0.7027,5.0296,0.0783,245,3020,0.7669,low
36,152,106,0.1441,8,2286,0.2993,69,135,14,2.518,16.3345,0.3107,779,1207,0.4383,high
51,102,95,0.0516,3,1311,0.1716,249,131,11,1.8024,10.1472,0.1788,358,2077,0.6825,medium
24,155,163,0.1181,7,2465,0.2933,114,98,17,3.1367,17.4073,0.249,610,733,0.5321,high
37,186,164,0.1633,8,1942,0.2254,100,174,19,3.0337,17.4062,0.4342,935,994,0.4012,high
35,184,135,0.1018,11,2275,0.1686,129,46,17,3.9067,8.5025,0.2908,575,1031,0.3155,high
44,115,97,0.0578,3,1581,0.1472,282,270,11,1.9446,7.1348,0.1507,497,2533,0.7023,medium
41,142,102,0.0491,4,1355,0.2154,182,313,8,2.7157,8.9785,0.213,301,1890,0.6605,medium
46,87,112,0.0393,5,1034,0.1506,164,332,16,2.7855,5.3905,0.1894,298,2187,0.6497,medium
32,141,164,0.1641,6,1457,0.2066,145,196,13,3.5809,14.2406,0.3069,660,1662,0.2959,high
72,69,77,0.0229,1,403,0.0872,317,515,6,1.0043,4.8543,0.0658,224,3275,0.8856,low
18,158,134,0.1296,7,1851,0.2137,122,183,15,3.7362,17.9704,0.2759,412,925,0.3278,high
58,88,63,0.0124,1,577,0.0877,284,406,5,1.0668,4.0876,0.0546,262,2725,0.8658,low
55,107,72,0.0095,2,944,0.059,310,409,8,0.7857,4.472,0.0723,265,4221,0.8421,low
66,105,83,0.0271,1,956,0.0569,311,409,4,0.7756,3.5319,0.1046,302,2709,0.8049,low
43,98,90,0.0495,3,1050,0.1952,284,247,12,2.3799,9.7896,0.2664,490,2709,0.5894,medium
33,103,91,0.0539,4,1405,0.1586,229,324,12,2.8494,6.1879,0.1257,311,2345,0.6779,medium
49,97,90,0.0539,2,1338,0.1687,248,369,14,2.1408,8.5899,0.161,407,1858,0.6203,medium
61,91,79,0.0195,0,846,0.1085,326,340,10,0.1933,5.5046,0.0465,360,2541,0.7921,low
54,104,88,0.0209,1,894,0.0753,364,475,8,0.734,4.3236,0.0721,325,3948,0.8336,low
34,122,131,0.0622,2,1534,0.1231,241,299,9,2.4155,9.692,0.1914,401,1866,0.6084,medium
71,120,60,0.003,1,688,0.079,274,432,5,0.5031,5.6002,0.0509,263,3412,0.736,low
64,96,80,0.0196,2,790,0.0566,301,416,8,1.209,5.6373,0.0693,298,2950,0.8338,low
43,107,97,0.0624,3,1070,0.1635,235,275,14,2.2252,9.7433,0.1417,387,2292,0.7494,medium
41,103,110,0.0629,3,1384,0.2007,273,244,16,1.7562,8.9888,0.2423,447,2247,0.5386,medium
31,108,105,0.0458,5,1135,0.1745,165,317,9,1.8969,5.9819,0.1873,367,2231,0.5982,medium
26,143,132,0.0894,8,2441,0.2812,136,95,27,2.5349,8.8349,0.2797,491,1310,0.425,high
41,132,113,0.0719,3,675,0.1621,196,256,13,1.3533,11.8909,0.1464,313,1651,0.7528,medium
42,123,117,0.0594,2,1577,0.2375,244,185,15,1.4599,8.0717,0.2039,483,1649,0.5449,medium
57,101,108,0.0163,1,939,0.0876,369,490,8,0.6876,3.5303,0.0749,220,3315,0.7203,low
18,196,149,0.079,6,2141,0.2921,122,128,15,2.5678,13.9096,0.3507,793,1046,0.5827,high
49,109,103,0.0722,2,1103,0.1778,198,280,7,2.5235,8.6598,0.2192,392,2151,0.6621,medium
32,91,94,0.0601,4,1805,0.1587,249,301,11,2.001,9.2719,0.1541,428,2192,0.6425,medium
48,105,82,0.0123,1,911,0.0656,330,371,8,1.0814,6.8913,0.1115,314,2991,0.8806,low
39,123,88,0.0592,3,737,0.127,267,326,11,1.5473,8.3093,0.1714,464,2362,0.6174,medium
42,94,111,0.0572,3,1291,0.2397,173,283,11,2.3665,8.1927,0.1654,354,2251,0.5996,medium
55,137,104,0.0545,4,1013,0.1724,256,283,15,1.9284,5.9567,0.1419,408,2636,0.6527,medium
54,98,63,0.0225,1,958,0.03,307,551,5,0.8241,3.0595,0.072,275,3088,0.7677,low
47,139,92,0.0538,3,1006,0.1986,222,335,8,1.797,10.5508,0.1548,369,2267,0.6735,medium
46,125,94,0.0718,3,1070,0.1908,209,402,18,1.7341,9.8476,0.1997,498,2224,0.7586,medium
64,85,70,0.0154,1,1026,0.0788,315,442,8,0.4102,4.7773,0.0689,241,3339,0.8747,low
24,160,159,0.1378,10,1905,0.2946,128,159,17,3.8681,13.3558,0.3336,553,1041,0.551,high
49,116,92,0.0464,3,1509,0.1851,223,262,17,2.315,8.0126,0.1816,592,1974,0.5974,medium
34,160,179,0.0914,9,2247,0.355,118,183,17,3.8695,14.6098,0.2904,773,955,0.3024,high
25,160,179,0.078,8,2095,0.1883,128,61,20,3.539,6.0366,0.2909,786,640,0.3731,high
60,82,90,0.0586,5,1243,0.1067,242,271,11,2.3634,10.6762,0.1397,443,2796,0.5862,medium
65,107,62,0.0321,1,678,0.1,304,419,7,1.8136,7.7591,0.0892,252,2976,0.7978,low
68,86,84,0.0068,1,924,0.0526,220,462,10,0.8894,2.2989,0.0627,264,3051,0.8013,low
66,105,83,0.0225,1,665,0.1044,367,427,6,0.7038,5.7518,0.0776,279,2701,0.8388,low
20,187,148,0.0621,11,2610,0.3806,151,91,24,2.7622,15.406,0.3726,632,379,0.4853,high
30,164,154,0.1162,5,2323,0.373,129,55,15,3.9477,12.2214,0.315,634,1370,0.4682,high
21,119,131,0.1279,6,2104,0.3059,98,216,14,2.9954,11.7345,0.4071,630,1169,0.3318,high
57,97,84,0.0097,1,638,0.0598,319,422,6,1.4228,5.1636,0.0715,282,3434,0.7665,low
44,130,103,0.045,4,1287,0.2293,148,239,15,2.3949,10.0847,0.1779,430,2423,0.561,medium
62,103,79,0.0162,1,896,0.1034,310,352,14,0.7235,3.1774,0.0857,334,2961,0.8289,low
33,123,150,0.1635,8,1829,0.2737,74,197,13,4.6563,16.3182,0.3403,527,1042,0.4522,high
16,128,109,0.0959,9,2175,0.2761,139,164,16,1.5098,17.3893,0.3363,748,884,0.3549,high
49,91,65,0.0311,1,720,0.0946,313,507,9,1.4863,6.555,0.0734,299,2904,0.8369,low
65,117,63,0.0137,1,655,0.0267,316,352,7,0.836,5.3859,0.0747,287,3065,0.733,low
71,95,91,0.0192,0,722,0.0821,361,309,5,1.1495,5.3252,0.0703,291,3547,0.8019,low
57,134,100,0.0503,4,1826,0.1615,295,389,15,2.8691,10.7566,0.154,430,2507,0.5988,medium
37,122,133,0.0587,4,1535,0.1191,205,289,6,2.0611,8.5082,0.1194,490,1720,0.687,medium
38,120,121,0.0707,3,1352,0.169,237,319,11,1.3995,9.372,0.1177,456,2213,0.5956,medium
41,103,111,0.0526,2,1190,0.0888,207,301,11,1.7695,9.4755,0.1408,273,1877,0.5787,medium
61,123,68,0.0561,3,1015,0.1306,197,329,7,1.8416,7.1869,0.2167,385,2257,0.6056,medium
46,113,109,0.0622,2,907,0.1262,238,297,11,1.8394,10.216,0.2134,362,2150,0.6255,medium
25,125,157,0.1152,8,1898,0.264,117,115,16,2.862,13.6243,0.4188,516,1317,0.4155,high
22,174,143,0.0821,10,1692,0.4,115,221,16,1.8943,16.0741,0.3723,664,1187,0.4573,high
31,126,125,0.132,9,1740,0.3126,100,135,21,2.8866,12.7353,0.147,679,1132,0.4394,high
60,78,75,0.0154,0,826,0.0526,276,411,8,1.5961,4.8777,0.0355,343,3861,0.7742,low
68,87,68,0.0204,2,632,0.0985,299,429,5,1.0142,5.5942,0.0686,227,2630,0.8306,low
54,102,71,0.0244,1,710,0.0593,374,445,8,1.059,2.267,0.0719,358,3243,0.7624,low
50,77,86,0.0071,2,758,0.0911,298,473,8,0.9745,5.6365,0.0647,246,3906,0.7891,low
33,115,87,0.0448,3,1180,0.2297,279,319,12,1.3525,11.7927,0.1655,337,2433,0.6073,medium
41,69,76,0.0219,2,1184,0.0688,324,431,5,0.8215,4.0688,0.0697,334,3684,0.8305,low
53,104,84,0.0508,4,1263,0.1803,227,282,14,0.989,8.8447,0.2069,281,1837,0.6206,medium
29,115,93,0.0507,4,1006,0.185,254,264,8,2.6095,7.0581,0.1252,541,2072,0.7063,medium
21,140,159,0.1794,7,1999,0.3426,123,135,20,3.2473,14.1038,0.4083,594,1049,0.3784,high
14,173,185,0.0962,9,2130,0.4007,107,222,20,4.3661,3.8278,0.2514,669,1132,0.2857,high
59,77,94,0.0161,1,989,0.0681,326,450,10,0.9861,3.4198,0.0573,262,2793,0.8154,low
17,155,129,0.1015,6,2214,0.2799,124,235,23,4.7746,17.1849,0.2814,666,1209,0.7099,high
52,124,92,0.0647,5,1270,0.1791,224,374,12,1.3357,9.5594,0.2445,516,2450,0.8076,medium
47,84,80,0.0157,2,536,0.0855,273,466,8,1.0561,4.5833,0.0755,161,2909,0.8432,low
64,110,81,0.0095,0,1085,0.0579,385,446,8,0.1389,5.4915,0.0417,264,3588,0.842,low
55,83,82,0.014,1,757,0.0604,287,489,8,0.6879,4.7533,0.0675,259,3584,0.8243,low
71,122,73,0.0188,2,912,0.1072,302,476,8,0.3847,2.0518,0.0631,227,3258,0.8931,low
56,100,84,0.0133,1,1019,0.0694,304,274,7,0.9227,2.6478,0.0663,275,3732,0.8234,low
41,126,114,0.0682,3,1298,0.1514,257,305,16,2.296,4.3915,0.1501,503,2314,0.7336,medium
67,103,83,0.0175,1,651,0.0951,265,519,7,0.9281,5.0037,0.0751,393,2922,0.8267,low
49,92,85,0.0192,2,840,0.0488,276,471,6,0.9734,7.7375,0.0783,287,3423,0.7822,low
45,128,124,0.0462,6,1324,0.2144,189,255,18,2.2246,4.6893,0.2209,434,2588,0.6675,medium
47,119,121,0.0557,4,1354,0.2545,256,175,14,2.4575,11.066,0.1983,432,2280,0.7336,medium
30,172,140,0.1326,6,2680,0.3021,108,70,10,4.201,11.6099,0.2227,729,653,0.3849,high
31,119,101,0.0374,4,1384,0.1543,204,280,10,1.3112,11.6754,0.1942,389,2623,0.5616,medium
19,144,152,0.062,5,2500,0.3228,151,139,20,4.1335,21.9296,0.3022,500,1139,0.3635,high
41,84,103,0.0588,3,1373,0.1302,257,298,17,1.9026,11.6983,0.1816,237,1534,0.6387,medium
52,112,117,0.0436,4,1373,0.2037,173,281,15,1.28,6.953,0.1908,522,1899,0.6829,medium
20,206,157,0.1599,6,1912,0.3294,145,189,25,2.2065,13.1297,0.3583,508,906,0.3042,high
62,82,85,0.0175,1,1017,0.0553,308,438,5,1.048,5.0822,0.0835,245,3406,0.7883,low
65,94,84,0.0211,1,636,0.0822,282,332,8,1.2278,6.1827,0.0406,264,3045,0.8156,low
42,129,107,0.0617,5,1588,0.0681,272,285,12,1.2534,9.3938,0.1724,329,1782,0.736,medium
24,152,145,0.1382,8,1598,0.3093,139,214,18,2.8635,12.8851,0.3361,657,945,0.2839,high
30,168,145,0.1252,10,1448,0.2905,134,220,9,2.1689,18.5817,0.3873,748,1004,0.4425,high
50,143,113,0.0308,3,1440,0.1681,247,232,11,2.3495,12.727,0.1709,413,1358,0.5917,medium
60,110,106,0.0756,4,1500,0.221,212,285,9,2.3483,6.7403,0.0829,546,2042,0.7437,medium
44,117,95,0.0661,2,1715,0.123,214,311,8,1.4893,11.3605,0.1294,365,1788,0.6356,medium
31,158,144,0.0934,4,2181,0.3043,122,222,20,3.7814,14.167,0.3384,553,939,0.509,high
51,111,88,0.0509,1,1513,0.1807,288,360,9,1.2218,9.8481,0.2424,479,2353,0.6907,medium
49,92,88,0.0235,1,854,0.0925,375,399,11,1.0277,5.8665,0.0494,358,3333,0.7965,low
38,131,113,0.0622,3,1896,0.2019,221,286,14,1.352,5.8805,0.156,346,2697,0.6572,medium
48,135,112,0.0651,4,1573,0.2523,225,358,14,2.4055,8.0555,0.2732,369,2129,0.6504,medium
50,147,88,0.0508,3,1411,0.1467,209,351,15,1.5728,7.556,0.1232,419,2239,0.6728,medium
49,143,73,0.0501,4,1421,0.1491,223,207,10,2.7617,10.316,0.0694,551,1688,0.6782,medium
22,118,174,0.0785,8,2144,0.3351,121,174,21,2.9924,18.9522,0.4302,630,1232,0.407,high
39,127,94,0.065,3,1840,0.1832,239,222,18,1.8707,9.5755,0.125,373,2288,0.6551,medium
31,139,138,0.0683,9,1912,0.3141,131,179,14,2.2724,14.4106,0.3889,538,1329,0.3275,high
55,133,96,0.0473,6,1410,0.1423,272,369,14,1.2069,6.7558,0.2182,555,2241,0.5747,medium
61,107,86,0.019,1,781,0.1178,300,481,9,0.1986,5.1802,0.0692,402,3103,0.8041,low
32,174,162,0.0922,6,1639,0.4768,94,134,11,1.8995,12.7675,0.3468,513,1081,0.4463,high
55,116,86,0.0166,1,693,0.0709,328,423,6,1.1045,5.6616,0.0982,302,3023,0.776,low
26,149,166,0.1213,8,2763,0.2333,99,128,14,3.891,14.7609,0.4755,578,769,0.3823,high
50,80,117,0.0546,5,1616,0.1829,270,275,16,1.7718,7.9802,0.1976,398,2409,0.6693,medium
65,89,67,0.023,2,1092,0.075,319,363,9,1.2751,7.1726,0.0705,277,2711,0.7744,low
24,153,169,0.0849,5,1765,0.2915,185,163,14,2.3481,15.806,0.2761,757,924,0.5245,high
68,76,80,0.0235,1,694,0.0699,339,460,7,1.2487,7.6541,0.083,332,3001,0.8818,low
26,115,119,0.1066,6,3047,0.3154,76,137,15,2.761,14.3134,0.3204,449,872,0.4864,high
73,114,95,0.0115,2,200,0.075,251,349,8,0.8543,4.6624,0.0967,268,4053,0.8227,low
48,118,101,0.0671,3,1666,0.1755,260,321,10,2.3638,11.2716,0.1777,377,1845,0.6572,medium
30,144,156,0.1129,7,2065,0.1626,102,110,24,3.9703,11.079,0.3812,659,662,0.5005,high
65,86,96,0.0211,1,748,0.0948,308,285,9,0.8992,3.0607,0.0735,228,3936,0.7486,low
81,70,95,0.0167,2,743,0.0688,246,402,7,0.9558,7.7634,0.0603,244,3386,0.8809,low
25,139,147,0.1184,7,1939,0.3064,170,159,18,3.4052,14.05,0.4045,754,574,0.3312,high
24,144,116,0.1265,8,994,0.2937,100,132,15,2.7035,9.5975,0.2959,673,1066,0.5174,high
20,180,143,0.1316,6,2212,0.3259,160,128,14,2.0978,5.5302,0.3729,708,797,0.3376,high
48,133,124,0.0603,4,1348,0.1442,166,314,15,1.4216,9.4722,0.1828,325,2002,0.7236,medium
53,108,93,0.0758,3,663,0.1822,205,265,14,1.7728,8.1086,0.166,417,2223,0.6603,medium
29,200,155,0.1128,10,1007,0.3653,67,182,20,2.5949,6.9862,0.2805,447,957,0.619,high
30,143,152,0.1056,6,3124,0.4041,148,138,16,3.5688,13.5289,0.3781,499,1069,0.3816,high
66,93,74,0.0086,1,908,0.094,318,376,9,1.3222,5.2196,0.0617,246,3771,0.8209,low
47,120,97,0.0373,3,1339,0.1368,246,239,9,1.4469,12.7099,0.1461,436,2435,0.7049,medium
22,180,137,0.1251,7,1763,0.2891,86,111,16,3.6047,15.498,0.3069,715,934,0.4635,high
31,148,140,0.1213,5,2047,0.2885,128,98,17,3.3505,13.639,0.3953,791,967,0.4005,high
52,120,111,0.0592,3,968,0.1403,189,279,13,1.463,7.6083,0.1688,521,2401,0.6432,medium
28,192,188,0.1017,5,1698,0.3238,131,114,19,2.4011,9.3751,0.3458,566,934,0.4202,high
24,129,142,0.1027,6,1989,0.2336,94,134,22,2.0217,17.4464,0.3114,650,863,0.3855,high
53,76,92,0.0193,2,689,0.0848,292,431,14,1.1015,3.7876,0.0547,341,2485,0.7835,low
27,132,119,0.0684,2,1431,0.1918,172,252,7,2.072,9.9331,0.1977,396,1924,0.6276,medium
26,176,121,0.1062,7,1763,0.2648,113,165,15,2.3311,16.3587,0.3844,461,1189,0.5562,high
27,149,133,0.1346,6,1640,0.1736,149,163,16,3.0034,11.2795,0.2476,651,1254,0.4887,high
66,99,97,0.0124,0,784,0.1095,245,587,10,0.5423,5.1397,0.0703,131,3479,0.7982,low
51,128,131,0.0431,5,895,0.1433,257,199,13,0.7032,3.3318,0.1591,321,1886,0.6294,medium
45,90,90,0.0165,2,2133,0.0816,255,320,18,1.864,7.2512,0.1295,526,2027,0.5628,medium
61,90,105,0.0214,0,864,0.0695,309,434,4,0.5341,2.7854,0.073,228,3018,0.7811,low
28,157,139,0.0897,7,2090,0.2372,109,185,21,3.5334,14.4458,0.3337,496,1052,0.3918,high
31,150,125,0.0903,6,1952,0.326,99,210,16,2.9232,17.646,0.1675,648,1032,0.5149,high
38,147,111,0.0609,4,1898,0.156,186,249,12,1.7378,8.3358,0.1695,275,2095,0.7068,medium
53,127,90,0.07,5,1014,0.226,226,277,15,1.9037,8.4095,0.1776,347,1680,0.6818,medium
47,126,139,0.0503,2,1324,0.2011,190,286,18,2.9818,8.4612,0.1517,311,1588,0.739,medium
51,112,96,0.0866,4,1227,0.1747,213,412,9,1.3964,6.9597,0.1574,410,1984,0.8588,medium
65,104,98,0.0235,0,1163,0.0748,347,492,5,1.2578,6.0427,0.0654,312,3316,0.8949,low
40,151,111,0.0762,4,1595,0.1877,188,234,11,1.3901,7.4074,0.1834,420,2573,0.5755,medium
60,85,82,0.0264,1,847,0.0667,307,360,9,0.9845,3.3392,0.0625,228,2923,0.7365,low
51,79,117,0.0375,6,1368,0.1293,196,216,14,2.1982,6.8154,0.0755,355,2014,0.4391,medium
49,139,83,0.0556,3,1691,0.1229,174,285,6,2.8854,8.269,0.1891,449,2316,0.6542,medium
34,114,102,0.0603,2,968,0.1595,210,265,10,2.1773,7.2699,0.1002,426,1574,0.5936,medium
53,121,116,0.0453,3,822,0.1786,205,250,9,1.9242,12.2423,0.1195,407,1820,0.7355,medium
47,148,112,0.039,2,1538,0.2344,177,314,12,1.4842,11.3159,0.1874,489,1893,0.613,medium
53,108,99,0.0776,3,1563,0.1876,186,318,9,2.0837,14.3388,0.1735,470,2253,0.6397,medium
24,114,145,0.1074,5,2068,0.4253,138,107,20,2.8165,14.8217,0.3738,674,957,0.4708,high
58,90,70,0.0134,1,732,0.098,348,465,6,0.6581,5.7614,0.0748,293,3637,0.8113,low
64,99,91,0.0072,0,680,0.0693,261,447,9,0.9486,6.4635,0.1059,327,2644,0.8204,low
24,177,156,0.1447,7,2765,0.2431,149,112,11,2.5522,13.9795,0.2892,587,549,0.5008,high
18,167,134,0.0972,4,1880,0.4068,112,162,21,2.9798,12.0779,0.3787,480,1226,0.498,high
42,138,90,0.0391,4,1314,0.1479,210,295,9,1.7756,9.7968,0.1956,500,2068,0.8103,medium
27,168,143,0.0986,7,2537,0.3206,174,168,14,2.6817,17.5626,0.4239,447,1357,0.499,high
47,124,87,0.0549,2,1502,0.2593,241,306,18,1.6253,8.3952,0.232,458,2219,0.6486,medium
46,102,121,0.0521,5,1966,0.2122,211,272,13,1.8812,9.6792,0.2135,432,1575,0.5426,medium
22,160,142,0.1146,9,1841,0.2851,104,142,13,2.9322,11.1018,0.3294,640,1205,0.4722,high
44,104,93,0.0574,3,1438,0.2483,195,245,10,1.8009,10.0696,0.1694,387,1941,0.5864,medium
26,194,136,0.0971,7,1379,0.1908,114,129,18,3.5499,6.8864,0.281,538,1739,0.5264,high
42,86,87,0.0349,2,1512,0.2319,236,318,10,2.328,10.6244,0.1466,366,2415,0.7089,medium
71,88,88,0.0095,2,782,0.1002,263,437,9,1.0271,6.2812,0.1127,298,2615,0.7933,low
46,95,56,0.0215,1,657,0.0574,213,481,11,1.2088,6.5866,0.0562,277,3214,0.785,low
64,78,79,0.0137,2,989,0.0708,310,308,10,0.4556,4.5742,0.0649,257,3622,0.7997,low
21,177,144,0.0531,4,2467,0.5074,55,129,25,3.2021,15.0977,0.3953,696,1839,0.4713,high
43,104,128,0.0633,3,1116,0.1379,235,299,8,1.5334,9.3485,0.1686,509,1834,0.5762,medium
19,148,190,0.1118,7,1982,0.3395,101,176,22,4.1325,16.2479,0.3043,514,970,0.5027,high
41,131,91,0.066,4,1141,0.1653,203,334,14,2.1785,10.5662,0.1764,466,1888,0.6985,medium
55,110,92,0.0258,1,947,0.1027,348,349,7,0.7612,4.5498,0.0581,263,3003,0.8832,low
29,177,126,0.1603,8,2218,0.2843,127,173,15,1.6129,14.2531,0.3064,623,1516,0.3231,high
57,81,89,0.0293,1,822,0.0829,351,389,9,0.8549,3.7492,0.079,350,3659,0.8368,low
48,73,91,0.0077,2,671,0.0813,351,430,8,1.4587,3.0123,0.0787,308,3145,0.8309,low
37,153,98,0.0781,4,1390,0.2325,204,272,12,2.9092,5.7212,0.1467,521,1741,0.6537,medium
29,161,178,0.1254,7,2030,0.3694,106,158,17,2.7519,13.5762,0.3783,611,1236,0.4455,high
43,96,99,0.0514,2,1571,0.1408,230,193,13,1.6633,9.6518,0.0947,447,2706,0.7333,medium
22,147,145,0.1184,7,1781,0.2922,173,217,18,3.9906,14.8801,0.3594,833,887,0.3803,high
50,114,104,0.0376,4,1163,0.2016,203,374,14,2.4844,6.2848,0.2511,396,2675,0.6829,medium
28,152,115,0.0723,3,1196,0.1562,230,315,11,1.2483,6.4041,0.2031,510,2109,0.6425,medium
24,176,163,0.1035,7,3029,0.2289,92,129,21,4.56,12.7058,0.3179,507,1070,0.4281,high
40,91,104,0.0587,4,1185,0.2801,209,385,8,2.2656,7.7209,0.1486,335,2053,0.6568,medium
33,161,136,0.0811,6,1769,0.28,172,238,19,3.5809,16.5978,0.2677,653,853,0.5342,high
47,128,117,0.0523,4,1511,0.1519,257,299,12,1.9658,9.0988,0.1441,496,1999,0.6388,medium
46,141,105,0.0413,4,1489,0.1332,198,270,15,1.8953,8.7759,0.1173,540,2252,0.6439,medium
37,133,153,0.0465,5,1546,0.2856,142,137,17,3.7433,12.4929,0.4261,480,989,0.4121,high
46,87,91,0.021,2,572,0.0787,292,497,7,1.4296,5.091,0.0644,274,2611,0.7245,low
26,151,157,0.1085,7,1534,0.2885,111,182,20,3.878,16.8623,0.3701,723,1191,0.4166,high
60,76,70,0.0174,1,767,0.0888,294,402,10,0.7163,5.9678,0.0679,258,3117,0.8332,low
74,78,80,0.0084,1,854,0.051,331,347,6,0.7538,4.8592,0.0823,254,3837,0.7882,low
22,173,137,0.0811,8,2009,0.2606,117,162,20,3.9061,11.6337,0.4064,291,1362,0.2781,high
76,96,86,0.0126,1,689,0.1219,340,359,8,1.2103,5.1973,0.0954,313,3983,0.8648,low
75,93,75,0.0164,1,840,0.0893,292,454,9,0.9,5.4782,0.0346,195,3163,0.8522,low
19,177,126,0.0781,8,1748,0.3147,116,163,18,3.8077,17.4542,0.3682,367,1005,0.4887,high
68,101,88,0.0254,2,800,0.1148,346,500,8,0.3841,5.0268,0.0734,281,3297,0.8997,low
54,79,81,0.0133,1,1016,0.1089,365,353,8,1.3978,5.0846,0.0392,300,2657,0.8197,low
27,129,105,0.0937,5,2994,0.378,74,235,18,1.9894,16.2405,0.3629,491,737,0.5657,high
69,107,88,0.0189,2,1087,0.1122,333,361,11,0.8952,3.2145,0.0849,171,2760,0.8079,low
64,89,80,0.0185,1,770,0.0919,363,405,8,1.439,6.9622,0.0917,284,3871,0.8639,low
53,113,82,0.0694,3,1445,0.1691,200,362,11,2.1954,9.5995,0.1921,307,1889,0.7537,medium
66,101,83,0.0107,1,696,0.0798,323,350,10,0.6898,3.687,0.0645,263,3408,0.8516,low
25,179,130,0.1335,9,1783,0.3778,148,114,22,2.1439,7.9312,0.4166,709,1096,0.3496,high
33,113,116,0.0399,1,1089,0.1943,172,303,14,1.3601,9.8861,0.1429,343,1956,0.6197,medium
55,139,98,0.0707,4,1713,0.1995,196,310,9,1.5696,8.3376,0.1236,314,1069,0.652,medium
19,146,127,0.1194,8,2056,0.2932,136,103,9,2.6106,12.1286,0.2906,842,1006,0.3666,high
34,116,109,0.0441,4,1532,0.1319,205,276,13,1.896,10.4196,0.0946,475,2176,0.6634,medium
44,109,115,0.0566,3,1069,0.1069,176,311,10,2.1868,8.6165,0.1581,355,2125,0.6844,medium
72,104,78,0.0117,1,821,0.1014,311,458,7,1.0508,5.2702,0.051,272,2350,0.8351,low
41,106,82,0.0495,2,1451,0.1346,263,293,10,1.9198,12.619,0.2168,466,2356,0.5538,medium
25,160,138,0.1086,8,2008,0.1571,124,142,17,2.9209,20.2072,0.2471,724,1388,0.3722,high
59,67,94,0.0183,1,880,0.0902,321,386,3,1.1898,4.5489,0.081,195,2956,0.8314,low
40,118,96,0.0597,2,1272,0.1972,181,208,11,2.218,10.5852,0.1344,392,2498,0.6297,medium
62,74,73,0.0106,2,899,0.052,291,473,5,1.02,6.0288,0.0441,305,3913,0.9472,low
15,144,152,0.1439,8,2058,0.3125,124,187,25,2.6778,15.165,0.2642,614,698,0.4535,high
47,105,106,0.0582,4,1294,0.1957,207,295,11,2.0672,9.1789,0.2193,281,1391,0.6156,medium
51,135,103,0.0604,3,1119,0.133,176,304,20,1.8589,9.5022,0.1515,426,1770,0.717,medium
23,158,124,0.1061,10,1866,0.3075,174,103,17,3.0157,11.1024,0.403,675,1021,0.4023,high
24,141,153,0.1062,7,2201,0.3462,146,71,20,3.2671,13.294,0.3607,828,1322,0.4669,high
63,85,86,0.0,1,594,0.0886,291,500,4,1.0592,2.4427,0.0642,210,2695,0.8196,low
59,81,79,0.0016,1,1120,0.0524,296,346,7,0.9422,6.661,0.058,311,3016,0.772,low
58,98,105,0.0851,3,1602,0.2006,228,292,15,2.7715,4.3221,0.2043,310,2484,0.548,medium
31,115,103,0.0571,3,883,0.2276,197,206,11,3.0423,11.3798,0.1452,491,1367,0.6977,medium
24,157,169,0.1202,6,2122,0.375,102,88,21,2.089,13.0958,0.3282,747,1023,0.3561,high
48,132,124,0.074,3,1538,0.1771,240,233,12,1.9683,7.6148,0.1642,278,1847,0.6919,medium
44,101,141,0.0612,4,1208,0.1675,198,272,14,1.659,6.6382,0.2229,405,2449,0.6129,medium
66,82,87,0.0145,2,780,0.0499,317,514,7,0.9234,3.7931,0.078,355,2863,0.8887,low
55,123,122,0.0529,5,1226,0.2291,232,327,11,2.0932,7.2701,0.2199,392,1924,0.6046,medium
31,158,160,0.1171,5,2125,0.2825,159,164,16,1.7607,9.8929,0.3461,912,1133,0.473,high
27,154,141,0.1073,7,1840,0.5696,127,150,20,2.3803,13.2353,0.3962,700,1327,0.5289,high
38,104,97,0.0475,3,1106,0.1985,220,412,12,1.1615,5.8807,0.1784,496,2358,0.6551,medium
25,135,123,0.09,6,791,0.3488,135,169,20,3.6201,14.2576,0.3387,708,1042,0.5071,high
29,159,171,0.1354,7,2235,0.2585,121,94,16,2.3583,13.736,0.4538,648,960,0.4234,high
10,158,166,0.0734,10,2235,0.2539,93,109,22,3.1617,12.4238,0.4006,509,1319,0.4276,high
24,133,157,0.116,9,1880,0.3488,117,133,20,3.325,15.0009,0.3201,637,772,0.4109,high
35,162,147,0.0625,8,2076,0.2867,139,183,14,3.5474,14.9182,0.3614,702,1154,0.4435,high
64,74,89,0.0131,1,805,0.0794,339,208,8,0.623,5.4432,0.0561,255,3740,0.7856,low
62,87,96,0.0049,2,779,0.0802,284,335,7,1.109,5.0128,0.0948,285,3293,0.8336,low
61,114,99,0.0196,1,1199,0.0288,303,462,8,0.6451,4.2438,0.0646,329,2987,0.8233,low
61,83,72,0.012,1,715,0.0793,277,360,9,0.8393,2.9371,0.0973,214,3814,0.8316,low
46,96,87,0.055,3,1527,0.1872,235,248,14,2.6503,8.689,0.1637,366,1727,0.7129,medium
52,117,81,0.016,1,661,0.0433,357,415,4,0.7281,2.5355,0.043,178,2954,0.7804,low
40,113,128,0.0635,4,1383,0.1684,190,361,9,1.2781,10.7703,0.1438,251,1729,0.6091,medium
55,95,73,0.0152,2,568,0.0991,303,343,10,0.9323,4.2037,0.042,233,3250,0.7957,low
26,187,162,0.1127,8,1742,0.2985,160,110,21,3.7402,7.9401,0.2256,530,1176,0.3681,high
22,135,157,0.123,8,2377,0.3079,119,218,27,3.9731,9.4447,0.367,716,1263,0.4062,high
24,122,184,0.1189,9,1875,0.3285,65,240,17,3.4941,11.0661,0.3514,539,1545,0.405,high
72,110,80,0.0229,2,773,0.0731,246,458,8,0.7711,4.1617,0.0737,269,3556,0.7614,low
65,101,99,0.035,2,851,0.0681,301,327,7,1.0115,4.8904,0.0651,329,2884,0.8546,low
29,136,123,0.1047,6,2157,0.3402,101,221,16,2.3351,7.5064,0.2715,619,1087,0.3095,high
35,140,138,0.0899,9,1532,0.341,131,220,11,1.8646,17.8672,0.3609,495,754,0.3069,high
26,135,180,0.1267,5,2594,0.3559,111,219,20,3.8465,21.0409,0.4006,640,1206,0.4742,high
33,135,105,0.0802,4,1551,0.1542,167,251,12,1.674,9.9124,0.1882,425,2188,0.6268,medium
71,81,88,0.0145,1,673,0.0913,280,342,8,0.8516,5.6843,0.0944,310,3116,0.8913,low
49,98,102,0.071,4,1563,0.1898,259,210,12,2.377,8.7734,0.1897,517,1928,0.6293,medium
23,137,166,0.1405,6,2783,0.2698,136,92,14,2.0318,19.0173,0.377,562,1214,0.3535,high
23,136,156,0.1022,6,1721,0.2488,104,167,16,3.2924,14.9892,0.3934,385,884,0.3789,high
28,159,133,0.1381,8,2036,0.44,165,139,21,2.8248,18.6336,0.1534,663,1533,0.5728,high
63,93,77,0.0169,2,934,0.0788,267,449,7,1.2757,1.2081,0.0692,288,3149,0.8336,low
57,91,81,0.0202,2,889,0.0512,341,389,9,1.1006,5.3707,0.069,294,2959,0.7962,low
62,82,73,0.0208,1,857,0.1289,342,438,8,0.5144,3.9044,0.0733,336,3148,0.7842,low
36,144,99,0.0633,2,1565,0.1514,187,304,16,1.7901,9.1487,0.188,271,1947,0.5801,medium
63,74,70,0.0314,1,770,0.0757,296,326,10,1.4784,5.3029,0.0504,186,3096,0.7615,low
43,130,103,0.0427,3,1030,0.1851,229,255,12,1.242,6.2851,0.1966,354,2006,0.6317,medium
23,142,129,0.133,8,2196,0.1123,113,172,8,4.61,16.8136,0.2435,886,1655,0.4739,high
79,93,44,0.0098,2,1097,0.0,293,405,6,0.3515,6.8254,0.047,278,3511,0.7906,low
69,91,86,0.0181,1,942,0.0883,325,426,8,0.5455,5.6269,0.0664,323,2722,0.7571,low
62,104,79,0.0241,1,941,0.0932,296,425,7,0.6094,5.6694,0.046,345,3532,0.8113,low
24,128,117,0.1465,7,2329,0.2814,160,97,17,3.2599,12.7881,0.297,647,907,0.3889,high
59,142,97,0.0497,3,1786,0.113,176,438,11,0.9189,6.63,0.2058,444,2535,0.6559,medium
28,171,136,0.0601,7,2228,0.3103,83,169,22,3.3731,16.1964,0.4494,292,754,0.4338,high
78,88,81,0.0233,0,992,0.092,310,378,9,0.5254,3.6438,0.0635,342,2993,0.8963,low
46,123,119,0.0449,2,1212,0.1918,268,342,8,1.5943,8.5729,0.1196,467,1772,0.5955,medium
52,158,101,0.0368,5,1309,0.1567,228,325,16,1.3927,9.1132,0.1729,417,2372,0.5224,medium
36,117,85,0.0583,2,1553,0.1548,217,350,17,2.2744,9.7088,0.1635,408,2359,0.4744,medium
27,176,119,0.0692,6,1725,0.4172,116,136,19,1.8843,13.7425,0.2875,746,909,0.583,high
54,88,73,0.0108,1,1187,0.1032,303,508,8,0.5061,4.4353,0.1078,289,3532,0.7579,low
60,115,113,0.0669,3,1318,0.1236,271,290,12,1.7052,7.8453,0.1458,438,1933,0.6848,medium
35,118,102,0.0402,2,1184,0.2312,244,368,11,1.6265,10.8497,0.1339,454,2085,0.6586,medium
36,172,127,0.1193,8,2124,0.2844,82,139,28,1.8055,10.9982,0.397,523,1205,0.3841,high
70,94,88,0.0208,1,804,0.0571,325,436,5,0.8193,6.2417,0.0767,223,2978,0.8122,low
23,125,105,0.0672,9,1704,0.3629,150,197,19,3.7115,17.6963,0.2984,601,403,0.3637,high
60,89,69,0.0118,1,992,0.1147,302,347,11,0.6122,7.4311,0.0841,211,3420,0.7511,low
62,104,92,0.0161,1,698,0.0762,298,409,3,0.393,3.7363,0.0574,316,3376,0.7498,low
57,60,58,0.0088,1,797,0.1228,251,451,9,1.0704,4.4785,0.0583,410,3605,0.8168,low
50,70,71,0.0324,2,699,0.0656,289,384,6,1.2777,7.0287,0.1138,243,3976,0.8535,low
27,164,117,0.1305,8,1946,0.3389,157,165,17,2.8348,15.769,0.2618,565,1369,0.6056,high
53,112,98,0.0474,4,1587,0.1321,205,242,11,1.8377,7.9998,0.279,521,1761,0.6665,medium
12,157,162,0.0845,9,2495,0.1951,133,162,15,1.6702,14.5277,0.2866,606,1337,0.6118,high
58,93,93,0.0364,1,910,0.1099,319,398,7,0.5375,7.8198,0.0885,329,3666,0.7117,low
33,129,125,0.0815,6,1678,0.3478,124,102,16,4.6591,11.768,0.4874,709,1455,0.3267,high
11,176,152,0.1507,7,2364,0.3344,167,233,19,1.8964,11.1642,0.4386,618,977,0.4857,high
51,122,102,0.0495,4,940,0.245,236,292,13,1.3187,8.0182,0.2,624,2607,0.5742,medium
47,122,130,0.081,2,1147,0.1393,196,204,12,2.282,11.0204,0.1188,384,2548,0.6665,medium
40,114,96,0.0822,3,1862,0.1434,242,379,12,2.236,8.6528,0.1244,380,2122,0.6643,medium
40,103,102,0.0726,5,1009,0.1662,207,225,15,3.1742,13.2354,0.1493,458,1400,0.6283,medium
50,82,86,0.023,2,1001,0.0541,274,448,4,0.9417,5.5878,0.049,310,3156,0.8895,low
44,121,104,0.0619,3,1427,0.1841,243,292,15,2.5406,12.5756,0.1855,494,1336,0.6852,medium
39,127,111,0.062,3,1396,0.116,191,296,19,2.3094,4.8423,0.1988,352,1959,0.6179,medium
48,132,94,0.0546,3,1625,0.1896,225,353,14,0.87,6.6614,0.2143,473,1779,0.6851,medium
36,118,118,0.0604,4,1274,0.1888,194,229,17,1.813,8.3405,0.2106,332,1998,0.5603,medium
52,128,95,0.0818,3,1274,0.1791,196,284,13,1.7633,5.1721,0.176,345,2257,0.5291,medium
32,186,124,0.1309,7,2306,0.373,106,211,17,1.6059,12.6341,0.3359,557,1187,0.3204,high
59,91,65,0.0181,1,426,0.09,362,457,6,0.7382,4.315,0.0872,221,2930,0.8167,low
23,146,143,0.0861,8,2428,0.3343,128,143,17,3.2052,14.208,0.3284,521,869,0.4442,high
54,129,127,0.0447,4,1162,0.1785,237,343,10,1.6958,11.1508,0.1475,394,2083,0.6403,medium
39,137,107,0.0697,4,1511,0.2614,190,301,16,1.496,6.5118,0.1805,496,2260,0.7089,medium
65,86,96,0.0272,2,947,0.1191,331,286,4,0.9124,7.3157,0.0932,263,2828,0.696,low
35,153,144,0.0863,6,2777,0.3342,112,165,23,2.3331,17.867,0.4256,592,1142,0.3871,high
31,119,151,0.0935,8,2687,0.3209,115,124,13,2.355,12.7705,0.2152,616,1031,0.4447,high
23,111,166,0.0831,8,2946,0.4524,109,182,11,2.4955,11.5057,0.3439,650,1574,0.5251,high
47,114,118,0.0628,5,1446,0.1174,192,297,11,2.2741,10.3024,0.1282,390,1466,0.558,medium
68,89,62,0.0095,0,1050,0.0964,319,341,9,0.4633,4.1554,0.0847,292,3013,0.8079,low
73,112,87,0.0154,1,812,0.0782,271,436,5,0.5137,7.0762,0.0837,337,3737,0.8172,low
27,148,116,0.09,5,1979,0.247,103,179,21,3.5844,14.6801,0.3156,578,763,0.4745,high
41,175,170,0.141,6,2138,0.3104,123,205,17,4.8044,9.0559,0.2731,590,1092,0.4793,high
50,96,92,0.0117,1,984,0.0561,328,433,6,0.5458,5.249,0.1222,225,2785,0.834,low
35,163,137,0.1265,8,2075,0.2996,168,72,8,2.9068,14.1846,0.2653,574,1602,0.4123,high
31,181,102,0.1099,8,2483,0.365,116,117,17,4.0227,19.2954,0.3251,520,910,0.4282,high
25,131,146,0.1079,7,2473,0.3522,107,91,13,4.1193,15.0854,0.3602,694,1366,0.3183,high
41,122,100,0.0467,3,1426,0.1966,212,288,5,1.818,9.164,0.1806,404,2018,0.7006,medium
30,194,158,0.1156,7,2408,0.2104,139,155,17,2.7971,17.5582,0.4144,624,600,0.2959,high
31,162,125,0.1169,9,2352,0.2893,188,110,17,4.5437,17.5307,0.4718,551,930,0.3909,high
55,90,84,0.0167,1,972,0.0702,371,407,9,0.2592,3.7538,0.1114,243,3473,0.8216,low
50,112,76,0.0112,1,814,0.0841,317,492,9,1.2084,2.9673,0.0567,324,3183,0.8391,low
33,160,147,0.0502,6,2740,0.3832,123,159,12,2.6748,18.6088,0.3954,716,795,0.3322,high
23,153,173,0.1107,8,2688,0.4401,131,139,19,2.2376,13.6167,0.2735,610,815,0.4948,high
18,145,112,0.1161,6,1470,0.2487,118,167,19,2.8106,14.5406,0.2777,698,964,0.3586,high
47,127,88,0.0728,3,1038,0.1829,248,258,11,1.782,11.2964,0.1849,520,2247,0.7438,medium
38,98,108,0.072,2,1294,0.165,181,246,13,1.9641,10.8881,0.2293,440,2146,0.5833,medium
42,108,94,0.0434,3,1769,0.2463,229,339,13,2.1893,9.9823,0.1124,568,1849,0.6595,medium
32,140,143,0.0905,8,2169,0.38,147,221,20,4.2146,16.7539,0.2921,667,897,0.4569,high
22,168,132,0.0821,9,1854,0.2201,137,134,19,1.6054,15.6985,0.3821,723,1417,0.3535,high
59,97,75,0.022,1,943,0.1124,369,438,13,1.0799,5.8726,0.0851,259,3060,0.781,low
22,145,156,0.1341,11,2206,0.2119,103,201,21,1.0921,16.3715,0.382,310,1503,0.1963,high
66,73,80,0.0088,2,703,0.0798,255,354,5,0.9061,7.6335,0.061,333,3070,0.808,low
45,125,109,0.0753,3,1408,0.132,158,369,8,2.4796,7.675,0.1704,463,2483,0.719,medium
48,111,83,0.0581,5,1472,0.2393,197,274,14,2.1584,11.4876,0.1894,487,1634,0.5693,medium
23,162,144,0.0982,6,2114,0.1956,114,237,20,2.1966,11.6691,0.3176,550,1028,0.4586,high
40,149,138,0.1165,8,2524,0.3122,115,165,13,3.6434,13.9815,0.3949,578,840,0.3026,high
59,89,78,0.0129,1,710,0.0797,265,418,8,0.4503,5.2893,0.063,279,3820,0.8472,low
43,95,95,0.0415,4,1341,0.1903,270,231,12,2.0193,10.8864,0.1428,382,1685,0.5561,medium
41,123,91,0.0562,4,1084,0.1901,206,256,10,2.0169,6.3984,0.171,383,2093,0.6592,medium
40,123,100,0.0458,4,1315,0.2098,250,401,17,1.9009,9.2318,0.1585,414,1761,0.5917,medium
40,133,102,0.0735,3,967,0.1884,157,299,10,1.5282,12.2211,0.2237,526,1519,0.5008,medium
38,147,78,0.039,4,1478,0.1812,243,445,6,1.9946,10.5221,0.1254,483,2721,0.7028,medium
48,93,73,0.0262,1,840,0.0673,309,436,6,0.7542,2.9014,0.0766,307,2856,0.8235,low
70,93,77,0.0106,2,851,0.0877,279,489,8,0.6215,4.959,0.0408,414,3228,0.7712,low
15,229,165,0.1255,8,1744,0.3389,101,145,17,3.4593,18.5312,0.4204,599,783,0.4599,high
47,115,107,0.0567,4,1486,0.1538,231,227,12,2.0033,10.0451,0.2217,445,2123,0.5363,medium
39,101,124,0.0365,4,2102,0.2441,231,248,13,1.4909,9.6577,0.1793,330,2674,0.6358,medium
46,106,105,0.0497,3,1182,0.1887,200,268,13,1.4239,7.547,0.2179,365,2137,0.6316,medium
59,112,97,0.0194,2,940,0.0626,286,363,11,0.6598,4.9062,0.047,314,3218,0.8248,low
62,88,79,0.0213,1,950,0.1038,290,339,5,0.9541,4.8716,0.045,213,3262,0.7862,low
60,107,56,0.0188,1,898,0.0687,313,327,9,0.48,4.2407,0.0807,223,3155,0.7989,low
37,130,125,0.0526,3,1410,0.1708,218,189,13,1.8668,12.0424,0.1276,500,2307,0.6771,medium
74,100,95,0.009,2,1119,0.0731,313,419,5,1.4047,4.6492,0.0813,285,2635,0.8516,low
53,116,103,0.038,0,833,0.0354,265,477,10,0.1537,4.2323,0.1178,370,3487,0.679,low
37,146,95,0.0368,5,1169,0.1753,186,336,12,1.9938,9.912,0.1151,395,1498,0.6037,medium
37,136,139,0.1016,9,1768,0.3863,154,181,15,2.2931,15.0704,0.2854,668,769,0.3315,high
38,111,106,0.0676,5,1113,0.1586,268,364,6,1.9474,8.9365,0.0881,330,1496,0.6727,medium
22,140,146,0.129,4,1833,0.3173,112,154,18,2.122,13.8756,0.3242,532,1205,0.4865,high
81,99,56,0.0137,0,955,0.0829,285,475,9,1.0899,1.6967,0.0881,184,4076,0.8495,low
59,89,73,0.0254,2,821,0.0524,278,458,9,0.467,4.5108,0.0822,269,3357,0.7489,low
31,142,123,0.0818,6,1768,0.2649,113,156,20,1.9253,14.2215,0.4315,646,1141,0.4631,high
23,155,145,0.0962,6,2247,0.4686,94,243,15,2.3044,12.9527,0.3402,695,1027,0.4834,high
42,126,105,0.0577,4,1080,0.1172,182,261,13,1.8584,8.5575,0.1605,568,1911,0.5786,medium
20,147,180,0.1056,6,1879,0.2641,140,205,18,3.8403,16.3729,0.3084,689,756,0.3973,high
38,131,104,0.0655,3,1151,0.1813,281,266,13,2.3105,10.7594,0.1329,507,1931,0.6676,medium
46,114,102,0.0218,4,1272,0.1778,286,213,14,1.9709,10.6849,0.1406,416,2621,0.6532,medium
23,195,151,0.0556,8,2355,0.3436,153,113,20,3.5726,11.8182,0.3513,729,1113,0.362,high
64,85,94,0.0185,1,574,0.0597,264,402,6,0.4057,6.4999,0.0355,241,3651,0.847,low
62,105,95,0.0206,1,778,0.1031,319,416,8,0.5377,6.9981,0.0879,293,2540,0.8896,low
51,94,74,0.0139,1,718,0.0788,351,390,10,1.3019,7.7841,0.0541,199,2763,0.7983,low
22,171,147,0.1017,5,2023,0.2972,104,205,20,1.7431,16.2793,0.3905,561,1190,0.3434,high
26,147,147,0.0967,6,1935,0.27,125,137,22,2.4306,9.8326,0.4156,671,917,0.4222,high
45,114,123,0.0675,4,1327,0.1741,231,358,13,1.3343,10.7908,0.1993,348,1931,0.5754,medium
35,167,167,0.1363,7,1733,0.3446,120,164,21,2.0749,14.2321,0.3451,655,1135,0.3582,high
58,95,72,0.0324,2,893,0.0553,326,456,12,0.993,3.3259,0.0681,315,3219,0.7596,low
44,116,85,0.0652,5,1086,0.1991,251,367,9,1.8546,10.4935,0.1728,329,1778,0.6183,medium
32,157,141,0.1289,7,2229,0.3068,130,180,19,3.8118,15.0249,0.3066,808,1107,0.3991,high
44,133,118,0.0588,3,1469,0.2803,228,343,14,1.7495,9.202,0.1179,427,2644,0.5547,medium
44,112,97,0.0595,2,1574,0.2154,245,262,11,2.2599,7.8491,0.1398,411,1985,0.7366,medium
71,85,92,0.0205,2,783,0.0823,341,360,7,0.6653,4.1481,0.0694,330,2874,0.7658,low
34,175,125,0.068,7,2088,0.4357,144,195,13,2.1485,15.3496,0.4359,595,1040,0.4075,high
57,82,69,0.0286,2,582,0.0973,347,414,8,0.9238,5.1577,0.0898,299,2865,0.7777,low
63,82,75,0.0422,0,592,0.0883,225,293,6,1.0479,5.1263,0.0636,265,3306,0.7783,low
13,165,135,0.1437,9,2632,0.333,119,184,13,2.9522,15.2986,0.3238,604,717,0.5034,high
35,183,146,0.1494,6,1904,0.2392,118,73,15,3.5418,17.927,0.3576,503,810,0.5259,high
23,143,143,0.13,8,2362,0.203,112,209,17,3.7445,13.2737,0.3309,517,1095,0.2501,high
46,101,115,0.0449,4,1074,0.1955,184,327,13,1.7124,4.5593,0.1944,556,1563,0.5038,medium
47,133,85,0.0705,5,1239,0.2184,229,286,13,1.0605,7.9624,0.1558,347,2765,0.6103,medium
64,92,85,0.0265,2,785,0.0757,345,464,10,0.5766,4.952,0.0465,323,3437,0.8826,low
48,145,88,0.0272,2,1077,0.1951,215,312,14,1.6766,7.6543,0.2532,489,2112,0.6441,medium
48,117,133,0.0728,4,1240,0.1776,235,258,16,1.0902,15.2221,0.1192,366,1473,0.7657,medium
56,111,65,0.025,1,910,0.0661,279,452,7,0.9484,3.909,0.0488,265,3839,0.9088,low
29,190,119,0.068,8,2330,0.3116,150,143,20,3.491,8.9002,0.2777,584,855,0.5618,high
43,122,118,0.0145,2,1726,0.1368,238,309,11,1.6075,16.365,0.122,360,1997,0.6125,medium
37,121,113,0.0716,3,1154,0.1921,228,272,7,2.0599,9.5377,0.156,341,1632,0.677,medium
38,138,114,0.0532,2,1164,0.1221,238,248,10,1.016,10.0646,0.2067,461,2664,0.6807,medium
66,110,64,0.0178,1,632,0.1097,334,431,9,0.4079,6.7551,0.0937,250,3659,0.8466,low
49,98,136,0.0495,4,1058,0.2335,232,340,10,2.2261,11.4856,0.2085,423,1921,0.7188,medium
47,100,77,0.0151,1,991,0.1248,302,394,6,0.5583,5.1814,0.0572,311,3329,0.8791,low
55,100,83,0.0164,1,528,0.0719,271,352,7,1.0603,5.0639,0.0835,228,3938,0.8054,low
30,145,141,0.0625,9,2073,0.2656,114,152,23,3.2736,15.3905,0.4118,479,943,0.4663,high
27,146,145,0.136,5,2179,0.2707,150,247,23,3.2144,11.4399,0.3768,595,817,0.412,high
37,127,99,0.0831,3,1172,0.2113,278,302,11,2.3701,8.1206,0.1444,413,2499,0.6021,medium
71,118,68,0.0156,1,819,0.1111,317,375,6,0.7099,3.268,0.0608,208,2772,0.782,low
44,128,119,0.0656,3,1651,0.1145,191,279,14,1.6973,10.79,0.1301,402,2707,0.7418,medium
53,138,121,0.0651,4,1169,0.178,216,321,12,1.4038,7.6967,0.1629,479,2176,0.6967,medium
47,113,102,0.0386,3,1119,0.119,182,252,12,1.3842,6.9941,0.1555,418,2007,0.7736,medium
27,125,83,0.0714,3,1249,0.2137,227,217,9,1.3835,7.9583,0.1905,446,2520,0.7802,medium
74,96,90,0.033,0,851,0.0841,384,413,10,0.5735,1.705,0.0832,269,3142,0.8309,low
26,143,97,0.1406,8,1280,0.3569,149,159,17,3.0676,13.1154,0.4166,575,1372,0.422,high
61,99,80,0.0094,1,703,0.0781,314,510,9,0.8267,6.6698,0.0747,239,3345,0.7518,low
58,102,73,0.0203,1,1200,0.0772,336,482,7,0.7258,5.1221,0.0818,250,2952,0.8714,low
59,70,67,0.0168,1,756,0.0533,311,364,10,1.2746,6.2845,0.0792,275,3599,0.8529,low
30,138,146,0.1395,9,2155,0.3539,119,115,18,2.6437,19.0521,0.4203,657,1600,0.4388,high
47,133,107,0.0463,3,1227,0.1858,276,237,12,0.9482,9.2554,0.1779,425,2434,0.6897,medium
46,122,108,0.0655,4,917,0.2209,189,245,12,1.5226,8.3381,0.2516,312,2137,0.5884,medium
44,129,101,0.043,4,1571,0.231,214,260,13,1.6776,7.34,0.2043,571,2390,0.5787,medium
68,101,79,0.0297,1,541,0.0752,340,524,7,1.2762,7.9042,0.0485,289,3332,0.7857,low
63,100,81,0.0064,3,1023,0.0804,330,366,8,0.6172,3.069,0.0726,317,2195,0.808,low
28,155,186,0.1265,8,2408,0.4729,127,160,17,2.5515,11.0953,0.3592,794,708,0.2985,high
24,165,177,0.1243,7,1813,0.3248,160,163,24,2.1801,16.8892,0.3508,403,1589,0.3944,high
25,169,166,0.1525,5,2467,0.2661,175,196,17,2.9298,17.0269,0.1965,623,980,0.355,high
38,92,117,0.0627,4,1104,0.2004,246,283,11,2.1688,7.7006,0.1284,433,2244,0.7722,medium
30,167,135,0.1234,7,1316,0.2018,169,184,15,3.9336,12.453,0.3942,732,895,0.5581,high
49,134,113,0.0432,5,1353,0.1917,249,260,16,2.0399,9.3455,0.1631,232,2440,0.6406,medium
25,157,138,0.1411,9,1804,0.3479,110,156,20,2.5218,9.9743,0.4081,419,1557,0.4617,high
14,149,132,0.1148,9,1960,0.3061,92,183,9,4.7097,12.7716,0.331,878,747,0.3019,high
32,150,170,0.0856,5,2372,0.4249,138,197,11,3.8505,15.9885,0.4358,620,1064,0.4363,high
28,141,115,0.1194,7,2005,0.3921,135,163,16,3.0893,9.7995,0.34,545,933,0.3826,high
51,118,103,0.0608,3,1328,0.1781,227,293,10,1.0571,10.3315,0.1883,274,2461,0.7577,medium
22,138,133,0.084,7,2235,0.2973,86,108,16,2.5412,17.2722,0.4832,654,1026,0.5398,high
15,197,163,0.094,4,2282,0.3043,118,157,15,3.7954,15.8003,0.3409,698,939,0.4539,high
43,124,128,0.0569,3,1321,0.196,183,196,19,1.9233,9.7842,0.1719,490,1467,0.6087,medium
40,112,62,0.0552,6,1890,0.2604,183,235,16,2.1588,6.7618,0.2372,414,1842,0.7046,medium
25,154,140,0.1168,8,2067,0.1994,96,155,18,4.543,10.9703,0.423,689,787,0.3403,high
65,116,79,0.0167,1,793,0.1135,262,454,9,1.1813,4.4484,0.0818,217,3509,0.7649,low
35,153,176,0.1025,8,1507,0.2996,86,193,16,2.8911,13.798,0.3986,642,1356,0.3777,high
22,166,157,0.1335,7,2623,0.2227,129,223,18,1.1024,17.0034,0.2678,606,1026,0.5234,high
42,108,113,0.0882,4,1725,0.2274,143,362,10,2.2244,10.8789,0.1811,469,2108,0.659,medium
42,122,107,0.0501,4,1504,0.1379,242,386,13,2.15,8.3743,0.1572,452,2199,0.7274,medium
35,139,170,0.136,6,2910,0.3517,120,86,5,3.5579,15.3657,0.2973,450,1072,0.5517,high
49,86,107,0.0439,4,1225,0.2757,189,301,18,2.1977,13.2398,0.1369,493,2041,0.6917,medium
69,86,92,0.0154,1,950,0.0866,302,292,10,0.9109,5.4382,0.0519,257,3421,0.8806,low
31,112,129,0.1065,6,2267,0.218,136,192,8,3.1846,7.7882,0.3122,465,715,0.2326,high
50,127,116,0.0327,2,1131,0.1896,191,260,17,1.9396,10.8563,0.1238,244,2388,0.6096,medium
65,95,82,0.0121,1,944,0.0971,301,433,9,0.6859,7.1161,0.0456,260,2749,0.8004,low
28,155,176,0.0914,6,1938,0.3826,106,154,21,2.7771,16.9442,0.2438,391,1066,0.5159,high
54,99,56,0.0248,0,1042,0.0686,306,499,9,1.203,6.6951,0.077,304,2751,0.8257,low
43,122,76,0.0678,4,1472,0.1808,237,391,14,1.3227,11.6634,0.1402,412,2232,0.6574,medium
40,118,107,0.066,5,1262,0.1523,275,215,21,1.6155,11.1539,0.1087,299,2076,0.6884,medium
58,106,116,0.0599,3,1739,0.1301,188,318,16,2.5855,7.3067,0.2012,463,2787,0.6094,medium
39,110,81,0.0501,0,923,0.0151,219,379,8,0.5933,5.4085,0.1139,314,2125,0.8428,low
17,162,155,0.0897,5,2333,0.3306,130,142,22,2.7716,14.0628,0.4212,700,922,0.4253,high
24,156,119,0.0581,8,2607,0.3313,119,211,22,3.0381,13.5722,0.2934,584,1093,0.4042,high
71,64,69,0.0,1,1399,0.1398,366,333,9,0.4983,6.8234,0.0204,153,3643,0.7413,low
68,98,67,0.012,1,826,0.0281,230,368,7,0.1467,0.3758,0.1155,350,3068,0.8321,low
28,105,98,0.1412,8,1804,0.3765,111,116,11,2.2212,15.3378,0.4288,636,1407,0.2465,high
59,111,80,0.0179,0,882,0.1211,331,416,6,1.419,8.6314,0.0981,228,2824,0.819,low
28,145,132,0.0814,8,2222,0.3568,128,161,24,1.5043,20.5631,0.2868,507,1410,0.345,high
35,154,132,0.1301,7,1960,0.2902,151,232,12,1.9608,16.2067,0.2595,666,1155,0.3265,high
31,173,121,0.1074,5,1592,0.2245,110,114,26,2.995,16.4997,0.257,547,1225,0.4731,high
31,135,122,0.0605,3,1503,0.0976,219,359,10,2.4725,8.0136,0.1799,451,2439,0.6437,medium
33,119,152,0.113,9,2326,0.2227,96,151,21,4.0892,12.9703,0.3314,610,1040,0.4448,high
21,164,117,0.1091,5,1639,0.2097,121,158,23,2.4204,14.0268,0.3094,837,1519,0.364,high
56,100,90,0.0125,1,1150,0.0583,343,458,9,1.1981,3.8043,0.0726,194,2882,0.7846,low
39,109,115,0.0495,3,1802,0.1838,241,327,15,2.9925,12.5256,0.1702,517,2442,0.7354,medium
55,88,90,0.0173,1,704,0.0909,281,337,11,0.6889,3.138,0.0949,239,3415,0.9624,low
63,103,70,0.0135,1,1082,0.0591,281,310,9,0.9488,0.6878,0.0656,256,3909,0.8637,low
31,163,132,0.1001,10,2001,0.2638,102,74,20,2.5191,3.6459,0.3072,649,1045,0.3038,high
39,116,100,0.0704,3,1623,0.1888,233,329,11,1.1863,10.1836,0.2142,278,1612,0.6635,medium
40,132,78,0.0419,2,1170,0.1788,199,297,13,1.1612,9.8502,0.284,420,1882,0.5685,medium
63,96,85,0.02,1,1067,0.0888,258,464,10,0.639,3.9782,0.0757,308,3220,0.8562,low
21,191,146,0.0786,7,1977,0.2046,152,164,22,2.5086,13.1034,0.3187,627,1151,0.3139,high
32,148,108,0.1107,8,1868,0.2555,151,166,8,3.6373,13.1439,0.3976,772,1211,0.4095,high
55,124,81,0.0801,3,2034,0.0251,202,350,14,1.5508,9.149,0.1877,288,1747,0.6353,medium
34,153,176,0.09,8,1588,0.306,110,175,25,3.9964,15.875,0.377,536,1225,0.3574,high
77,88,78,0.0083,1,733,0.1155,310,301,8,0.7624,5.2344,0.0465,357,3200,0.759,low
20,109,137,0.0824,7,1626,0.4064,136,183,14,2.2753,16.4196,0.3379,601,1397,0.5148,high
62,91,74,0.0097,2,1155,0.1217,373,395,10,0.7969,4.5385,0.0682,359,2781,0.919,low
44,124,100,0.0704,4,1472,0.1743,234,261,14,2.3252,8.9203,0.2331,494,2240,0.6016,medium
69,76,96,0.0139,2,726,0.0825,279,503,8,0.7169,6.6241,0.0574,307,2870,0.7964,low
65,99,86,0.0183,0,621,0.0834,295,500,5,1.4146,1.5615,0.0797,301,3638,0.7693,low
67,88,58,0.0092,1,947,0.121,278,457,7,1.0178,5.5151,0.0522,350,2358,0.7431,low
55,109,86,0.0639,5,1396,0.2344,204,350,15,2.2451,11.5744,0.2201,460,2014,0.5681,medium
28,140,157,0.1337,7,1837,0.2713,87,201,13,2.076,18.576,0.3306,487,985,0.3649,high
52,123,107,0.0475,5,1521,0.1819,234,242,10,1.9837,6.8862,0.1243,446,2366,0.6483,medium
26,153,161,0.1323,7,2478,0.3386,98,157,26,2.0697,13.97,0.2888,673,1056,0.3755,high
36,147,153,0.1303,9,2081,0.2959,134,158,11,3.9954,8.706,0.2613,607,1067,0.3911,high
60,102,85,0.0224,0,818,0.0445,273,312,7,0.9824,4.0651,0.089,320,3448,0.8004,low
38,118,106,0.0583,3,1340,0.1467,279,304,15,1.4531,6.785,0.2096,370,2429,0.7216,medium
28,131,134,0.0619,6,1525,0.3711,131,141,19,2.9357,11.5076,0.3889,750,738,0.4576,high
41,122,113,0.065,3,1308,0.1676,245,265,13,2.0581,7.3995,0.1636,439,1842,0.7191,medium
24,129,136,0.1098,7,2371,0.2995,148,131,11,2.8901,15.2608,0.3248,564,1210,0.4887,high
61,99,86,0.0224,0,559,0.0279,332,408,7,1.0256,7.1319,0.0965,264,3577,0.7009,low
28,138,163,0.0938,8,1797,0.2481,145,148,19,3.4249,14.1888,0.3568,738,1469,0.3714,high
41,129,103,0.0352,3,1321,0.1659,209,312,9,1.5859,14.3974,0.0966,436,2003,0.6207,medium
23,166,148,0.1406,5,2515,0.3004,142,121,21,4.2506,12.6521,0.4205,553,488,0.482,high
55,118,112,0.066,5,952,0.229,210,360,10,2.5777,8.1569,0.1947,345,2591,0.6498,medium
45,107,104,0.0682,4,1224,0.1589,198,277,13,2.8765,9.0781,0.1842,418,2546,0.6021,medium
47,113,95,0.0525,5,1420,0.2028,221,401,14,1.1201,10.8505,0.1008,357,2385,0.6502,medium
32,166,149,0.0865,6,1950,0.3048,102,141,15,3.2511,13.8538,0.3646,495,1441,0.5138,high
55,135,106,0.0683,3,1107,0.1943,254,298,11,1.3594,10.3283,0.1635,338,2388,0.6396,medium
32,150,168,0.1387,8,2337,0.3461,184,232,18,3.3941,14.6901,0.3533,771,1739,0.2804,high
55,85,92,0.0204,1,715,0.0909,337,485,9,0.6111,4.6341,0.0576,241,3062,0.7932,low
44,119,103,0.0755,2,1182,0.1692,258,307,15,1.2458,6.8983,0.155,261,2298,0.7108,medium
54,134,112,0.0398,4,1479,0.2769,219,251,12,1.9168,9.2827,0.168,438,2158,0.6785,medium
66,94,75,0.0248,2,1073,0.0977,319,444,8,1.2276,5.1513,0.1044,242,3196,0.8596,low
63,100,69,0.028,1,973,0.0768,345,480,7,1.056,5.4079,0.073,319,3347,0.8134,low
45,122,119,0.0549,3,1327,0.2298,222,354,9,3.0331,7.2625,0.1014,413,2334,0.7471,medium
40,176,170,0.1282,6,2378,0.3367,161,158,22,2.7277,11.9438,0.3982,653,1613,0.5841,high
40,121,94,0.0578,3,1135,0.1936,222,257,14,1.3515,6.1975,0.2135,440,1893,0.6046,medium
26,131,161,0.12,9,1996,0.3333,174,143,19,4.3628,12.9447,0.4337,756,1532,0.3672,high
55,96,74,0.0114,1,1011,0.0853,290,386,9,0.975,7.1202,0.0827,309,2781,0.7909,low
39,120,116,0.0691,4,1294,0.1768,237,346,12,1.9212,7.877,0.1159,358,2387,0.7025,medium
58,104,71,0.0246,1,686,0.0566,419,440,8,0.6329,5.1461,0.059,318,3539,0.8187,low
43,125,99,0.0596,3,1090,0.14,231,251,19,1.5828,9.2214,0.2091,475,2115,0.6857,medium
79,108,85,0.0214,1,978,0.111,271,429,8,1.2504,4.3085,0.0654,254,3130,0.8094,low
32,139,148,0.1272,8,1777,0.3059,140,118,22,3.0266,14.7199,0.3687,523,792,0.4722,high
55,89,94,0.0455,4,1252,0.2223,179,365,16,1.3137,9.5098,0.1687,354,2242,0.7112,medium
46,126,112,0.0398,2,1146,0.2014,241,215,17,1.5024,12.1853,0.1423,501,2039,0.7274,medium
54,92,83,0.0216,1,1059,0.0756,382,415,9,0.4908,6.9581,0.0761,371,3893,0.8388,low
65,104,83,0.0135,0,893,0.0568,369,454,8,0.8506,2.3283,0.059,317,3746,0.857,low
53,78,82,0.0164,1,915,0.0379,316,543,7,1.3984,5.4209,0.0671,242,3069,0.8238,low
22,136,115,0.1061,7,2508,0.3541,153,171,16,2.8926,9.71,0.3484,698,675,0.3744,high
48,121,101,0.0312,4,1304,0.2096,224,259,15,1.3735,9.4827,0.1692,479,1394,0.6215,medium
44,116,114,0.0466,3,1572,0.1783,262,205,8,2.3533,9.6807,0.0931,417,2098,0.6768,medium
47,95,80,0.0171,0,961,0.0533,293,483,8,1.8379,5.2655,0.1124,234,3373,0.9141,low
41,107,98,0.0561,4,1416,0.1591,233,310,12,2.2278,11.303,0.1617,450,2367,0.7182,medium
53,114,99,0.0032,1,749,0.1129,301,401,6,0.6784,6.1907,0.0515,137,3311,0.8405,low
24,132,157,0.1079,8,2280,0.1245,126,170,20,1.9255,13.3281,0.3634,625,1204,0.3546,high
60,119,90,0.0152,1,959,0.0815,289,381,10,0.8072,7.1443,0.0628,298,2724,0.7325,low
71,78,93,0.0229,1,940,0.1024,316,557,6,1.2465,4.3925,0.0474,291,3545,0.8461,low
23,155,150,0.1789,6,2614,0.1978,94,188,18,2.858,10.2532,0.253,649,916,0.4535,high
42,115,104,0.0621,2,1455,0.222,201,230,15,1.2792,10.6812,0.15,384,2162,0.7024,medium
23,174,150,0.0985,6,1284,0.3153,136,167,15,4.3376,15.5299,0.3278,642,1023,0.5491,high
44,139,108,0.0559,4,1627,0.2187,207,260,14,2.464,8.511,0.1859,501,2556,0.6135,medium
50,112,101,0.0542,4,1543,0.1572,211,283,11,0.2946,8.6564,0.1185,515,1849,0.6627,medium
34,151,141,0.0723,5,1542,0.1728,173,314,12,1.4583,9.1107,0.181,477,2240,0.626,medium
24,187,104,0.1927,7,2133,0.4398,128,174,14,2.2861,9.3178,0.4109,643,1237,0.3461,high
14,166,159,0.1261,6,2184,0.2678,120,220,14,2.9288,13.4599,0.342,808,1174,0.4761,high
26,182,129,0.1243,7,1982,0.249,122,233,18,1.4326,16.451,0.308,575,748,0.3382,high
23,187,117,0.078,9,1305,0.3422,142,179,13,3.0598,12.2771,0.3601,617,1228,0.5541,high
31,171,160,0.1366,9,1616,0.2065,170,108,19,3.588,13.0036,0.3412,617,888,0.3156,high
75,99,82,0.0122,1,714,0.0703,297,339,8,1.5748,4.244,0.0845,237,2967,0.8415,low
30,155,123,0.0801,8,2388,0.1901,103,193,18,3.1678,10.6345,0.37,644,729,0.2472,high
32,201,151,0.1074,5,1905,0.2376,92,130,18,3.792,13.3918,0.3276,722,646,0.2816,high
17,154,154,0.1036,7,2871,0.3577,132,139,15,3.7963,12.8308,0.308,611,1020,0.4645,high
66,97,79,0.0203,2,707,0.1122,273,448,5,1.0865,6.3774,0.074,259,3555,0.8381,low
57,97,80,0.026,1,936,0.085,288,526,9,1.5361,5.2911,0.078,336,3475,0.7958,low
20,149,158,0.0919,5,2036,0.2686,115,190,18,2.7545,9.9254,0.378,661,684,0.4174,high
46,131,111,0.0547,3,1423,0.2425,211,340,17,1.4187,6.2695,0.1455,477,2338,0.625,medium
27,181,136,0.0817,6,2690,0.2407,115,215,12,2.7723,14.4236,0.3417,537,1207,0.5009,high
59,98,86,0.022,0,959,0.087,264,428,7,0.7476,2.585,0.0592,355,3035,0.8247,low
14,143,167,0.1077,6,2617,0.3083,94,180,14,3.0002,15.2318,0.3569,531,1360,0.3436,high
38,125,113,0.0513,5,893,0.1503,244,267,11,1.429,7.4978,0.1753,502,2427,0.5837,medium
39,154,104,0.0471,3,1375,0.216,212,235,14,1.4351,8.3426,0.1487,350,2043,0.5694,medium
54,87,64,0.0168,2,988,0.064,239,538,9,0.8811,5.2746,0.0658,349,3021,0.7465,low
30,160,147,0.1267,7,2612,0.3608,135,144,16,3.6067,9.4539,0.3501,736,1427,0.4471,high
87,95,74,0.0173,2,964,0.074,330,411,11,0.4554,3.3369,0.0732,320,2950,0.7558,low
52,120,121,0.0602,4,1506,0.1718,209,267,17,1.122,8.3317,0.1701,324,2109,0.6027,medium
60,108,92,0.009,0,468,0.0764,308,434,8,0.6774,6.2632,0.0613,376,3320,0.7366,low
55,97,81,0.0377,1,927,0.079,317,417,6,0.5659,5.398,0.0736,320,2928,0.7911,low
22,174,139,0.1387,6,2088,0.2419,92,162,16,3.0584,11.3466,0.2671,747,757,0.5472,high
32,180,162,0.1313,8,2137,0.1867,120,70,19,4.2133,12.5267,0.3921,500,1085,0.4519,high
63,100,59,0.0298,1,838,0.0924,303,346,8,1.3776,2.9418,0.0859,299,3144,0.7486,low
30,129,134,0.0904,9,2013,0.2724,116,149,11,3.2237,12.0697,0.5248,593,1321,0.4495,high
39,104,96,0.0568,4,1470,0.1553,188,355,17,1.4862,10.9281,0.195,441,2537,0.5941,medium
27,166,174,0.1361,7,2177,0.3824,174,170,23,2.2174,19.2771,0.3488,704,1302,0.2834,high
45,102,107,0.0543,3,1332,0.2122,242,239,10,1.4362,8.5884,0.177,446,2850,0.647,medium
23,179,180,0.0797,8,2490,0.3557,109,174,15,2.9139,16.7426,0.3601,505,1054,0.5589,high
53,78,73,0.0131,1,502,0.0998,266,408,11,1.1684,6.3983,0.0854,342,3209,0.8372,low
69,122,83,0.0091,2,792,0.0558,318,493,11,1.2267,3.2053,0.0472,291,3246,0.8763,low
39,97,99,0.0594,3,1442,0.1801,220,331,17,1.6602,6.376,0.1768,466,2018,0.7124,medium
64,100,78,0.0233,2,850,0.0631,333,418,8,0.7559,4.9564,0.0421,269,3005,0.801,low
61,112,72,0.0089,2,1012,0.08,282,392,6,1.0295,4.5177,0.1026,312,3492,0.9075,low
43,152,108,0.0535,3,1443,0.1934,239,221,13,2.158,6.3802,0.1389,486,2378,0.6876,medium
65,101,76,0.0229,1,689,0.0863,271,389,7,0.6551,3.7051,0.0538,243,2942,0.9043,low
32,183,168,0.1176,6,1858,0.3776,138,168,16,2.8264,11.0996,0.3086,548,1136,0.4971,high
39,131,116,0.0551,2,1307,0.1289,204,290,10,1.7882,8.68,0.1784,469,1739,0.5842,medium
28,187,148,0.1148,5,1891,0.2933,144,171,19,4.2522,17.0255,0.419,527,889,0.406,high
19,175,135,0.0832,11,2069,0.4437,124,62,18,2.4371,13.7962,0.229,713,1261,0.3149,high
28,150,118,0.1037,8,2111,0.219,121,220,18,2.5311,9.6989,0.3329,667,981,0.3764,high
61,92,73,0.0148,1,810,0.0891,272,327,10,1.3879,4.475,0.0392,314,2859,0.8249,low
34,173,142,0.1366,7,1043,0.2666,116,136,24,2.5673,16.8381,0.2774,456,1572,0.418,high
27,151,131,0.1209,7,1937,0.2965,148,78,16,3.6993,9.6041,0.3665,575,696,0.3698,high
28,126,109,0.0651,4,986,0.1801,214,165,11,1.6942,10.9243,0.1789,346,2045,0.7146,medium
23,149,136,0.1396,6,2243,0.3506,124,209,19,3.6279,12.185,0.2239,505,1113,0.5251,high
48,116,101,0.0664,3,1438,0.1896,246,371,12,2.5294,9.3291,0.1475,418,2120,0.4965,medium
66,107,87,0.0172,1,696,0.0788,350,428,10,1.3619,5.4683,0.0814,344,2612,0.7515,low
74,72,71,0.0181,2,878,0.1088,312,349,7,1.1493,6.0864,0.0839,284,3757,0.8811,low
36,119,106,0.0482,4,1616,0.1422,222,308,14,2.0341,8.2321,0.1682,470,2001,0.6567,medium
32,109,98,0.0684,3,1328,0.1762,224,333,13,1.9995,9.0362,0.1905,424,1871,0.7474,medium
45,121,112,0.0737,4,1728,0.1912,235,288,9,1.5947,7.3054,0.117,462,1545,0.6281,medium
45,136,120,0.0455,3,1425,0.1345,209,343,10,2.1483,9.2415,0.1387,383,2241,0.595,medium
51,140,101,0.0729,4,1272,0.1591,210,302,12,2.0662,9.1083,0.2091,485,1947,0.6744,medium
19,144,142,0.1106,10,1423,0.3105,157,177,21,3.1356,9.7575,0.4264,868,942,0.2762,high
81,107,96,0.0107,1,573,0.0773,303,249,9,0.9302,5.0701,0.0905,254,3354,0.8408,low
64,89,83,0.0143,1,811,0.0947,297,528,6,0.8725,4.2345,0.0777,220,3603,0.7924,low
28,155,148,0.1174,7,2161,0.3096,130,168,19,4.2037,17.2008,0.275,678,982,0.4081,high
42,123,98,0.0729,5,1311,0.2041,222,297,8,1.6857,12.0633,0.1651,584,2484,0.6471,medium
28,171,112,0.0892,7,1627,0.3464,145,158,20,1.1391,13.5065,0.3233,502,1396,0.4368,high
55,92,77,0.0172,2,640,0.0928,305,398,7,0.7093,3.731,0.0788,214,3473,0.7703,low
37,152,141,0.1129,7,1223,0.3411,129,159,20,3.5458,15.5416,0.3908,649,584,0.3936,high
37,117,79,0.0457,4,1534,0.1638,244,295,9,2.1791,7.4318,0.2,561,1952,0.6517,medium
39,155,112,0.1304,7,2153,0.3095,149,154,11,2.7938,13.1445,0.3216,716,1208,0.4172,high
19,135,134,0.1557,7,2259,0.1731,111,187,16,2.6993,12.8112,0.258,472,1102,0.4664,high
42,116,101,0.0336,4,1417,0.1718,214,301,12,1.7844,9.9525,0.1376,315,1922,0.6084,medium
56,87,61,0.005,1,936,0.1137,256,426,11,1.0518,5.64,0.0877,225,3441,0.7859,low
16,154,159,0.0887,7,2031,0.2446,128,135,16,1.8307,12.2081,0.3977,429,1171,0.3825,high
21,173,140,0.1154,7,2354,0.2273,123,161,19,2.2541,11.5092,0.2395,666,1233,0.5011,high
45,116,121,0.0514,3,1206,0.1248,229,374,16,1.7648,9.598,0.2226,338,2563,0.734,medium
38,136,91,0.0583,3,1156,0.1829,171,284,12,1.4374,12.508,0.1056,510,2027,0.6109,medium
26,162,123,0.1269,7,2678,0.2541,128,178,19,4.5179,12.3628,0.4325,448,676,0.2715,high
26,148,110,0.1027,7,2298,0.3492,96,177,9,3.2769,6.5337,0.3141,628,1157,0.2395,high
67,100,85,0.022,1,669,0.0609,326,529,7,0.5118,6.0979,0.0587,268,3980,0.7418,low
28,147,154,0.1197,8,2108,0.306,94,206,22,3.1613,18.3278,0.307,569,1314,0.4224,high
48,115,66,0.0198,1,938,0.0703,325,444,4,0.8644,5.0938,0.07,243,3118,0.8077,low
46,88,93,0.0406,4,1954,0.189,213,346,8,2.3343,6.8032,0.1516,428,2094,0.5119,medium
59,85,61,0.013,0,811,0.0412,295,445,10,1.221,5.495,0.0819,245,3308,0.8903,low
33,133,130,0.0753,9,2100,0.3561,167,207,18,2.6455,17.4309,0.4357,743,955,0.4986,high
62,86,84,0.016,2,878,0.0939,286,311,7,0.7986,4.9893,0.0584,295,3283,0.8613,low
38,132,114,0.0497,2,1686,0.1786,198,289,6,2.0286,9.866,0.159,507,2309,0.6609,medium
52,95,107,0.052,4,1515,0.1214,216,282,11,1.674,8.8653,0.1879,495,1803,0.6731,medium
45,71,107,0.0164,1,747,0.1192,278,449,4,0.9585,5.644,0.0501,316,2199,0.8624,low
50,124,117,0.0562,3,1543,0.2197,184,301,12,1.8769,13.1895,0.2159,449,1307,0.4969,medium
16,194,144,0.1184,7,2518,0.1653,71,71,16,3.8977,19.3188,0.3386,701,1151,0.5248,high
27,145,170,0.1114,6,2132,0.1511,61,255,17,3.0775,14.1188,0.2623,624,1095,0.3707,high
41,103,136,0.0557,3,1050,0.1396,238,216,10,2.8928,9.4992,0.2143,373,1657,0.6967,medium
55,100,86,0.0232,2,865,0.0882,304,319,5,1.1309,5.4703,0.093,235,3032,0.7805,low
55,74,84,0.0106,2,728,0.0735,293,492,8,1.1251,5.3305,0.0323,294,3618,0.8289,low
54,135,107,0.0727,3,996,0.1927,235,292,13,3.413,10.4847,0.1276,520,2784,0.66,medium
19,134,110,0.1086,8,2255,0.3222,60,130,16,3.2462,18.2535,0.3794,531,964,0.4595,high
38,123,81,0.0406,4,1102,0.1831,213,209,10,2.5033,9.5596,0.1087,409,2673,0.6247,medium
32,188,123,0.1341,7,2361,0.3643,86,111,17,2.1903,8.6799,0.3917,847,1021,0.377,high
59,84,81,0.0227,2,680,0.0772,311,371,8,1.0589,2.5134,0.0656,283,2963,0.8526,low
33,137,147,0.1561,7,2029,0.2474,101,156,20,3.1188,13.4299,0.4074,542,1451,0.39,high
60,112,97,0.0319,2,1222,0.1031,217,252,10,1.5672,11.0276,0.1371,330,1939,0.5413,medium
62,83,73,0.0115,2,960,0.056,270,447,8,0.5841,6.8974,0.1731,226,3634,0.814,low
46,97,73,0.016,1,773,0.0937,244,392,8,0.6071,6.3721,0.0844,333,2085,0.7873,low
56,106,83,0.0048,2,866,0.075,297,554,8,0.8234,6.335,0.0737,327,3172,0.8477,low
43,109,117,0.0417,2,943,0.1987,203,283,7,1.1164,7.8112,0.1878,463,1848,0.6053,medium
38,120,94,0.0789,4,1470,0.1258,205,316,15,1.7194,8.562,0.1302,281,2047,0.645,medium
23,182,148,0.079,6,2351,0.3057,79,155,26,5.1103,13.2789,0.35,565,1511,0.4535,high
65,103,78,0.0177,1,519,0.1026,332,349,8,1.0325,2.579,0.0519,307,2617,0.8409,low
64,89,75,0.0129,0,758,0.0809,214,393,9,0.5838,4.8986,0.0778,234,2986,0.7752,low
19,139,165,0.152,8,2564,0.3432,168,196,21,3.5325,14.5418,0.3172,403,950,0.461,high
47,132,100,0.0544,3,1459,0.2329,268,318,11,2.0203,6.3687,0.1766,289,1678,0.614,medium
57,109,82,0.0254,2,567,0.0878,322,469,9,1.1803,6.8646,0.0362,325,3486,0.7714,low
34,141,129,0.1044,10,1705,0.3013,140,200,22,1.7848,13.2801,0.3143,649,1470,0.3419,high
62,108,80,0.0157,0,900,0.0448,302,518,8,0.7799,2.4104,0.0995,242,4085,0.8698,low
33,144,155,0.044,9,1082,0.2489,126,184,18,4.0337,16.6135,0.3873,695,921,0.4135,high
28,180,120,0.1139,9,1876,0.3467,161,145,18,4.0843,14.2458,0.4617,413,717,0.4693,high
30,179,133,0.1091,5,2390,0.3515,88,140,21,2.4115,17.9957,0.2199,616,1112,0.5663,high
20,155,136,0.1326,7,2929,0.357,109,207,17,2.5367,11.8527,0.3488,464,1327,0.6156,high
44,120,96,0.0682,2,1554,0.1655,222,411,8,1.7022,9.6452,0.1361,428,1972,0.6512,medium
43,97,123,0.0645,3,1687,0.1687,202,351,10,2.2158,12.8282,0.1501,375,2099,0.7196,medium
42,116,106,0.0368,4,1738,0.1357,188,369,12,2.297,8.9257,0.1629,303,2105,0.7198,medium
26,171,134,0.119,8,1715,0.3273,141,186,17,4.4183,17.2215,0.3799,782,568,0.3938,high
45,118,99,0.0757,3,1327,0.2107,208,244,14,1.8018,8.598,0.1481,583,2018,0.7702,medium
59,87,104,0.0184,1,827,0.0468,244,404,9,0.3971,4.4681,0.0725,297,3298,0.7654,low
32,163,102,0.114,7,2411,0.3046,153,194,18,2.6694,11.1146,0.3441,712,969,0.4785,high
64,100,98,0.0145,1,921,0.0757,344,406,7,0.983,6.3667,0.0788,270,3738,0.8274,low
52,97,80,0.0107,1,690,0.0808,261,300,10,0.9219,2.3071,0.0845,255,2645,0.8139,low
44,140,105,0.0663,3,1085,0.2496,243,218,9,1.5288,7.6802,0.2031,581,2166,0.6583,medium
19,131,164,0.1664,7,2471,0.2606,105,107,17,2.4329,13.4308,0.3743,730,1007,0.3365,high
54,85,100,0.0253,2,968,0.1138,302,551,5,1.1191,6.104,0.0475,260,3282,0.8808,low
45,105,118,0.0588,2,1641,0.1053,226,422,13,1.5916,7.9534,0.1214,487,2648,0.739,medium
25,162,123,0.1097,9,1884,0.2512,143,166,24,3.1216,15.3144,0.3295,671,1047,0.5419,high
50,121,78,0.0551,4,1778,0.139,181,382,9,2.479,10.5441,0.2026,416,2285,0.7204,medium
76,66,85,0.0114,1,642,0.0569,304,429,9,1.3293,5.9718,0.1197,267,2932,0.8713,low
42,170,147,0.1305,8,2297,0.3258,116,185,23,2.104,15.8771,0.3771,651,672,0.3615,high
30,156,145,0.0914,8,2696,0.2939,160,136,15,2.5444,17.2592,0.2765,597,868,0.556,high
23,153,138,0.1236,6,2130,0.2307,143,143,21,3.315,13.2232,0.4407,731,985,0.3175,high
40,124,78,0.0602,3,1563,0.1577,209,191,13,1.4326,8.5027,0.1692,421,2720,0.5502,medium
61,82,72,0.0151,1,787,0.0827,339,423,6,0.6314,5.1457,0.0399,232,3395,0.7838,low
65,92,87,0.0185,1,735,0.0877,358,434,11,0.6625,4.569,0.0463,328,2984,0.8452,low
46,119,78,0.062,1,1782,0.1236,218,377,13,1.334,10.3467,0.1228,438,2098,0.5887,medium
20,145,130,0.0952,7,2827,0.2549,171,179,15,3.8678,16.856,0.2071,632,857,0.4484,high
31,129,124,0.1019,5,2077,0.2643,121,221,13,2.4914,16.1907,0.2744,885,1086,0.3597,high
29,154,134,0.1267,5,2307,0.3049,117,154,21,2.409,19.6269,0.3466,884,1123,0.4005,high
28,182,119,0.1332,8,1575,0.4016,138,67,19,3.2695,10.5566,0.292,709,1124,0.5728,high
57,85,70,0.0218,2,784,0.0752,351,402,8,0.6557,4.546,0.0601,240,3415,0.8356,low
35,88,119,0.0491,3,763,0.2178,222,287,9,2.8329,9.8177,0.1836,504,1893,0.6251,medium
36,148,103,0.0815,8,1779,0.2614,125,160,15,2.9896,11.8296,0.2555,541,960,0.3331,high
52,95,79,0.0288,0,824,0.0725,256,511,9,0.3851,2.4453,0.0543,296,3389,0.7656,low
68,90,84,0.0318,1,716,0.0973,285,493,8,0.4583,5.4062,0.0452,324,4091,0.8575,low
73,92,81,0.0218,1,808,0.0747,322,372,9,1.14,3.9149,0.0806,265,3119,0.8899,low
27,106,97,0.0668,3,1705,0.2358,218,405,9,1.8132,14.3401,0.1561,367,1844,0.5855,medium
16,192,126,0.121,6,2120,0.3189,94,112,21,3.7219,12.4345,0.3994,704,1174,0.48,high
31,163,113,0.149,7,2465,0.2553,163,141,23,2.957,16.2265,0.3366,732,1170,0.3849,high
67,92,88,0.0066,1,990,0.0806,274,510,9,0.4873,5.4176,0.0959,245,3783,0.7657,low
44,131,114,0.0499,3,1243,0.1611,207,318,8,1.4979,13.9419,0.1367,448,2121,0.6024,medium
66,82,72,0.0197,1,738,0.0791,245,461,8,0.8444,4.2445,0.0752,289,2371,0.7644,low
16,158,135,0.0518,10,1860,0.3359,154,113,9,2.8688,16.6088,0.4129,704,683,0.4184,high
64,76,85,0.024,1,849,0.0552,329,377,8,1.1013,6.1382,0.0646,372,3554,0.764,low
37,133,107,0.0594,3,1482,0.1914,248,229,10,2.4048,8.6266,0.2024,565,1901,0.8263,medium
32,101,114,0.046,3,757,0.1602,287,208,15,0.0,9.0921,0.2028,191,2250,0.6042,medium
65,99,94,0.0086,2,974,0.0898,309,520,11,0.9339,4.9935,0.0876,234,3032,0.8583,low
31,134,92,0.1277,6,2075,0.2882,101,192,19,2.9235,12.1316,0.2704,470,1365,0.3974,high
47,146,112,0.0502,2,1568,0.1797,228,167,10,1.2022,9.6658,0.1443,460,2184,0.7399,medium
18,164,148,0.1183,6,1996,0.2392,139,195,19,4.5904,9.0859,0.4294,674,908,0.4171,high
44,98,94,0.0643,4,1617,0.1114,273,300,19,1.631,7.4466,0.1219,299,2258,0.655,medium
25,174,107,0.0703,8,2404,0.3192,102,166,21,2.7073,13.8461,0.2965,560,1600,0.5374,high
25,162,195,0.1276,6,2016,0.4066,117,236,26,3.1479,14.7172,0.421,721,987,0.4927,high
62,112,72,0.0097,2,664,0.1109,274,397,8,0.695,5.2399,0.0274,275,3212,0.8813,low
46,111,104,0.0465,4,1436,0.2004,255,220,14,1.4695,10.1097,0.1504,483,2206,0.4294,medium
33,115,83,0.0412,4,725,0.1788,225,390,14,1.7485,10.365,0.191,481,2125,0.5502,medium
61,81,82,0.023,0,1021,0.1034,287,427,4,0.8486,5.283,0.0412,295,3452,0.7762,low
72,79,101,0.0111,2,720,0.0807,303,434,5,0.7501,4.5253,0.0314,241,2750,0.8674,low
24,138,184,0.1242,8,2348,0.3818,158,205,19,3.7665,9.5927,0.3969,542,1297,0.3805,high
53,118,82,0.0172,2,1032,0.0709,286,486,4,0.6701,4.3386,0.1148,245,3471,0.8314,low
46,127,107,0.0654,3,1027,0.1837,216,283,10,1.983,11.9548,0.1909,345,1787,0.689,medium
36,96,76,0.0595,3,1094,0.1825,180,187,12,1.9876,6.6684,0.1755,335,2014,0.7434,medium
48,105,78,0.0,2,1166,0.0636,309,343,9,0.8877,8.8633,0.0877,238,3374,0.8053,low
66,88,71,0.0074,1,855,0.0764,408,431,5,0.7779,5.6933,0.0722,267,3129,0.851,low
42,131,112,0.0564,2,1343,0.1619,192,318,5,1.2242,6.8757,0.1297,395,2353,0.6698,medium
35,120,81,0.0564,3,1256,0.1702,218,272,10,2.281,5.8361,0.1726,268,2041,0.5861,medium
75,88,81,0.0046,1,721,0.0775,274,488,7,0.8158,4.8184,0.0524,339,4347,0.8525,low
60,83,88,0.0093,1,918,0.0713,261,465,6,1.0248,5.3649,0.0758,216,3360,0.7464,low
41,146,86,0.0667,3,1559,0.1218,152,287,11,2.6617,9.6037,0.2111,357,2613,0.684,medium
58,110,73,0.0149,1,689,0.072,245,418,10,1.1159,5.0934,0.0706,303,3391,0.9169,low
60,122,106,0.0524,5,1858,0.1968,230,312,11,2.4207,8.2989,0.0973,202,2956,0.6845,medium
46,88,119,0.0599,4,1769,0.1719,208,231,15,3.1431,6.3162,0.126,484,2648,0.5884,medium
66,124,129,0.0605,5,1094,0.1588,156,204,11,0.4806,10.815,0.1576,359,2966,0.5397,medium
18,150,139,0.1183,8,2284,0.3171,127,188,16,2.6596,20.219,0.4203,576,1020,0.3408,high
49,110,107,0.0499,5,1168,0.1786,183,234,15,2.4341,12.7902,0.2044,478,1785,0.4803,medium
37,99,100,0.0721,3,1851,0.2094,226,294,16,2.3346,7.7843,0.158,429,2547,0.6271,medium
21,149,166,0.0993,9,2649,0.2582,141,148,16,3.2926,17.1464,0.2263,432,909,0.4545,high
61,107,71,0.0122,2,897,0.0971,272,522,4,1.7087,4.0945,0.0784,339,3702,0.818,low
18,131,147,0.0584,8,1900,0.2945,74,119,17,3.1629,15.0129,0.3598,507,1275,0.3873,high
48,123,126,0.0624,2,1485,0.2657,245,229,15,1.7343,12.2765,0.194,355,2391,0.7108,medium
26,166,138,0.0814,4,2219,0.4445,68,167,14,2.6814,12.0189,0.3192,551,1287,0.429,high
29,150,154,0.0913,9,1549,0.1692,137,138,13,3.3465,9.0128,0.4017,522,828,0.242,high
17,157,157,0.1293,7,2186,0.2995,63,138,14,2.6753,17.817,0.2818,485,1525,0.4575,high
64,105,62,0.0181,0,847,0.0779,347,507,6,0.7425,5.6926,0.0701,258,2436,0.826,low
57,113,86,0.01,1,817,0.0929,247,427,7,0.906,7.662,0.0713,248,3239,0.8533,low
47,128,108,0.0534,3,1251,0.2089,195,224,17,2.2636,8.1791,0.1779,387,2082,0.5508,medium
71,123,76,0.0151,1,580,0.1124,317,504,6,0.8385,6.0597,0.055,290,2867,0.7646,low
24,161,142,0.1072,6,1805,0.355,110,170,20,4.7742,8.2983,0.4035,746,1092,0.2483,high
62,91,81,0.0169,2,790,0.0574,270,353,2,0.7536,2.8782,0.0631,175,3162,0.87,low
61,91,75,0.0069,1,790,0.096,228,484,9,0.8944,8.117,0.0525,388,3254,0.8324,low
21,145,135,0.1286,8,3087,0.3837,133,168,7,3.0069,15.9105,0.3332,526,461,0.4483,high
41,136,109,0.036,3,1428,0.1251,202,317,13,1.6376,11.9466,0.1258,401,2318,0.5146,medium
59,128,109,0.0517,2,1491,0.2385,205,301,8,0.7849,8.567,0.149,471,2177,0.6166,medium
40,127,108,0.0696,4,1001,0.2079,215,266,15,2.1547,8.0329,0.1206,546,2456,0.7317,medium
72,81,73,0.0149,1,1182,0.0977,315,505,10,1.066,6.4553,0.0749,293,3667,0.8823,low
47,144,108,0.0757,3,1596,0.1917,170,257,19,2.6829,10.7463,0.1295,515,2705,0.6831,medium
70,103,90,0.0123,1,814,0.1054,331,508,8,1.2848,3.8941,0.0933,316,3199,0.8528,low
54,91,92,0.0523,3,1538,0.1476,206,241,17,2.2939,10.2168,0.1713,362,2018,0.6399,medium
39,114,117,0.0482,3,1731,0.1801,174,238,11,1.6988,9.6387,0.2144,457,1468,0.6774,medium
63,95,94,0.0216,0,429,0.0484,291,298,6,0.1066,4.8259,0.0,104,2285,0.8652,low
47,134,99,0.0576,4,1230,0.2002,216,300,14,1.9055,7.8588,0.2003,367,1950,0.5579,medium
58,94,77,0.0248,1,755,0.0737,298,400,8,0.7659,5.4903,0.0699,242,2813,0.8576,low
34,114,116,0.0401,4,1155,0.1209,200,209,14,2.0436,8.2588,0.0818,328,2139,0.6537,medium
27,181,142,0.1168,7,2003,0.3304,153,186,22,3.0019,10.2119,0.4025,559,868,0.4809,high
51,134,116,0.071,4,1291,0.2658,251,152,10,1.5602,8.5065,0.1715,399,1687,0.728,medium
20,126,161,0.0919,9,2583,0.2559,155,195,15,2.9325,14.2407,0.3557,645,797,0.4318,high
46,73,58,0.0208,1,987,0.0952,335,358,4,0.7922,7.3119,0.0509,249,2951,0.7889,low
49,87,81,0.0308,2,896,0.0893,322,342,7,1.1331,4.191,0.0778,348,3385,0.8302,low
62,76,75,0.0117,0,710,0.0942,288,457,7,0.879,3.908,0.0622,321,3033,0.7972,low
53,111,102,0.0595,1,1573,0.2264,236,373,10,1.4203,9.0147,0.2005,537,2412,0.6236,medium
53,110,87,0.0176,2,842,0.1269,315,403,6,0.8969,2.8641,0.0863,249,3075,0.8206,low
36,135,89,0.0608,4,912,0.1564,203,242,11,1.693,12.4464,0.1079,514,2087,0.6243,medium
52,100,118,0.0693,5,1080,0.1876,215,312,14,0.9868,11.0673,0.0875,640,2089,0.6723,medium
23,149,154,0.1406,8,1642,0.3289,127,162,17,0.9866,19.3596,0.4055,478,1067,0.2934,high
23,128,112,0.1227,8,1941,0.33,113,190,22,3.4794,16.0358,0.3691,567,1063,0.4203,high
69,98,83,0.014,1,713,0.0771,272,452,7,0.854,3.0897,0.0537,302,2558,0.8455,low
53,114,84,0.075,5,1046,0.1752,190,310,11,1.9618,7.7015,0.1221,284,2535,0.5514,medium
63,94,103,0.0163,2,1062,0.0591,264,324,8,1.5108,6.2562,0.0659,294,2713,0.8557,low
76,108,91,0.0164,2,689,0.0787,321,472,6,1.3981,6.348,0.0514,340,2834,0.7575,low
42,116,108,0.0692,5,1419,0.1619,207,310,11,2.5023,11.9221,0.1454,495,2502,0.6351,medium
25,152,155,0.0706,6,1963,0.3542,150,175,20,3.1511,18.5538,0.3826,610,1302,0.4345,high
42,108,103,0.0461,2,1043,0.1298,135,368,17,1.4456,11.2796,0.131,401,1739,0.6202,medium
56,148,98,0.0516,5,1574,0.2651,215,199,10,1.9065,11.0488,0.1027,484,2026,0.6885,medium
49,126,114,0.0602,3,1007,0.1671,214,311,11,1.3735,9.2277,0.1354,401,2148,0.623,medium
41,87,73,0.019,1,898,0.0618,385,422,10,1.2312,4.5373,0.065,228,3263,0.855,low
24,144,150,0.1088,8,1692,0.3225,98,78,18,4.08,19.1618,0.3024,635,872,0.3486,high
48,118,112,0.0489,4,1519,0.1246,233,398,9,1.1993,12.2669,0.217,464,2192,0.6896,medium
37,100,108,0.0618,4,1250,0.1677,221,235,11,2.2517,10.4664,0.0848,434,1626,0.5529,medium
26,152,157,0.092,7,2342,0.2074,138,112,20,4.1117,15.3107,0.2895,526,1072,0.2002,high
19,125,143,0.1404,9,1667,0.2959,94,204,20,2.967,8.7364,0.2796,532,959,0.5857,high
64,98,76,0.0143,1,906,0.081,276,445,5,0.8568,5.4852,0.0586,309,2592,0.9124,low
48,134,110,0.0611,3,1344,0.2018,225,304,12,0.7405,6.2769,0.1523,285,2390,0.7179,medium
54,103,124,0.0659,3,1460,0.1726,221,319,14,2.2407,8.8789,0.1602,414,2521,0.6646,medium
57,76,63,0.0189,2,740,0.06,294,374,7,1.1188,4.1611,0.0494,187,3533,0.7791,low
43,110,120,0.0662,2,1243,0.1722,164,331,17,2.1829,6.2785,0.2217,323,2262,0.5767,medium
59,128,94,0.0676,4,1435,0.163,190,302,16,2.3684,8.2266,0.2009,365,1998,0.6317,medium
67,86,80,0.0211,2,831,0.0571,338,301,9,0.921,3.6722,0.0656,303,3508,0.8132,low
17,164,159,0.0941,7,2130,0.2743,144,124,18,1.9637,14.1454,0.34,684,1258,0.4634,high
43,89,85,0.0131,2,857,0.0742,289,490,7,1.0593,6.0032,0.0549,279,3710,0.8049,low
32,104,98,0.0494,3,1609,0.2135,187,207,13,1.8517,4.794,0.145,452,1981,0.5879,medium
55,116,83,0.0466,5,689,0.1898,196,166,8,1.3248,10.2561,0.1859,390,3631,0.5785,medium
15,127,154,0.0677,10,2689,0.3155,81,134,24,3.264,13.6447,0.3093,376,1260,0.3857,high
52,149,121,0.0634,3,1496,0.1422,205,419,15,1.945,9.0079,0.1206,437,1937,0.6525,medium
41,110,121,0.0363,3,1105,0.2264,216,271,12,2.0913,6.2833,0.2087,303,2485,0.711,medium
56,86,92,0.0184,3,575,0.0824,253,489,8,1.4949,9.6545,0.0191,172,2968,0.919,low
48,101,106,0.0764,4,1450,0.1675,184,256,12,2.297,8.6372,0.1503,600,2090,0.7181,medium
50,96,87,0.0366,4,1314,0.1584,286,280,11,1.0649,6.9847,0.2342,364,2080,0.5461,medium
54,81,75,0.0176,0,812,0.0857,307,386,7,0.6288,4.8074,0.044,245,3114,0.8741,low
69,93,83,0.013,1,621,0.0805,258,396,7,0.819,4.8282,0.0376,301,2715,0.8285,low
16,182,189,0.1343,6,2206,0.3073,122,152,18,3.4107,12.8748,0.4028,417,1120,0.5452,high
59,87,74,0.0415,2,719,0.0,352,452,9,0.7326,3.8047,0.0307,390,3182,0.8183,low
31,134,139,0.128,7,2521,0.3045,124,120,14,4.7186,13.2744,0.3437,741,1147,0.4754,high
29,149,131,0.0953,8,2110,0.3059,82,132,20,1.847,10.1179,0.2443,565,966,0.498,high
29,157,141,0.1359,10,1321,0.3091,119,124,19,4.073,14.2589,0.3635,545,1587,0.4224,high
44,151,126,0.0659,3,1012,0.0788,225,317,10,2.2321,10.9202,0.1904,276,2187,0.5622,medium
76,91,83,0.0149,0,927,0.0511,300,421,5,1.045,6.4214,0.0728,321,3204,0.786,low
51,104,104,0.0368,4,1429,0.1852,201,181,16,1.4622,4.7488,0.1384,372,1402,0.6899,medium
36,128,121,0.056,3,1676,0.1759,226,336,7,1.4722,2.4888,0.1057,471,1609,0.6993,medium
51,133,82,0.0612,5,1461,0.1943,207,325,13,1.3765,8.1583,0.12,605,1530,0.6725,medium
54,101,72,0.006,1,908,0.0644,238,328,6,0.9758,5.216,0.098,290,3363,0.8528,low
52,109,89,0.029,3,1138,0.1961,206,251,10,1.8153,7.5456,0.1409,477,2173,0.5727,medium
60,117,84,0.024,1,981,0.119,309,447,8,0.6475,4.8053,0.0703,186,3847,0.8166,low
55,133,101,0.0421,4,1727,0.1184,264,226,10,2.3041,10.9827,0.2413,473,2010,0.6342,medium
29,129,111,0.1153,9,1953,0.2813,139,196,22,2.0533,9.8046,0.3243,640,1419,0.5773,high
60,68,93,0.0219,1,693,0.0479,357,518,7,0.853,5.0117,0.081,252,3135,0.9027,low
79,109,93,0.0173,0,994,0.0869,304,452,8,0.9962,3.6178,0.088,323,3509,0.722,low
43,146,98,0.1488,7,2070,0.2362,102,199,16,0.8586,14.2738,0.2953,478,962,0.4907,high
68,92,83,0.0084,2,926,0.0556,280,432,8,0.6108,5.1507,0.0663,209,3650,0.8358,low
29,168,131,0.0813,6,2102,0.4115,172,134,19,3.1572,14.286,0.2041,704,986,0.4598,high
30,129,122,0.1289,9,2050,0.304,125,127,17,3.9687,13.0361,0.3193,663,742,0.4686,high
56,109,104,0.0764,5,878,0.1834,205,317,13,2.588,7.0453,0.1258,531,2330,0.6032,medium
43,130,114,0.0706,6,1304,0.2062,193,370,15,1.5826,9.6722,0.0373,308,2939,0.6598,medium
79,99,89,0.0154,2,909,0.142,326,457,9,1.2393,4.1547,0.0955,407,2259,0.762,low
53,104,72,0.0051,0,879,0.0952,304,527,6,0.8848,2.0501,0.0578,263,3757,0.7488,low
39,143,119,0.0564,5,1098,0.1915,186,303,11,1.9183,11.1436,0.2082,435,2070,0.7336,medium
30,110,100,0.0429,4,1240,0.1311,187,369,11,2.7796,7.384,0.1518,404,2463,0.6566,medium
24,144,158,0.1054,6,1907,0.3162,113,183,18,3.2725,8.5219,0.3588,704,1074,0.3461,high
23,175,152,0.1273,6,2310,0.2662,172,171,17,3.2926,13.8957,0.3213,403,1150,0.5412,high
44,120,106,0.049,5,1436,0.219,208,264,16,1.6084,9.8584,0.1643,410,2290,0.5987,medium
54,103,79,0.017,2,877,0.0837,362,491,6,1.2042,8.4889,0.0656,295,3201,0.9115,low
55,111,76,0.016,1,1092,0.0599,326,388,11,0.8631,4.883,0.0637,285,3418,0.8488,low
38,109,95,0.0106,6,1406,0.1627,184,319,8,1.344,10.1678,0.1223,539,1988,0.6667,medium
27,160,145,0.1595,5,2632,0.3763,142,122,14,1.3132,18.1746,0.3708,881,1521,0.31,high
61,94,88,0.0208,1,639,0.1011,289,477,7,1.0548,6.8249,0.0111,313,3114,0.8429,low
42,124,98,0.0629,4,1393,0.1987,222,280,16,2.4444,9.3784,0.203,422,2277,0.5532,medium
37,155,115,0.0988,8,1477,0.2609,108,186,15,4.0151,11.0191,0.465,588,686,0.3441,high
15,136,144,0.1411,8,2434,0.3572,117,177,14,2.5065,17.6385,0.2502,644,1035,0.4003,high
42,132,94,0.0687,4,1097,0.1446,219,391,14,1.9051,10.9326,0.1674,466,2186,0.6704,medium
25,159,174,0.1055,8,2693,0.2602,121,227,19,3.2535,10.1847,0.3629,760,1242,0.4269,high
29,161,125,0.1233,9,1822,0.3149,121,218,12,4.3343,7.7087,0.2818,709,1442,0.4225,high
56,94,80,0.0261,2,817,0.0904,366,408,8,0.7022,7.852,0.0673,200,3132,0.7968,low
39,121,115,0.0504,3,1020,0.2162,201,316,12,2.3238,7.4987,0.1423,226,2117,0.5211,medium
45,106,96,0.0433,5,1336,0.1799,224,203,16,1.9,7.9295,0.1302,611,1625,0.6099,medium
70,103,83,0.0072,3,884,0.0921,303,393,6,0.8144,6.0072,0.0422,252,3272,0.842,low
64,101,72,0.0186,1,694,0.0716,296,536,9,0.5099,3.9709,0.0781,300,3196,0.8591,low
32,187,112,0.1265,10,2226,0.1991,161,200,15,2.9231,16.7017,0.3917,441,1009,0.3904,high
65,88,100,0.0122,1,1006,0.0762,303,343,4,0.9208,5.2337,0.0838,271,2970,0.7993,low
55,115,79,0.0507,2,1379,0.1832,244,242,11,2.4527,10.1358,0.1928,420,1393,0.6354,medium
29,165,117,0.1544,6,2556,0.2905,131,208,9,1.4935,8.3017,0.4657,630,1099,0.3905,high
66,80,80,0.0121,1,919,0.0688,336,487,5,0.8301,7.824,0.0683,223,2938,0.8798,low
37,130,115,0.0644,3,1152,0.2197,265,406,18,1.5041,8.2074,0.1544,538,2137,0.6146,medium
31,158,117,0.0384,4,2127,0.368,138,101,20,3.0034,11.1747,0.3516,680,945,0.5032,high
47,95,111,0.0852,4,1328,0.1173,151,350,13,1.2517,8.0264,0.1929,408,1751,0.7812,medium
29,156,152,0.0798,8,2435,0.2663,131,77,11,3.4474,14.9867,0.3202,816,869,0.3663,high
37,162,139,0.1435,7,3046,0.3483,140,162,28,3.2688,15.2127,0.2354,558,1271,0.3815,high
58,79,94,0.0116,2,746,0.0557,297,354,11,0.6057,4.5481,0.0603,257,3155,0.9081,low
49,125,88,0.0889,4,1029,0.2761,168,283,10,2.0632,4.2943,0.1843,174,2073,0.6201,medium
32,122,126,0.0605,4,1460,0.0932,155,255,13,1.7534,9.4967,0.092,498,1662,0.693,medium
49,144,86,0.0511,4,1418,0.1561,195,292,12,1.6589,9.838,0.2264,344,2062,0.5762,medium
22,133,124,0.0963,5,563,0.2569,108,112,21,3.8992,16.7025,0.3702,653,709,0.3737,high
38,158,159,0.1437,8,2725,0.2887,157,105,19,3.2788,11.7402,0.2461,538,1281,0.4574,high
55,135,126,0.0741,3,1409,0.1327,219,245,13,1.238,8.7618,0.1723,292,2022,0.5245,medium
23,132,119,0.1052,8,1767,0.2732,130,144,14,3.2024,16.7671,0.3703,639,851,0.4989,high
54,79,69,0.02,1,891,0.0791,261,423,8,1.0119,5.418,0.0603,238,3423,0.8663,low
54,103,65,0.0095,0,1000,0.0798,271,512,8,0.9616,2.4604,0.0548,296,3125,0.7607,low
58,98,84,0.0251,2,877,0.0544,329,470,8,0.948,3.3239,0.0775,315,3074,0.8028,low
71,108,82,0.028,0,1149,0.0588,316,441,8,0.7205,4.7059,0.0576,169,3415,0.9991,low
29,138,149,0.0654,8,2934,0.4209,127,147,23,2.7296,12.0595,0.342,588,1457,0.3769,high
18,202,179,0.0995,7,2035,0.313,100,171,20,3.602,11.2306,0.4024,752,799,0.2593,high
51,129,130,0.0669,4,1186,0.1457,206,299,16,1.9735,11.7922,0.1098,353,1824,0.6497,medium
54,116,114,0.0741,4,1813,0.1757,302,268,6,1.888,10.4267,0.0886,369,1662,0.7795,medium
74,100,62,0.0147,2,762,0.059,290,496,7,0.5257,6.145,0.0664,291,3482,0.8539,low
38,130,124,0.0319,3,1417,0.1952,217,307,13,1.881,8.3852,0.1434,452,2672,0.577,medium
29,141,106,0.0767,8,1809,0.3738,92,124,17,2.4083,10.925,0.3845,613,831,0.4263,high
42,110,96,0.0556,2,1249,0.1753,215,260,4,1.6098,9.6569,0.1139,409,2044,0.6253,medium
24,173,136,0.1391,7,1914,0.2681,122,65,17,2.9281,11.6326,0.2316,580,1391,0.308,high
48,89,107,0.045,4,1291,0.2086,217,249,18,1.9833,12.1021,0.1486,556,2138,0.6135,medium
66,102,74,0.005,1,556,0.0594,283,351,7,0.9206,3.6047,0.0621,181,2814,0.8016,low
50,119,109,0.0613,5,1407,0.2492,189,287,11,1.1813,6.6417,0.2173,422,1835,0.6229,medium
16,135,109,0.1455,8,2093,0.3624,173,129,20,5.3963,10.94,0.4101,815,1176,0.355,high
44,87,60,0.0105,1,1061,0.0786,267,398,7,1.1732,5.2122,0.0332,272,3065,0.8702,low
40,124,111,0.0723,3,1114,0.1839,229,332,16,1.9848,11.1794,0.1796,363,1510,0.7008,medium
43,110,86,0.05,5,1544,0.1768,225,322,13,3.2027,8.1978,0.1549,539,1914,0.5749,medium
38,122,112,0.0623,4,1287,0.2008,264,364,15,2.3611,7.3499,0.1192,392,2065,0.6025,medium
19,138,139,0.0859,7,1480,0.4315,108,163,15,2.8636,12.7,0.3272,638,799,0.4379,high
34,134,79,0.0473,3,1480,0.1848,160,406,12,1.5073,6.617,0.1905,282,2306,0.6303,medium
34,189,123,0.0844,6,2138,0.2208,87,143,19,2.7156,15.2449,0.3128,604,958,0.4248,high
58,70,65,0.0247,1,763,0.0774,311,465,7,0.9719,4.2897,0.0388,347,2604,0.8209,low
72,89,90,0.019,1,763,0.0523,306,504,8,0.902,3.0933,0.0783,195,3299,0.7584,low
35,125,114,0.0747,2,1301,0.1787,229,267,12,1.7449,10.3068,0.118,336,1746,0.5567,medium
23,159,159,0.099,9,1725,0.401,148,243,16,5.1151,16.3872,0.3181,603,1386,0.398,high
61,104,111,0.0462,3,1239,0.2352,213,256,13,1.3567,8.1437,0.1384,324,1963,0.6498,medium
18,140,166,0.1322,9,1804,0.2812,57,196,17,2.2712,14.898,0.3508,648,1403,0.4825,high
44,96,94,0.0147,1,990,0.0599,330,453,10,0.5408,5.3733,0.0627,367,2336,0.7935,low
57,101,97,0.064,4,1586,0.2003,163,291,18,1.8332,9.9361,0.2275,405,1928,0.4826,medium
49,85,78,0.0088,2,661,0.0745,347,339,8,1.2121,5.0252,0.0759,359,2552,0.8851,low
69,111,72,0.0089,2,781,0.1061,330,274,8,0.7856,6.1803,0.0976,189,3066,0.8551,low
50,125,95,0.062,3,1347,0.1975,177,255,16,0.4375,9.541,0.1584,457,2360,0.5925,medium
52,97,81,0.012,2,784,0.0571,270,494,10,0.9477,4.1891,0.0528,255,3206,0.8429,low
60,96,72,0.0104,2,956,0.0895,351,435,8,1.0701,5.3973,0.0705,254,3707,0.7917,low
45,87,129,0.0504,2,1681,0.1766,200,321,15,1.6007,9.5663,0.2005,339,1675,0.661,medium
68,87,71,0.0297,1,896,0.0918,259,366,7,0.7322,5.8552,0.0641,333,3672,0.8236,low
64,99,95,0.0205,1,585,0.1097,290,302,8,0.7879,3.5196,0.0751,185,3369,0.8608,low
29,167,120,0.1094,9,1502,0.392,141,224,24,2.3297,15.3553,0.3048,767,882,0.4254,high
43,123,135,0.0368,3,1358,0.0808,179,346,16,1.6982,10.4455,0.2654,480,2095,0.5994,medium
65,112,69,0.0157,1,986,0.0394,334,448,8,0.7701,6.3452,0.0968,249,3090,0.8155,low
30,152,161,0.1587,8,1604,0.2468,112,164,14,4.3359,15.2428,0.2867,625,1384,0.2825,high
25,151,121,0.128,8,1962,0.3654,79,271,19,3.7501,17.9061,0.3526,720,558,0.4997,high
63,84,81,0.0269,0,1006,0.0816,351,548,7,0.5633,5.4599,0.0857,250,2821,0.8953,low
55,96,79,0.02,1,523,0.0803,268,321,5,0.83,4.8364,0.0689,261,3757,0.8621,low
66,107,98,0.0134,1,841,0.0717,314,452,9,1.2662,4.8717,0.0933,358,3314,0.8322,low
33,124,140,0.0663,5,1953,0.2881,125,106,15,2.5694,12.272,0.274,674,1103,0.4987,high
46,108,102,0.0551,4,1609,0.2274,204,251,12,2.367,9.9142,0.1816,255,2604,0.7332,medium
51,102,100,0.0155,1,837,0.1143,278,460,7,0.8764,3.8418,0.0798,263,2911,0.8881,low
23,158,137,0.1477,9,2232,0.3021,137,170,25,3.4099,19.7898,0.2811,593,1369,0.4427,high
72,96,71,0.0249,1,773,0.0934,262,488,9,0.7579,5.3723,0.0537,315,3040,0.7685,low
75,129,88,0.0233,2,842,0.052,308,420,4,1.0046,4.8641,0.0318,274,3395,0.8393,low
67,62,93,0.0109,1,1023,0.1053,284,390,7,0.4764,3.3452,0.0621,322,3849,0.8149,low
52,95,61,0.0191,1,798,0.0648,324,404,10,0.7922,2.7128,0.0965,253,3500,0.7317,low
73,107,74,0.0246,1,964,0.0772,284,409,8,0.8021,3.7437,0.099,283,2969,0.7664,low
21,142,168,0.1481,7,2202,0.2787,129,185,18,3.1519,12.6029,0.254,815,1230,0.5146,high
46,131,95,0.0499,5,1753,0.201,223,295,17,2.3397,9.5558,0.1522,262,1960,0.5683,medium
38,153,128,0.0694,8,1958,0.2672,120,214,20,2.7475,13.2528,0.3804,378,929,0.4028,high
25,146,138,0.0587,10,1896,0.3794,146,179,21,3.3419,16.4214,0.4308,681,774,0.4419,high
77,89,69,0.028,1,879,0.0964,205,414,11,0.2037,3.1309,0.069,349,3405,0.7763,low
51,100,78,0.0434,4,1274,0.1736,213,278,11,2.3474,9.7609,0.139,360,2433,0.6449,medium
34,79,116,0.0536,3,1382,0.1571,198,449,16,2.3235,6.8583,0.1532,438,2475,0.5937,medium
45,123,99,0.0542,3,1361,0.0817,262,271,14,1.9891,10.5193,0.1288,323,1125,0.6926,medium
65,104,71,0.0112,0,654,0.0753,382,320,7,0.7566,5.7111,0.0326,239,3634,0.815,low
28,133,121,0.0738,7,1680,0.395,139,149,21,3.0089,16.68,0.3578,474,1124,0.4121,high
20,161,135,0.1418,9,2350,0.3405,147,168,22,1.2723,12.5086,0.3077,600,1373,0.4739,high
42,125,124,0.0637,2,1584,0.1776,200,299,13,2.5592,6.9304,0.1163,495,1589,0.6531,medium
58,114,77,0.0099,2,792,0.0694,300,432,8,1.1245,5.2171,0.0807,210,2943,0.8777,low
27,163,132,0.0867,5,1933,0.3303,145,177,21,1.7862,9.6628,0.3821,677,725,0.4023,high
58,96,77,0.0232,1,908,0.109,306,392,6,0.6855,5.3856,0.0546,345,3361,0.8285,low
43,117,87,0.0431,2,1606,0.1851,175,317,10,1.8824,10.0295,0.0804,521,1957,0.677,medium
59,104,76,0.0248,1,999,0.0584,306,439,8,0.7208,1.0368,0.1021,317,2483,0.8475,low
32,126,96,0.0456,4,1662,0.1018,187,294,10,2.0093,8.6115,0.164,388,2135,0.702,medium
40,114,94,0.0558,4,1510,0.2108,151,288,12,0.3495,10.2808,0.2076,301,2399,0.6764,medium
76,98,79,0.0159,1,856,0.0745,403,393,7,0.4412,6.1845,0.0729,261,3438,0.779,low
68,105,101,0.0207,1,717,0.0993,327,423,6,0.6702,3.6783,0.0488,259,2635,0.8322,low
23,138,150,0.0794,7,1055,0.3113,131,140,14,2.4288,15.5185,0.3879,582,1037,0.4098,high
62,148,96,0.0827,3,1330,0.1739,216,321,10,1.2889,10.2483,0.0882,428,2699,0.675,medium
29,153,134,0.0951,7,2227,0.3111,156,230,11,3.4019,12.1501,0.3502,674,1056,0.483,high
67,93,68,0.0115,1,842,0.072,372,473,7,0.8427,4.1565,0.0722,283,2993,0.7773,low
56,98,59,0.0182,2,789,0.0759,296,451,2,0.7077,5.8487,0.054,312,3524,0.7966,low
23,192,128,0.1047,6,1883,0.2154,140,163,21,2.2549,17.0439,0.2743,773,1099,0.3757,high
60,111,91,0.0103,1,1024,0.0481,249,459,12,0.8603,3.2827,0.0474,275,2798,0.8212,low
60,92,73,0.0224,1,824,0.0782,368,455,9,0.9027,3.7281,0.059,344,2612,0.7723,low
26,169,134,0.0898,6,2480,0.2503,45,196,24,3.3755,14.2631,0.3801,513,1920,0.4761,high
39,156,161,0.1822,7,2528,0.3333,144,132,20,1.9468,14.9463,0.4023,690,1022,0.3359,high
56,111,94,0.0176,1,1034,0.0623,304,420,8,0.9894,5.8639,0.0808,174,2827,0.7779,low
50,143,82,0.0382,4,1364,0.1342,240,339,8,3.1855,10.6662,0.1615,346,1806,0.7153,medium
47,102,94,0.0545,3,1387,0.2004,257,332,8,1.4349,6.4844,0.1104,572,2106,0.6713,medium
53,121,112,0.0736,4,1578,0.1945,256,155,8,0.5256,9.941,0.2327,497,2456,0.565,medium
45,110,102,0.0599,4,1722,0.175,206,335,8,1.703,9.0267,0.1695,396,2680,0.6152,medium
39,111,109,0.0309,3,1327,0.1113,225,435,18,1.4512,13.0448,0.2059,356,2131,0.6618,medium
33,164,140,0.1584,8,2317,0.3199,79,196,22,2.7636,14.5329,0.429,681,1370,0.5873,high
47,115,111,0.071,5,1394,0.1298,256,347,14,1.8427,11.5855,0.1921,392,1878,0.668,medium
73,90,99,0.0116,2,796,0.0842,292,513,8,1.0375,6.6275,0.0646,257,3157,0.8198,low
70,113,72,0.0162,2,894,0.0729,319,315,11,0.9849,4.3615,0.0554,256,3157,0.7983,low
21,160,132,0.1375,8,1872,0.2807,97,201,10,4.4317,13.3448,0.2743,518,1225,0.4069,high
71,78,87,0.0279,3,876,0.1319,315,421,6,0.8703,3.3507,0.0847,271,3269,0.7575,low
66,94,68,0.0128,1,496,0.0984,300,460,6,0.2704,4.1083,0.0643,284,3349,0.8478,low
33,169,153,0.091,8,1598,0.3914,148,106,21,2.2823,15.471,0.3038,638,1046,0.4552,high
55,120,109,0.0679,3,1499,0.1423,191,370,11,2.1248,10.4312,0.188,610,2758,0.6355,medium
24,184,155,0.1519,8,2197,0.2676,118,234,19,3.5768,13.3782,0.2919,640,835,0.453,high
34,116,110,0.038,3,1455,0.138,200,356,14,1.4164,6.517,0.1649,357,2582,0.5836,medium
62,100,75,0.0184,2,985,0.0476,305,497,10,0.942,4.6779,0.0853,366,2381,0.9159,low
34,163,130,0.1069,10,2359,0.3449,157,188,20,1.3452,9.2885,0.3204,344,1477,0.4603,high
49,121,101,0.0449,4,1194,0.1608,254,278,10,1.9595,6.1787,0.1039,490,1943,0.6509,medium
23,144,128,0.1,8,2357,0.3187,98,136,17,3.3327,15.1302,0.3593,707,1286,0.4398,high
40,128,119,0.0718,3,1168,0.2207,186,233,10,1.8774,7.6357,0.1872,421,1949,0.6925,medium
34,169,145,0.0979,9,2042,0.3403,115,168,27,3.6932,12.7205,0.2474,562,1048,0.3638,high
41,148,150,0.1265,7,2344,0.3537,123,73,26,4.3533,14.0857,0.3514,582,1137,0.5206,high
62,103,82,0.0137,1,919,0.1153,373,441,9,0.9645,2.5939,0.0329,320,3103,0.7781,low
56,113,86,0.0123,2,638,0.0736,303,438,9,0.6949,7.2317,0.0694,331,2813,0.8603,low
54,67,77,0.0392,3,390,0.0871,339,484,10,1.1496,4.7647,0.0724,370,3355,0.8206,low
31,145,140,0.1139,9,2391,0.3747,182,207,20,3.8785,14.3226,0.3693,546,900,0.4372,high
48,116,108,0.0475,3,981,0.2671,230,302,14,0.7424,14.066,0.171,423,1954,0.5567,medium
43,110,116,0.0425,5,1434,0.2375,255,275,16,1.8359,10.1092,0.2128,512,1869,0.5975,medium
68,110,66,0.0155,1,959,0.0737,342,365,5,1.258,3.6883,0.0688,242,3252,0.7704,low
41,142,168,0.0931,6,2729,0.3001,118,165,18,4.3419,14.9779,0.3669,455,1559,0.5177,high
64,80,96,0.0188,1,544,0.0634,307,269,9,0.3166,6.1264,0.0712,299,2558,0.8413,low
49,99,58,0.0221,2,1123,0.0776,334,407,9,1.2915,4.4936,0.0773,314,2915,0.8776,low
52,137,93,0.0735,3,1444,0.161,246,287,13,2.0544,9.4542,0.1862,284,1947,0.7354,medium
32,143,165,0.1171,9,2119,0.4094,131,107,15,3.3228,13.1061,0.2518,877,1152,0.4282,high
62,95,103,0.0255,1,705,0.0609,364,466,6,1.0483,5.8155,0.0229,328,3125,0.7593,low
38,184,107,0.093,8,2674,0.3196,164,195,21,2.5938,15.6388,0.3556,437,947,0.433,high
49,112,90,0.0435,3,1622,0.2219,223,323,8,1.2828,12.4292,0.1929,486,2818,0.7257,medium
74,94,87,0.0116,2,816,0.0802,332,334,7,0.943,4.6828,0.0423,173,3075,0.95,low
53,96,98,0.02,1,992,0.1166,333,439,5,0.5629,2.9611,0.0696,334,3159,0.8068,low
61,107,76,0.0145,2,1026,0.0675,298,399,9,0.927,3.7022,0.0591,230,3837,0.8465,low
26,184,153,0.1047,8,1777,0.3684,67,173,22,3.4036,8.1255,0.2752,736,1085,0.3145,high
46,126,107,0.0714,3,1565,0.1501,265,315,8,0.6956,7.9727,0.2054,532,2371,0.7242,medium
40,103,111,0.0704,2,1476,0.2877,223,319,14,1.9994,9.8207,0.1023,384,1600,0.7904,medium
23,108,126,0.0742,6,2079,0.3424,119,212,24,2.6265,18.6556,0.265,705,1063,0.3109,high
26,145,150,0.0935,7,2282,0.276,108,193,23,3.0128,14.148,0.3447,645,699,0.3841,high
29,148,154,0.1501,8,1922,0.3334,112,232,13,2.9797,14.712,0.3821,714,1270,0.5187,high
67,93,79,0.0161,2,700,0.11,278,388,7,0.88,4.4494,0.0564,331,3070,0.7331,low
37,142,140,0.1121,7,2152,0.4239,114,129,17,3.167,14.1918,0.3599,605,1067,0.5271,high
23,147,200,0.135,8,2139,0.3169,179,210,20,3.0336,14.4395,0.38,712,762,0.4034,high
51,101,64,0.0124,1,1003,0.086,277,480,8,1.1556,5.5044,0.0549,265,2675,0.8148,low
65,108,79,0.0315,1,893,0.1084,351,415,8,0.7617,6.1911,0.1005,309,2538,0.8631,low
56,127,107,0.0418,3,1341,0.1664,224,310,14,0.9693,9.1089,0.1876,291,2500,0.6951,medium
36,156,140,0.0854,9,1846,0.2843,110,184,15,3.5179,14.9135,0.347,609,1148,0.4439,high
44,134,103,0.0464,2,1827,0.1459,262,290,8,1.5365,11.6239,0.1417,483,2268,0.6692,medium
38,129,124,0.079,3,1475,0.1833,239,194,11,2.9201,9.3652,0.1766,494,1544,0.7585,medium
26,149,151,0.1104,7,2516,0.3585,94,156,13,2.934,13.2198,0.3717,549,1079,0.3194,high
77,122,62,0.0066,2,903,0.0822,239,414,7,0.5212,6.3324,0.0638,349,2723,0.7594,low
23,159,129,0.1131,8,2353,0.1825,111,150,15,3.0671,9.2773,0.42,618,1195,0.499,high
59,105,81,0.0246,1,619,0.0733,339,461,10,0.9622,4.9025,0.0589,332,3025,0.7849,low
68,130,80,0.0263,0,804,0.0816,356,412,9,0.5264,6.6393,0.1025,214,2619,0.7745,low
24,145,125,0.0986,10,2656,0.3676,114,190,16,2.9288,13.8985,0.4069,620,1321,0.4297,high
42,115,118,0.07,3,1155,0.119,199,334,5,1.9551,7.824,0.2286,385,2149,0.5627,medium
61,126,99,0.0773,4,1172,0.0983,223,249,8,2.3943,8.9809,0.2032,449,2414,0.7517,medium
57,109,74,0.0227,0,639,0.1009,251,439,9,0.6041,5.3922,0.0911,351,3674,0.6962,low
37,110,97,0.0457,4,1288,0.2086,232,219,11,1.8337,9.261,0.1885,411,1685,0.7237,medium
20,170,128,0.1437,7,1828,0.3514,143,168,12,3.7381,10.6155,0.389,586,1292,0.344,high
62,105,80,0.0108,1,1049,0.1017,366,352,10,1.4828,5.2388,0.0379,152,3038,0.8366,low
65,90,70,0.0201,2,988,0.0922,262,399,4,0.731,4.5553,0.0702,276,3393,0.8971,low
71,75,64,0.0157,1,489,0.0572,321,542,9,0.8522,3.3588,0.0736,245,3484,0.773,low
59,117,66,0.0202,1,863,0.078,280,456,7,0.1664,8.0978,0.1009,285,2821,0.902,low
34,141,162,0.1095,8,2261,0.3023,101,181,23,0.9898,15.8893,0.3637,736,942,0.3487,high
29,142,139,0.1326,8,2178,0.3372,107,205,13,4.0281,9.8047,0.3403,684,643,0.561,high
57,94,116,0.0671,3,1257,0.1242,282,276,15,2.5664,7.174,0.2135,354,1498,0.7117,medium
58,116,87,0.0399,4,1203,0.2252,236,293,12,2.4827,10.4643,0.1339,562,2909,0.6328,medium
80,81,81,0.0249,0,937,0.0924,322,482,13,0.9149,4.3059,0.0664,237,2739,0.8344,low
34,177,130,0.1312,7,2156,0.2275,101,171,19,2.6729,17.1153,0.3518,396,953,0.3694,high
20,118,153,0.1304,8,2102,0.2547,102,195,19,2.5599,19.4446,0.3612,599,1329,0.375,high
33,146,150,0.1503,9,1845,0.3054,142,135,17,2.6571,19.3833,0.322,721,1032,0.4326,high
60,101,88,0.0475,4,1632,0.1583,202,225,12,0.0678,12.2824,0.2019,482,1696,0.6562,medium
67,83,90,0.0086,1,647,0.1082,326,385,11,1.3288,7.8243,0.0786,330,2932,0.837,low
68,94,78,0.018,1,874,0.0871,325,382,10,1.1067,5.6117,0.0925,268,3676,0.8776,low
61,101,97,0.0122,2,676,0.1018,266,375,7,0.8224,5.3156,0.0582,245,2724,0.817,low
55,104,110,0.0435,3,1292,0.1787,274,325,13,1.5539,7.3092,0.202,449,1822,0.6531,medium
28,146,131,0.0756,7,2638,0.3707,140,164,18,3.0955,11.7615,0.3873,493,1208,0.5157,high
45,132,106,0.0658,4,2079,0.1958,275,279,13,2.0554,7.9363,0.0592,504,1597,0.6697,medium
24,136,148,0.1134,9,1639,0.4633,114,140,12,2.8821,15.5424,0.3126,630,823,0.3739,high
40,136,100,0.0515,3,1287,0.1845,214,306,7,1.7065,10.5621,0.1768,537,1981,0.6602,medium
47,130,85,0.0615,6,1081,0.1648,209,250,12,2.0764,10.1049,0.1713,446,2785,0.7425,medium
28,155,149,0.1123,9,2059,0.2474,106,144,22,3.2919,7.7131,0.4506,561,941,0.3173,high
44,108,96,0.0782,4,1556,0.2539,181,295,18,1.9802,10.6678,0.0994,549,1732,0.5828,medium
24,142,182,0.0765,6,2092,0.3812,154,199,20,2.9166,10.1919,0.3349,703,1374,0.3181,high
41,131,105,0.0632,4,1040,0.2498,189,350,10,1.8163,12.1305,0.2348,292,2775,0.6733,medium
58,103,81,0.0199,1,560,0.0456,257,434,5,1.107,4.1275,0.0383,282,3331,0.7703,low
24,128,138,0.0499,9,2170,0.305,135,236,21,3.1965,15.2686,0.4022,869,954,0.3549,high
65,91,75,0.0231,1,989,0.0655,296,441,4,0.9193,4.2759,0.0681,317,3176,0.8425,low
30,116,160,0.1179,7,2454,0.3492,121,199,21,2.6915,14.1664,0.3924,717,883,0.1681,high
34,123,111,0.0511,4,1474,0.2295,202,433,15,1.5844,9.9162,0.0793,347,2797,0.6611,medium
33,133,145,0.0634,5,1560,0.2967,121,162,13,4.5312,18.6043,0.3863,686,813,0.4616,high
48,96,124,0.0512,3,1808,0.1194,216,395,9,0.7951,7.0318,0.1281,295,2098,0.668,medium
59,97,81,0.0151,2,1116,0.0594,262,387,11,0.3869,3.7355,0.0557,108,3295,0.7797,low
59,93,88,0.0257,1,994,0.0807,306,463,11,0.6626,3.1161,0.0434,392,3400,0.7435,low
49,139,143,0.0372,1,1830,0.1789,257,320,15,1.7853,10.6625,0.2877,454,2061,0.6858,medium
54,105,85,0.0115,1,771,0.0807,353,389,7,0.9437,5.1454,0.0829,289,2977,0.8785,low
55,117,113,0.0721,3,1585,0.2172,248,255,10,1.6388,11.7102,0.1691,339,2179,0.6043,medium
57,118,104,0.0526,2,1465,0.1784,211,153,17,2.1136,9.5525,0.1876,436,1859,0.7457,medium
38,135,160,0.1211,5,1991,0.2777,120,129,17,2.006,12.0048,0.3211,396,1209,0.3046,high
24,187,155,0.1044,7,1826,0.2413,146,195,19,4.3837,10.1166,0.4136,761,513,0.4067,high
23,184,152,0.1108,7,2075,0.3244,140,190,15,3.3289,14.7237,0.3281,655,1191,0.3886,high
25,161,168,0.1494,4,2953,0.3262,91,199,25,2.6425,16.879,0.2786,609,1101,0.4317,high
78,81,80,0.0351,2,784,0.0952,336,431,5,0.6527,5.8621,0.0727,288,3013,0.7952,low
55,107,82,0.0158,2,1076,0.0515,349,457,12,0.9824,3.6496,0.0094,349,3106,0.7511,low
59,83,99,0.0214,1,840,0.0448,321,335,8,0.7416,4.4454,0.0455,319,3829,0.7719,low
22,138,121,0.1193,8,1936,0.3071,73,132,20,2.098,15.0238,0.3935,438,993,0.3271,high
53,97,96,0.0384,4,1597,0.2033,256,393,5,2.1677,10.3034,0.1954,501,2393,0.6851,medium
53,92,88,0.0159,0,871,0.0677,359,331,6,0.7804,5.6407,0.0473,237,2974,0.7293,low
33,152,132,0.0724,6,2863,0.39,124,125,14,4.0247,11.6176,0.3428,475,686,0.5138,high
46,96,82,0.0463,4,1086,0.263,201,316,10,2.1429,9.8043,0.1719,366,2282,0.7009,medium
51,92,92,0.045,3,1303,0.1989,237,293,15,2.2302,9.86,0.1703,595,2154,0.6333,medium
60,83,79,0.0125,1,594,0.0602,285,376,9,1.0759,5.7485,0.0644,242,3740,0.8225,low
60,103,75,0.0183,2,698,0.0835,305,316,9,0.3284,6.2329,0.0811,361,2502,0.74,low
66,90,89,0.0233,1,716,0.0963,253,335,9,1.1203,3.9706,0.0574,318,3852,0.8181,low
50,110,98,0.0578,4,676,0.169,215,296,7,1.7735,7.1201,0.213,564,2522,0.6558,medium
17,189,163,0.1092,6,1635,0.4724,102,102,12,2.9227,16.6347,0.4105,709,1210,0.4671,high
65,86,62,0.0132,1,855,0.091,296,339,5,1.1889,3.729,0.0471,285,3020,0.7943,low
59,107,70,0.026,1,805,0.0746,276,380,10,0.6826,4.4169,0.0832,325,3918,0.8313,low
