typing_wpm,chars_per_min,avg_hold_ms,avg_flight_ms,error_rate,pause_count,avg_pause_ms,typing_variance,avg_cursor_speed,movement_distance,click_rate,double_click_rate,scroll_rate,idle_time_pct,avg_hover_ms,avg_acceleration,movement_smoothness,label
59,259,84.0,91.0,0.0206,2,726.0,0.1097,452.0,2348.0,12.0,0.5945,5.7317,0.0734,348.0,0.0,0.782,low
46,236,124.0,98.0,0.0628,2,772.0,0.0887,349.0,2059.0,19.0,1.9133,10.8429,0.162,483.0,0.0,0.7758,medium
39,226,120.0,114.0,0.0736,4,1528.0,0.229,336.0,2169.0,12.0,1.4746,6.0053,0.1629,412.0,0.0,0.5495,medium
75,326,86.0,85.0,0.024,1,1137.0,0.0646,379.0,3005.0,8.0,0.8383,5.0808,0.0591,286.0,0.0,0.791,low
41,242,96.0,81.0,0.0472,4,1683.0,0.2193,233.0,2773.0,13.0,1.7718,9.8287,0.1765,514.0,0.0,0.7249,medium
45,224,96.0,98.0,0.0678,4,1058.0,0.1685,260.0,1762.0,15.0,2.0192,10.043,0.1455,407.0,0.0,0.6622,medium
73,261,107.0,104.0,0.0132,1,773.0,0.0807,506.0,3512.0,9.0,1.0392,4.3737,0.0929,229.0,0.0,0.8793,low
46,179,119.0,90.0,0.0464,1,1305.0,0.1517,309.0,2137.0,9.0,2.3613,8.7388,0.1764,442.0,0.0,0.6124,medium
47,248,109.0,108.0,0.0515,3,803.0,0.1663,265.0,1191.0,19.0,1.315,9.0798,0.2134,483.0,0.0,0.6466,medium
50,348,98.0,106.0,0.0157,1,714.0,0.1144,466.0,2901.0,9.0,1.1297,6.3237,0.0444,326.0,0.0,0.7854,low
33,216,113.0,95.0,0.0549,4,882.0,0.1589,378.0,2094.0,9.0,1.5915,9.1573,0.1728,422.0,0.0,0.6433,medium
61,316,71.0,88.0,0.0255,1,727.0,0.0772,383.0,2956.0,7.0,0.6553,5.283,0.0412,283.0,0.0,0.8796,low
36,159,135.0,148.0,0.1098,7,1584.0,0.318,192.0,969.0,20.0,2.6889,17.8252,0.3786,356.0,0.0,0.5821,high
26,133,142.0,170.0,0.1447,8,1941.0,0.3106,137.0,1198.0,18.0,2.4853,15.6579,0.3402,704.0,0.0,0.2824,high
50,214,128.0,93.0,0.0448,4,949.0,0.1658,228.0,1968.0,11.0,2.3989,4.2411,0.1874,465.0,0.0,0.6362,medium
63,298,129.0,81.0,0.0059,1,830.0,0.0621,505.0,2635.0,7.0,1.3582,5.2746,0.0738,265.0,0.0,0.8963,low
46,224,106.0,74.0,0.0537,3,1263.0,0.2266,375.0,2366.0,15.0,1.493,8.7938,0.0742,508.0,0.0,0.7213,medium
39,71,158.0,133.0,0.1153,8,1298.0,0.3366,94.0,939.0,24.0,4.7783,20.5865,0.3117,482.0,0.0,0.3758,high
43,278,122.0,96.0,0.0038,1,1013.0,0.0815,461.0,3680.0,9.0,0.9401,5.5282,0.0559,267.0,0.0,0.86,low
74,294,109.0,79.0,0.0207,1,888.0,0.0984,417.0,3662.0,8.0,0.7357,6.8859,0.0652,276.0,0.0,0.8935,low
54,194,128.0,104.0,0.0507,5,1011.0,0.1283,272.0,2678.0,19.0,1.4527,11.9645,0.231,323.0,0.0,0.6659,medium
46,179,121.0,135.0,0.0627,4,962.0,0.161,220.0,2302.0,14.0,2.4386,8.6328,0.174,425.0,0.0,0.6598,medium
24,94,158.0,207.0,0.0409,10,2383.0,0.2388,192.0,1161.0,16.0,3.3902,9.8768,0.2401,819.0,0.0,0.3849,high
40,147,125.0,102.0,0.066,4,1766.0,0.1792,383.0,1610.0,12.0,1.2895,6.442,0.1873,513.0,0.0,0.6441,medium
43,225,115.0,101.0,0.0229,6,1148.0,0.1757,264.0,2107.0,10.0,1.7608,7.0705,0.1374,367.0,0.0,0.7218,medium
67,296,95.0,87.0,0.0197,1,875.0,0.095,435.0,3464.0,6.0,1.1543,6.0736,0.0309,228.0,0.0,0.9207,low
44,218,123.0,78.0,0.0616,4,1572.0,0.2076,313.0,2668.0,13.0,2.3057,9.5371,0.1783,548.0,0.0,0.75,medium
58,362,108.0,87.0,0.029,0,609.0,0.102,401.0,3017.0,10.0,1.101,6.6243,0.0677,162.0,0.0,0.8707,low
58,354,98.0,94.0,0.0128,1,981.0,0.1177,448.0,3522.0,7.0,1.6191,3.9807,0.0907,303.0,0.0,0.7587,low
29,140,166.0,154.0,0.0929,7,1543.0,0.2739,204.0,1227.0,22.0,1.6568,10.0296,0.4125,660.0,0.0,0.4617,high
52,187,138.0,77.0,0.0383,4,913.0,0.1626,340.0,1685.0,7.0,1.3498,8.6981,0.2762,386.0,0.0,0.6873,medium
59,306,102.0,90.0,0.0212,1,975.0,0.0418,504.0,3612.0,9.0,0.6216,2.1249,0.0899,314.0,0.0,0.8357,low
30,179,133.0,107.0,0.0463,3,1077.0,0.2213,243.0,2491.0,8.0,1.888,7.2454,0.1448,489.0,0.0,0.6448,medium
55,291,70.0,91.0,0.0206,1,832.0,0.0758,379.0,2997.0,10.0,1.3142,3.8569,0.0721,279.0,0.0,0.7978,low
64,270,68.0,107.0,0.0,2,200.0,0.0485,450.0,2981.0,7.0,0.0,5.6722,0.0896,335.0,0.0,0.8227,low
40,184,139.0,93.0,0.0537,3,1151.0,0.2086,307.0,2548.0,9.0,2.7297,5.9129,0.1852,434.0,0.0,0.7238,medium
49,184,109.0,97.0,0.0528,3,1272.0,0.2641,333.0,2255.0,16.0,2.5757,7.8584,0.2156,512.0,0.0,0.6322,medium
65,323,86.0,67.0,0.0124,0,448.0,0.0582,442.0,3068.0,10.0,0.5995,4.4007,0.0712,398.0,0.0,0.8435,low
43,218,124.0,116.0,0.0623,2,1317.0,0.1339,268.0,1924.0,17.0,2.0253,6.2708,0.1424,506.0,0.0,0.7152,medium
28,211,134.0,112.0,0.0868,2,1346.0,0.2102,274.0,2123.0,16.0,0.9498,12.3005,0.1986,512.0,0.0,0.6851,medium
67,298,86.0,73.0,0.0192,0,1035.0,0.0753,437.0,3326.0,8.0,0.754,4.4869,0.0795,279.0,0.0,0.8335,low
49,253,113.0,110.0,0.0291,5,1299.0,0.1982,220.0,2411.0,11.0,2.1112,9.9968,0.1711,444.0,0.0,0.6117,medium
37,216,114.0,87.0,0.0536,4,1557.0,0.22,327.0,2096.0,9.0,1.8962,10.343,0.1667,346.0,0.0,0.785,medium
25,97,124.0,131.0,0.1095,7,1253.0,0.2593,170.0,705.0,17.0,2.5515,17.5726,0.3192,571.0,0.0,0.5208,high
55,324,93.0,95.0,0.0122,0,619.0,0.0767,390.0,2558.0,3.0,0.435,4.0848,0.0568,268.0,0.0,0.7553,low
57,291,91.0,92.0,0.0185,1,807.0,0.0944,490.0,3504.0,10.0,0.8704,4.0694,0.0632,275.0,0.0,0.7779,low
31,202,143.0,109.0,0.0449,4,1765.0,0.2283,255.0,2418.0,11.0,1.6436,8.6396,0.1883,504.0,0.0,0.6535,medium
71,371,72.0,72.0,0.0202,1,761.0,0.0912,424.0,3317.0,8.0,1.2605,4.7836,0.0774,294.0,0.0,0.7953,low
16,141,137.0,123.0,0.1122,6,2315.0,0.3688,212.0,1617.0,20.0,2.146,13.8542,0.2655,406.0,0.0,0.3253,high
59,227,106.0,108.0,0.059,4,1423.0,0.1656,338.0,2407.0,7.0,1.6036,8.7421,0.2072,327.0,0.0,0.5944,medium
20,175,168.0,129.0,0.1201,4,1882.0,0.3318,187.0,1329.0,12.0,3.7051,13.9902,0.3818,556.0,0.0,0.4805,high
65,276,113.0,84.0,0.0196,2,792.0,0.0745,413.0,3786.0,9.0,1.5912,6.3202,0.0956,237.0,0.0,0.6932,low
62,282,85.0,93.0,0.0092,1,887.0,0.0892,393.0,2480.0,11.0,0.6851,4.6389,0.0918,299.0,0.0,0.8126,low
26,151,139.0,149.0,0.1087,8,2294.0,0.2712,136.0,567.0,18.0,1.9316,15.016,0.3309,605.0,0.0,0.3301,high
17,132,155.0,122.0,0.1457,8,1123.0,0.3051,153.0,920.0,9.0,4.6908,14.0469,0.3115,484.0,0.0,0.5097,high
45,190,102.0,128.0,0.0597,4,1098.0,0.1921,283.0,2317.0,17.0,2.3377,7.4689,0.1904,463.0,0.0,0.6656,medium
46,183,106.0,106.0,0.0643,3,1513.0,0.2188,185.0,2229.0,11.0,1.6754,8.8298,0.1767,357.0,0.0,0.7685,medium
32,173,149.0,152.0,0.1285,6,1632.0,0.3441,69.0,1210.0,16.0,4.0114,15.3785,0.3143,550.0,0.0,0.35,high
23,111,191.0,178.0,0.1104,6,2810.0,0.3058,206.0,1237.0,24.0,3.821,14.3212,0.3316,587.0,0.0,0.4407,high
23,127,174.0,170.0,0.1096,8,976.0,0.1978,191.0,1619.0,17.0,3.6277,11.2083,0.4068,600.0,0.0,0.3681,high
43,232,117.0,130.0,0.0614,5,940.0,0.17,187.0,2396.0,10.0,1.8644,11.8263,0.1195,357.0,0.0,0.5843,medium
40,141,157.0,139.0,0.1051,8,1734.0,0.2404,157.0,1252.0,14.0,3.5977,19.0417,0.3644,556.0,0.0,0.4144,high
26,87,115.0,129.0,0.165,4,1592.0,0.3411,158.0,1328.0,17.0,3.8683,13.9085,0.4583,649.0,0.0,0.4467,high
22,136,184.0,140.0,0.111,9,2118.0,0.377,179.0,997.0,27.0,3.8605,7.7994,0.3161,599.0,0.0,0.5208,high
55,339,80.0,94.0,0.027,1,919.0,0.07,469.0,3913.0,7.0,0.8917,3.9022,0.0584,372.0,0.0,0.8262,low
69,384,91.0,94.0,0.0085,2,917.0,0.0796,349.0,3291.0,7.0,0.8778,3.649,0.0725,299.0,0.0,0.8155,low
67,313,94.0,86.0,0.0257,2,642.0,0.0761,371.0,2917.0,12.0,0.1759,3.2693,0.0341,263.0,0.0,0.9019,low
47,198,146.0,88.0,0.0849,3,1410.0,0.1721,313.0,1655.0,14.0,1.6503,10.3988,0.2068,506.0,0.0,0.6031,medium
70,290,91.0,86.0,0.0064,1,1161.0,0.073,493.0,2256.0,9.0,0.7855,6.9152,0.0615,330.0,0.0,0.7739,low
71,296,75.0,80.0,0.0188,2,1071.0,0.0809,346.0,3341.0,9.0,1.1236,4.1338,0.0169,304.0,0.0,0.7115,low
40,206,118.0,109.0,0.0555,3,1705.0,0.2411,260.0,2163.0,15.0,1.8164,9.5114,0.2016,314.0,0.0,0.6142,medium
17,147,149.0,186.0,0.1366,8,2045.0,0.268,67.0,1296.0,16.0,2.5925,12.0134,0.3318,790.0,0.0,0.3367,high
15,130,144.0,152.0,0.053,5,1493.0,0.3204,156.0,957.0,20.0,2.6775,14.2559,0.4206,513.0,0.0,0.3526,high
31,142,127.0,140.0,0.0488,6,1602.0,0.3338,130.0,1157.0,15.0,2.6884,16.1219,0.4085,611.0,0.0,0.583,high
58,310,99.0,92.0,0.015,1,792.0,0.0753,421.0,3852.0,11.0,0.99,3.1841,0.0664,260.0,0.0,0.842,low
18,170,150.0,145.0,0.1061,6,1984.0,0.2654,258.0,615.0,13.0,2.2116,13.7359,0.2202,653.0,0.0,0.3216,high
65,328,108.0,75.0,0.0199,1,537.0,0.036,428.0,3274.0,9.0,1.0548,7.2174,0.0594,212.0,0.0,0.8302,low
76,303,106.0,86.0,0.0201,0,818.0,0.0949,385.0,2559.0,5.0,1.3458,3.7706,0.0735,176.0,0.0,0.8585,low
25,134,160.0,117.0,0.1296,10,2564.0,0.3177,151.0,775.0,18.0,3.1851,11.6528,0.268,729.0,0.0,0.525,high
68,290,87.0,75.0,0.0201,1,731.0,0.074,485.0,3027.0,8.0,1.0083,4.1817,0.063,267.0,0.0,0.9317,low
22,120,163.0,131.0,0.1227,4,1393.0,0.4001,152.0,1038.0,24.0,4.7069,15.332,0.3092,738.0,0.0,0.3533,high
37,233,119.0,114.0,0.0656,3,1266.0,0.2072,228.0,2137.0,9.0,1.464,11.6835,0.1872,464.0,0.0,0.5023,medium
49,347,93.0,66.0,0.0262,1,663.0,0.0696,396.0,3219.0,10.0,1.0031,3.3871,0.081,237.0,0.0,0.7744,low
25,116,149.0,120.0,0.0386,4,1800.0,0.3063,130.0,910.0,22.0,2.3627,12.6628,0.412,644.0,0.0,0.402,high
39,239,105.0,65.0,0.0445,4,1346.0,0.2075,348.0,1987.0,10.0,1.4318,6.9394,0.1364,441.0,0.0,0.6127,medium
57,235,103.0,99.0,0.0118,1,876.0,0.0531,465.0,3394.0,6.0,1.0513,6.4367,0.0763,240.0,0.0,0.7413,low
63,318,92.0,61.0,0.0181,2,961.0,0.0793,437.0,3623.0,6.0,1.0791,5.8308,0.0274,280.0,0.0,0.9187,low
52,220,105.0,134.0,0.0685,4,1419.0,0.2395,276.0,1890.0,9.0,1.2116,14.4587,0.2328,528.0,0.0,0.6574,medium
33,93,137.0,128.0,0.1226,7,2434.0,0.1686,149.0,1132.0,15.0,4.3381,13.9586,0.3571,621.0,0.0,0.2423,high
56,178,127.0,117.0,0.0513,3,1152.0,0.2103,285.0,2589.0,12.0,2.2949,9.0453,0.1757,421.0,0.0,0.6587,medium
46,208,124.0,111.0,0.0652,2,1593.0,0.2337,306.0,2259.0,11.0,2.9262,7.5257,0.2308,351.0,0.0,0.6372,medium
23,179,189.0,161.0,0.1251,9,1976.0,0.2671,183.0,937.0,22.0,2.792,12.0655,0.323,552.0,0.0,0.3787,high
64,274,101.0,58.0,0.0,1,950.0,0.0762,277.0,3660.0,7.0,0.8328,5.9822,0.0737,232.0,0.0,0.7806,low
35,210,149.0,83.0,0.0614,5,855.0,0.2264,237.0,2458.0,12.0,2.199,7.9824,0.195,480.0,0.0,0.6509,medium
44,256,100.0,113.0,0.0672,3,1480.0,0.185,310.0,1732.0,13.0,2.2066,6.8373,0.194,535.0,0.0,0.7351,medium
51,213,137.0,102.0,0.0543,4,1251.0,0.1905,333.0,2626.0,10.0,1.7506,9.8512,0.0811,401.0,0.0,0.5783,medium
61,223,102.0,133.0,0.047,4,1227.0,0.1516,228.0,2371.0,14.0,2.7446,7.713,0.0798,442.0,0.0,0.7079,medium
70,360,88.0,86.0,0.0239,1,704.0,0.0487,447.0,2916.0,9.0,0.5897,4.5415,0.0391,435.0,0.0,0.8462,low
52,231,140.0,94.0,0.0644,3,1288.0,0.282,303.0,1809.0,13.0,0.7407,11.0527,0.1413,304.0,0.0,0.5798,medium
22,145,123.0,170.0,0.1183,7,2356.0,0.338,184.0,1339.0,16.0,2.5263,11.7042,0.4015,666.0,0.0,0.4614,high
57,243,135.0,95.0,0.0385,4,942.0,0.1693,274.0,1916.0,11.0,2.177,9.4634,0.1716,360.0,0.0,0.646,medium
59,318,81.0,58.0,0.0256,0,908.0,0.0974,541.0,2814.0,12.0,0.848,4.8246,0.0628,261.0,0.0,0.839,low
42,215,106.0,104.0,0.0596,4,1405.0,0.1814,241.0,1243.0,12.0,3.0687,9.9868,0.1656,439.0,0.0,0.7051,medium
63,308,110.0,77.0,0.0196,2,1004.0,0.0722,302.0,3118.0,10.0,0.4299,3.715,0.0659,290.0,0.0,0.8118,low
65,312,89.0,78.0,0.0235,1,517.0,0.0639,385.0,3363.0,7.0,0.4791,5.1498,0.0416,206.0,0.0,0.8213,low
73,291,96.0,86.0,0.0086,0,908.0,0.1214,478.0,2991.0,10.0,1.1065,6.5827,0.0659,289.0,0.0,0.6937,low
47,182,124.0,106.0,0.067,4,1307.0,0.1671,295.0,2354.0,8.0,2.2313,10.3492,0.214,345.0,0.0,0.6362,medium
33,162,126.0,157.0,0.1415,7,1856.0,0.253,99.0,1373.0,21.0,3.3014,13.3212,0.3622,696.0,0.0,0.4866,high
71,280,107.0,90.0,0.0342,0,472.0,0.197,297.0,2657.0,10.0,2.014,3.3388,0.0496,284.0,0.0,0.7555,low
25,99,147.0,165.0,0.1257,10,1911.0,0.2913,183.0,933.0,15.0,1.0812,11.2325,0.4441,525.0,0.0,0.3264,high
48,199,136.0,95.0,0.0592,4,1719.0,0.224,363.0,1637.0,12.0,1.4481,8.1122,0.169,344.0,0.0,0.7197,medium
74,287,102.0,96.0,0.0108,1,958.0,0.0867,257.0,3169.0,4.0,1.4279,3.3111,0.1003,345.0,0.0,0.8797,low
36,186,119.0,105.0,0.0299,2,1583.0,0.2029,329.0,2052.0,12.0,0.9535,9.5507,0.2289,336.0,0.0,0.6784,medium
24,89,152.0,177.0,0.1214,7,1152.0,0.2236,87.0,1402.0,10.0,1.915,6.7469,0.3173,654.0,0.0,0.4348,high
37,249,117.0,126.0,0.0537,5,1722.0,0.1906,330.0,2438.0,12.0,1.8107,8.0156,0.1834,470.0,0.0,0.6498,medium
43,234,125.0,91.0,0.055,3,1141.0,0.1905,242.0,1999.0,8.0,1.8395,11.1033,0.1907,417.0,0.0,0.6167,medium
31,118,154.0,146.0,0.1271,8,1611.0,0.2987,153.0,1183.0,21.0,2.2216,10.6849,0.2353,862.0,0.0,0.5368,high
40,237,119.0,115.0,0.0497,5,1411.0,0.213,373.0,1624.0,14.0,2.4424,9.7942,0.1684,522.0,0.0,0.6826,medium
39,214,101.0,111.0,0.042,3,1358.0,0.1866,247.0,2253.0,11.0,1.6218,9.21,0.2026,448.0,0.0,0.5848,medium
31,123,166.0,145.0,0.1385,7,1655.0,0.2162,162.0,528.0,11.0,2.7167,8.3092,0.3244,548.0,0.0,0.4839,high
26,98,136.0,173.0,0.1244,6,1574.0,0.1639,167.0,1769.0,14.0,3.1927,15.5223,0.3071,730.0,0.0,0.4877,high
39,104,184.0,166.0,0.0846,7,2026.0,0.2712,204.0,1280.0,15.0,3.2883,16.6784,0.4132,577.0,0.0,0.3582,high
27,149,185.0,130.0,0.0741,7,1860.0,0.2678,180.0,1599.0,18.0,2.662,18.3477,0.2528,552.0,0.0,0.3542,high
28,134,170.0,193.0,0.1145,7,1943.0,0.395,184.0,1330.0,18.0,3.1475,13.3274,0.3311,349.0,0.0,0.2812,high
41,241,116.0,120.0,0.056,3,1524.0,0.1419,416.0,2236.0,18.0,1.7296,10.1084,0.1924,428.0,0.0,0.5442,medium
60,304,98.0,94.0,0.011,1,700.0,0.1089,400.0,2616.0,9.0,0.8285,5.9746,0.0871,228.0,0.0,0.8071,low
43,265,133.0,97.0,0.0529,3,1397.0,0.1562,310.0,1850.0,11.0,1.7402,10.4962,0.1694,631.0,0.0,0.7486,medium
39,186,103.0,91.0,0.079,3,1432.0,0.2241,312.0,2082.0,12.0,2.0189,8.499,0.1573,379.0,0.0,0.6954,medium
25,132,147.0,143.0,0.0977,6,1695.0,0.2339,131.0,1502.0,21.0,2.7689,8.8427,0.3231,488.0,0.0,0.2958,high
58,313,89.0,87.0,0.0094,2,1008.0,0.1088,452.0,2602.0,11.0,1.0653,6.1733,0.0797,313.0,0.0,0.7202,low
43,207,152.0,87.0,0.0468,3,1156.0,0.2105,273.0,2098.0,6.0,1.8609,6.857,0.1815,409.0,0.0,0.755,medium
53,260,98.0,100.0,0.0318,4,1725.0,0.1975,285.0,2541.0,16.0,0.7907,8.857,0.0987,194.0,0.0,0.7091,medium
48,259,120.0,84.0,0.0549,2,1691.0,0.161,281.0,2335.0,11.0,2.2644,9.9262,0.1948,533.0,0.0,0.5956,medium
69,329,96.0,93.0,0.0159,1,597.0,0.0395,416.0,2789.0,6.0,1.5823,5.7859,0.0646,319.0,0.0,0.8711,low
17,138,151.0,155.0,0.0989,8,1845.0,0.3981,123.0,997.0,13.0,2.5549,16.4027,0.2844,764.0,0.0,0.4084,high
36,231,131.0,110.0,0.0445,4,1447.0,0.2577,393.0,3015.0,13.0,1.9288,8.7554,0.0995,457.0,0.0,0.7033,medium
33,135,197.0,141.0,0.115,7,2301.0,0.3425,181.0,1254.0,24.0,3.0228,15.996,0.2764,811.0,0.0,0.3807,high
42,273,132.0,86.0,0.0734,2,1590.0,0.1631,231.0,2341.0,11.0,1.152,8.1715,0.1698,523.0,0.0,0.6392,medium
52,283,99.0,94.0,0.0399,4,1213.0,0.2319,237.0,2254.0,16.0,2.2302,7.1901,0.1537,452.0,0.0,0.646,medium
42,177,136.0,102.0,0.0449,3,1683.0,0.2096,348.0,2136.0,12.0,1.6931,6.7877,0.1434,472.0,0.0,0.662,medium
37,219,106.0,109.0,0.0679,3,854.0,0.2013,322.0,2171.0,10.0,2.0307,9.643,0.2082,385.0,0.0,0.7147,medium
31,204,116.0,116.0,0.0492,3,1222.0,0.1743,273.0,1136.0,9.0,1.7227,5.495,0.0971,441.0,0.0,0.6953,medium
35,125,128.0,168.0,0.0713,5,2421.0,0.2969,112.0,1521.0,18.0,2.231,11.4124,0.3752,591.0,0.0,0.3322,high
51,307,97.0,82.0,0.0101,1,796.0,0.0578,381.0,3749.0,10.0,1.4623,5.4583,0.0628,268.0,0.0,0.7666,low
30,118,195.0,154.0,0.116,10,1886.0,0.2734,174.0,633.0,17.0,2.5485,11.1009,0.3205,479.0,0.0,0.4178,high
33,112,161.0,171.0,0.1287,7,2725.0,0.3666,145.0,1314.0,13.0,4.6797,9.3721,0.3669,680.0,0.0,0.3735,high
33,149,165.0,128.0,0.1046,6,1678.0,0.2453,182.0,1002.0,19.0,2.2401,10.6217,0.3256,676.0,0.0,0.3393,high
65,345,71.0,70.0,0.0017,2,930.0,0.0926,486.0,3226.0,9.0,0.5614,4.3559,0.0665,327.0,0.0,0.7557,low
38,236,108.0,90.0,0.0587,5,1391.0,0.205,255.0,2191.0,8.0,2.2234,10.9366,0.1556,473.0,0.0,0.4951,medium
55,211,146.0,127.0,0.0517,3,1514.0,0.1749,270.0,2897.0,11.0,2.0174,9.3775,0.101,478.0,0.0,0.63,medium
13,131,137.0,106.0,0.1138,5,2341.0,0.3462,120.0,1286.0,16.0,2.2692,15.0221,0.3452,759.0,0.0,0.4058,high
43,220,88.0,86.0,0.0593,2,1411.0,0.2068,275.0,2594.0,14.0,2.2911,8.1383,0.1637,240.0,0.0,0.7427,medium
45,368,95.0,80.0,0.0257,1,688.0,0.0766,394.0,2841.0,10.0,0.9586,4.1734,0.0862,295.0,0.0,0.9065,low
46,221,142.0,89.0,0.0757,2,1721.0,0.0904,222.0,1236.0,17.0,2.7383,10.0607,0.2301,459.0,0.0,0.5939,medium
53,270,71.0,80.0,0.0127,1,937.0,0.0755,450.0,2466.0,9.0,0.8199,6.9215,0.0793,290.0,0.0,0.8198,low
49,263,131.0,126.0,0.0677,4,1388.0,0.172,249.0,1894.0,13.0,2.0845,9.5279,0.1637,395.0,0.0,0.724,medium
23,95,158.0,121.0,0.1356,9,1995.0,0.3856,184.0,1059.0,19.0,4.2804,14.5639,0.3694,794.0,0.0,0.4754,high
64,348,79.0,72.0,0.0208,1,582.0,0.1088,517.0,2900.0,8.0,0.9253,3.5226,0.0299,274.0,0.0,0.8113,low
13,144,132.0,170.0,0.1214,6,3018.0,0.3745,194.0,1343.0,18.0,3.7902,15.8405,0.3884,677.0,0.0,0.3432,high
15,67,207.0,176.0,0.0853,6,2622.0,0.3414,181.0,1008.0,10.0,2.8807,14.391,0.3811,759.0,0.0,0.3726,high
51,225,133.0,110.0,0.079,4,1102.0,0.1776,277.0,2743.0,10.0,1.6776,12.3842,0.1731,396.0,0.0,0.5699,medium
41,230,122.0,130.0,0.0663,4,1351.0,0.2049,226.0,2212.0,16.0,2.9997,7.3268,0.2002,566.0,0.0,0.7332,medium
40,195,147.0,110.0,0.0534,4,1418.0,0.1892,284.0,1408.0,14.0,1.9106,13.0796,0.1535,437.0,0.0,0.6492,medium
27,145,182.0,148.0,0.108,7,2723.0,0.2761,127.0,1101.0,12.0,3.3551,11.7908,0.3482,762.0,0.0,0.4062,high
19,92,154.0,168.0,0.083,5,2145.0,0.3095,159.0,1288.0,13.0,3.7704,16.2614,0.272,543.0,0.0,0.4204,high
61,303,96.0,73.0,0.005,2,589.0,0.0794,446.0,2829.0,8.0,1.0502,2.5306,0.0715,240.0,0.0,0.8458,low
14,110,170.0,174.0,0.1199,6,1975.0,0.3043,114.0,1092.0,14.0,2.9412,12.9157,0.244,670.0,0.0,0.3334,high
29,135,172.0,125.0,0.1167,7,1675.0,0.2864,73.0,953.0,20.0,3.5308,4.8642,0.3193,529.0,0.0,0.5713,high
18,117,145.0,169.0,0.0815,9,1599.0,0.3523,216.0,890.0,20.0,3.1937,10.8596,0.3316,670.0,0.0,0.4959,high
26,116,131.0,151.0,0.1067,6,2251.0,0.3809,62.0,1029.0,16.0,2.7667,16.6542,0.4334,635.0,0.0,0.4576,high
24,105,141.0,193.0,0.1301,4,2383.0,0.384,127.0,1217.0,18.0,3.5087,16.0882,0.2937,660.0,0.0,0.3997,high
46,268,141.0,103.0,0.0541,3,2038.0,0.1732,283.0,2958.0,17.0,2.3606,12.2178,0.1823,437.0,0.0,0.7456,medium
33,165,153.0,145.0,0.096,5,2512.0,0.3942,121.0,1000.0,17.0,3.7983,13.7487,0.2732,614.0,0.0,0.4341,high
27,91,95.0,92.0,0.1492,8,1868.0,0.394,148.0,1245.0,11.0,1.8079,15.3977,0.4195,611.0,0.0,0.2319,high
69,315,100.0,86.0,0.02,0,501.0,0.0694,464.0,3618.0,9.0,1.0928,4.7819,0.0765,312.0,0.0,0.7094,low
53,333,107.0,78.0,0.0274,1,993.0,0.084,460.0,3527.0,7.0,1.4316,2.2394,0.0655,332.0,0.0,0.7969,low
35,201,127.0,96.0,0.0714,3,1284.0,0.1779,278.0,2038.0,10.0,2.4181,8.3434,0.1765,421.0,0.0,0.6082,medium
15,172,195.0,181.0,0.1574,6,1941.0,0.3777,229.0,1003.0,23.0,3.4643,5.2218,0.2033,547.0,0.0,0.6624,high
39,219,119.0,93.0,0.059,2,767.0,0.122,264.0,1942.0,12.0,2.0922,7.5458,0.13,339.0,0.0,0.5576,medium
75,370,102.0,75.0,0.0172,2,814.0,0.0331,453.0,3436.0,5.0,0.5997,5.1638,0.0912,254.0,0.0,0.8108,low
38,122,181.0,160.0,0.0806,7,1961.0,0.3684,96.0,928.0,22.0,3.4315,15.0019,0.2988,547.0,0.0,0.2878,high
62,296,104.0,67.0,0.0101,2,745.0,0.0625,436.0,2897.0,6.0,0.746,2.6912,0.0529,347.0,0.0,0.7886,low
69,293,102.0,85.0,0.0256,1,816.0,0.1152,384.0,3106.0,9.0,0.5985,2.9934,0.0535,289.0,0.0,0.8267,low
22,156,140.0,185.0,0.1724,6,1927.0,0.3089,159.0,947.0,25.0,3.554,13.8985,0.2698,601.0,0.0,0.3052,high
45,207,94.0,115.0,0.0525,4,1494.0,0.192,326.0,2340.0,11.0,1.3089,11.8227,0.0941,368.0,0.0,0.558,medium
17,163,176.0,134.0,0.1179,7,2913.0,0.372,179.0,971.0,26.0,3.7717,12.7264,0.2904,586.0,0.0,0.5352,high
25,161,151.0,144.0,0.0852,8,2501.0,0.3048,165.0,1078.0,29.0,4.0339,14.1268,0.2932,534.0,0.0,0.5275,high
42,210,115.0,102.0,0.0415,5,1206.0,0.1713,260.0,1817.0,7.0,2.344,9.4971,0.1762,405.0,0.0,0.4844,medium
28,127,146.0,151.0,0.1176,9,1869.0,0.2361,195.0,1216.0,19.0,3.3594,11.161,0.4283,537.0,0.0,0.2975,high
23,135,148.0,124.0,0.1384,8,1247.0,0.3752,202.0,1328.0,19.0,3.809,15.6014,0.3459,559.0,0.0,0.5394,high
53,209,95.0,118.0,0.0391,4,1260.0,0.1764,334.0,2192.0,7.0,1.5975,8.7456,0.2112,417.0,0.0,0.5852,medium
54,228,123.0,96.0,0.054,4,1329.0,0.1386,327.0,2765.0,8.0,2.0349,9.3138,0.1246,341.0,0.0,0.5824,medium
61,336,78.0,84.0,0.0245,2,794.0,0.0668,501.0,4089.0,7.0,0.8022,4.0255,0.0864,382.0,0.0,0.8744,low
28,163,135.0,147.0,0.1305,6,1329.0,0.2538,160.0,978.0,16.0,2.2418,19.0009,0.3511,877.0,0.0,0.5225,high
27,158,155.0,132.0,0.1115,7,1829.0,0.3608,178.0,896.0,22.0,2.5911,13.9943,0.4194,509.0,0.0,0.3514,high
60,331,76.0,79.0,0.0183,1,683.0,0.0671,521.0,2895.0,8.0,1.4522,7.194,0.0685,294.0,0.0,0.7982,low
74,358,86.0,97.0,0.0161,2,891.0,0.0682,421.0,3120.0,9.0,0.9871,5.1001,0.0629,340.0,0.0,0.8437,low
26,118,131.0,173.0,0.0777,6,2436.0,0.3546,139.0,995.0,13.0,3.0469,9.3448,0.3391,678.0,0.0,0.4879,high
58,259,105.0,98.0,0.0211,2,1068.0,0.079,428.0,2987.0,3.0,1.176,5.9497,0.1135,338.0,0.0,0.8075,low
26,155,167.0,127.0,0.1165,8,1594.0,0.3703,121.0,1285.0,18.0,4.1867,13.3675,0.2945,780.0,0.0,0.2574,high
35,200,139.0,105.0,0.0417,3,1062.0,0.1601,181.0,1727.0,12.0,1.9571,10.0336,0.126,435.0,0.0,0.5534,medium
29,105,131.0,149.0,0.1025,8,2153.0,0.4151,101.0,1166.0,20.0,2.5952,15.0015,0.2854,586.0,0.0,0.3528,high
22,88,173.0,138.0,0.1108,6,1919.0,0.3633,148.0,1014.0,20.0,3.453,11.0521,0.2482,996.0,0.0,0.379,high
38,183,93.0,115.0,0.0441,3,1235.0,0.1498,300.0,2750.0,10.0,1.5762,6.6273,0.1752,446.0,0.0,0.6662,medium
26,148,141.0,135.0,0.1351,6,3003.0,0.2774,89.0,986.0,20.0,3.2495,13.1257,0.3103,163.0,0.0,0.5259,high
26,235,129.0,86.0,0.0522,4,1116.0,0.2008,344.0,2188.0,11.0,1.2028,7.667,0.1513,334.0,0.0,0.5826,medium
28,142,132.0,158.0,0.0994,7,1865.0,0.3366,197.0,973.0,17.0,3.9256,15.8419,0.3055,597.0,0.0,0.4323,high
65,316,93.0,79.0,0.01,0,937.0,0.0599,351.0,3103.0,5.0,0.9356,6.479,0.0844,305.0,0.0,0.8532,low
65,328,92.0,82.0,0.0219,1,1042.0,0.051,329.0,3054.0,9.0,0.4977,5.5884,0.0717,287.0,0.0,0.7864,low
35,145,158.0,147.0,0.0844,7,1983.0,0.2771,198.0,1337.0,16.0,2.8334,14.5202,0.3221,767.0,0.0,0.4304,high
42,227,93.0,107.0,0.0635,3,1521.0,0.1598,377.0,2064.0,15.0,1.3839,7.4814,0.0881,396.0,0.0,0.6409,medium
38,208,108.0,112.0,0.0492,3,1245.0,0.1819,252.0,2638.0,12.0,1.1192,4.8629,0.1986,366.0,0.0,0.795,medium
63,311,117.0,68.0,0.0222,1,913.0,0.0749,397.0,2774.0,8.0,0.7478,5.1398,0.052,227.0,0.0,0.793,low
53,269,116.0,100.0,0.036,4,1645.0,0.1481,377.0,1750.0,18.0,1.5756,5.0291,0.1727,285.0,0.0,0.6777,medium
41,219,128.0,81.0,0.0551,4,1480.0,0.2129,279.0,1526.0,10.0,2.7821,8.8078,0.175,385.0,0.0,0.5924,medium
22,133,151.0,200.0,0.1576,7,1512.0,0.4233,149.0,916.0,23.0,2.9458,21.3473,0.3038,576.0,0.0,0.3728,high
35,237,96.0,92.0,0.0642,4,918.0,0.1773,289.0,965.0,10.0,2.0745,12.7911,0.1725,412.0,0.0,0.7127,medium
45,160,118.0,126.0,0.0489,4,1549.0,0.1736,275.0,1963.0,11.0,1.709,10.7981,0.154,414.0,0.0,0.6877,medium
49,256,81.0,97.0,0.0753,2,1795.0,0.1506,232.0,1799.0,12.0,2.0812,8.4009,0.1437,426.0,0.0,0.674,medium
23,98,151.0,163.0,0.1258,7,2252.0,0.3831,175.0,614.0,14.0,4.7236,12.0714,0.2942,659.0,0.0,0.4693,high
31,98,179.0,150.0,0.1222,8,2119.0,0.3055,139.0,1500.0,18.0,2.1669,12.3836,0.3091,639.0,0.0,0.5605,high
30,97,149.0,158.0,0.0902,10,2705.0,0.268,187.0,1127.0,9.0,2.2315,15.0162,0.4232,593.0,0.0,0.4953,high
30,83,137.0,160.0,0.0658,7,1894.0,0.1534,207.0,1148.0,23.0,2.5959,18.0017,0.3707,546.0,0.0,0.3672,high
17,117,149.0,135.0,0.1058,7,1799.0,0.3212,147.0,1609.0,20.0,2.3154,17.2595,0.4559,595.0,0.0,0.3867,high
30,136,132.0,148.0,0.085,7,1742.0,0.2914,168.0,976.0,11.0,3.0669,20.0873,0.2696,580.0,0.0,0.412,high
43,229,101.0,118.0,0.0553,2,1801.0,0.2049,245.0,1850.0,12.0,1.643,5.8769,0.1805,391.0,0.0,0.6158,medium
44,207,118.0,98.0,0.0432,3,1348.0,0.2486,285.0,2498.0,7.0,1.9033,10.4861,0.1443,486.0,0.0,0.594,medium
59,322,85.0,70.0,0.0189,2,763.0,0.1289,482.0,3359.0,5.0,0.4946,4.8182,0.0702,235.0,0.0,0.8629,low
22,106,170.0,150.0,0.1007,7,2391.0,0.3764,180.0,1091.0,13.0,2.3225,15.0287,0.3654,686.0,0.0,0.4646,high
45,216,113.0,83.0,0.0542,5,1100.0,0.2294,321.0,1232.0,11.0,1.7009,12.5455,0.2069,300.0,0.0,0.6504,medium
44,154,133.0,123.0,0.0319,3,1204.0,0.1806,252.0,1717.0,12.0,1.2414,7.4255,0.1579,594.0,0.0,0.6854,medium
37,182,140.0,101.0,0.0579,3,1499.0,0.1112,283.0,2338.0,10.0,1.1298,10.325,0.1762,407.0,0.0,0.6217,medium
59,353,109.0,83.0,0.0109,2,688.0,0.0735,495.0,2759.0,11.0,0.629,6.372,0.0697,289.0,0.0,0.8477,low
60,226,141.0,104.0,0.0554,3,953.0,0.1265,299.0,1842.0,10.0,2.4299,8.2247,0.1952,489.0,0.0,0.622,medium
34,143,144.0,129.0,0.1155,6,1585.0,0.3996,216.0,735.0,16.0,3.9527,14.5527,0.4278,650.0,0.0,0.3358,high
23,104,121.0,147.0,0.0945,5,2263.0,0.2434,22.0,1471.0,20.0,3.2984,16.3554,0.3363,766.0,0.0,0.3301,high
32,133,152.0,138.0,0.1208,8,2292.0,0.3952,175.0,935.0,21.0,3.0866,13.1882,0.3974,778.0,0.0,0.4132,high
51,167,116.0,90.0,0.0299,4,1353.0,0.2548,208.0,2158.0,11.0,2.2625,8.4878,0.1748,411.0,0.0,0.6547,medium
39,196,151.0,116.0,0.0725,3,1252.0,0.198,275.0,2614.0,8.0,1.483,9.6989,0.1935,495.0,0.0,0.6755,medium
38,203,160.0,84.0,0.0644,4,1758.0,0.1557,235.0,2057.0,14.0,0.5841,7.8769,0.1501,367.0,0.0,0.5503,medium
22,90,186.0,141.0,0.1485,5,2015.0,0.2564,150.0,1204.0,19.0,3.3937,17.7829,0.2915,800.0,0.0,0.401,high
39,217,126.0,109.0,0.044,3,1344.0,0.1379,243.0,3097.0,15.0,0.9885,11.9314,0.2269,412.0,0.0,0.6948,medium
26,92,193.0,125.0,0.1239,8,1653.0,0.33,97.0,1115.0,16.0,3.1264,15.4689,0.3593,598.0,0.0,0.5515,high
47,185,116.0,98.0,0.0656,5,1553.0,0.1668,375.0,1870.0,11.0,2.3948,8.9411,0.1561,379.0,0.0,0.6488,medium
41,206,112.0,99.0,0.0654,5,1262.0,0.2193,329.0,1911.0,12.0,1.6349,8.4232,0.1939,582.0,0.0,0.6815,medium
69,337,85.0,72.0,0.0284,1,912.0,0.0782,350.0,2153.0,5.0,1.4948,7.3409,0.0389,274.0,0.0,0.7984,low
45,228,130.0,93.0,0.0841,4,1391.0,0.2063,327.0,1647.0,14.0,2.3579,13.1264,0.1744,350.0,0.0,0.6276,medium
45,164,142.0,154.0,0.127,6,2160.0,0.3508,129.0,1454.0,4.0,3.0175,14.1165,0.3704,693.0,0.0,0.4592,high
66,312,76.0,77.0,0.0234,2,778.0,0.0858,432.0,3340.0,10.0,0.3747,7.3137,0.0791,344.0,0.0,0.8272,low
27,52,190.0,161.0,0.1237,8,1892.0,0.2894,186.0,1085.0,15.0,4.0638,9.3327,0.3756,748.0,0.0,0.4573,high
25,154,160.0,111.0,0.145,9,2585.0,0.3333,128.0,741.0,17.0,2.9752,11.0928,0.3373,341.0,0.0,0.4898,high
58,284,119.0,89.0,0.0218,1,846.0,0.067,418.0,3207.0,8.0,1.2806,4.1068,0.0647,218.0,0.0,0.7744,low
31,146,146.0,121.0,0.1372,9,2515.0,0.294,190.0,1198.0,16.0,2.6969,14.6056,0.3647,645.0,0.0,0.2982,high
25,130,171.0,138.0,0.0792,7,2123.0,0.3784,86.0,997.0,14.0,3.7514,11.9977,0.2933,666.0,0.0,0.3809,high
73,297,68.0,79.0,0.0265,1,999.0,0.0668,354.0,3151.0,11.0,0.3488,7.6532,0.069,259.0,0.0,0.8013,low
31,110,180.0,135.0,0.1115,7,2249.0,0.2144,204.0,1201.0,22.0,2.6187,14.3565,0.3589,745.0,0.0,0.4988,high
50,247,81.0,92.0,0.0222,1,705.0,0.1246,468.0,4166.0,6.0,0.3498,4.9694,0.0695,304.0,0.0,0.8547,low
32,103,152.0,124.0,0.0976,6,2433.0,0.3091,175.0,1275.0,18.0,3.4722,13.2394,0.2675,190.0,0.0,0.4897,high
65,272,98.0,75.0,0.0212,0,846.0,0.0781,351.0,3583.0,9.0,0.4994,4.7973,0.0701,312.0,0.0,0.8113,low
44,212,113.0,125.0,0.0486,3,1408.0,0.1572,311.0,2724.0,13.0,2.0595,6.9392,0.1534,464.0,0.0,0.5653,medium
8,139,111.0,177.0,0.0929,9,1433.0,0.2707,134.0,715.0,24.0,2.5636,11.7759,0.3073,651.0,0.0,0.4671,high
57,353,99.0,72.0,0.0285,1,984.0,0.0458,332.0,3394.0,8.0,1.0254,5.0399,0.0696,308.0,0.0,0.8147,low
21,142,150.0,134.0,0.0704,5,661.0,0.281,94.0,1115.0,20.0,3.8383,15.1529,0.3215,638.0,0.0,0.3934,high
48,215,102.0,108.0,0.0519,4,1331.0,0.2086,258.0,1789.0,10.0,2.3063,5.8512,0.1355,565.0,0.0,0.6414,medium
17,132,158.0,121.0,0.0658,5,1592.0,0.1998,173.0,1327.0,18.0,3.3261,13.6744,0.3106,627.0,0.0,0.3213,high
30,127,117.0,148.0,0.092,7,2299.0,0.3794,95.0,780.0,14.0,2.6147,16.8508,0.3539,751.0,0.0,0.3507,high
66,307,72.0,69.0,0.0228,2,806.0,0.0431,377.0,3389.0,8.0,0.8821,4.1494,0.0367,294.0,0.0,0.7725,low
53,250,115.0,113.0,0.0647,1,1471.0,0.2359,340.0,1726.0,9.0,2.2284,8.3229,0.2304,459.0,0.0,0.7708,medium
51,203,89.0,108.0,0.0456,3,1450.0,0.258,321.0,2667.0,16.0,2.1115,6.5613,0.1335,434.0,0.0,0.6762,medium
54,285,92.0,65.0,0.0068,1,594.0,0.0619,425.0,3525.0,6.0,1.2135,2.2406,0.0526,169.0,0.0,0.7913,low
34,129,134.0,161.0,0.1386,5,1413.0,0.3049,192.0,1243.0,12.0,3.15,10.7921,0.3836,657.0,0.0,0.4058,high
29,128,146.0,133.0,0.0979,11,2102.0,0.3881,176.0,1120.0,16.0,3.7971,9.4034,0.3449,321.0,0.0,0.5063,high
30,224,141.0,126.0,0.0709,3,1236.0,0.2032,380.0,2361.0,15.0,2.2425,3.2527,0.1062,431.0,0.0,0.7573,medium
42,243,116.0,100.0,0.0408,5,1527.0,0.1603,192.0,2643.0,5.0,0.9068,6.6934,0.1523,482.0,0.0,0.6529,medium
59,354,113.0,75.0,0.0249,1,815.0,0.0798,464.0,3958.0,7.0,0.6828,3.9114,0.0732,302.0,0.0,0.894,low
43,197,100.0,111.0,0.0715,4,1611.0,0.2463,267.0,2087.0,12.0,1.6741,6.8425,0.1895,375.0,0.0,0.6601,medium
26,102,133.0,107.0,0.092,10,2340.0,0.1845,190.0,1227.0,16.0,2.6272,12.652,0.3345,607.0,0.0,0.4637,high
24,118,161.0,161.0,0.1247,7,2577.0,0.3632,162.0,1295.0,16.0,2.5135,20.8341,0.3117,668.0,0.0,0.3764,high
69,290,95.0,88.0,0.0255,1,889.0,0.0383,461.0,3496.0,8.0,0.8804,4.5761,0.0817,304.0,0.0,0.8121,low
29,113,157.0,143.0,0.1036,7,2456.0,0.2406,158.0,1106.0,16.0,3.6487,13.3149,0.3915,715.0,0.0,0.3623,high
55,238,143.0,97.0,0.0695,3,1500.0,0.1647,264.0,2036.0,12.0,2.0559,6.3727,0.2701,426.0,0.0,0.6062,medium
63,325,107.0,81.0,0.0197,0,624.0,0.1057,458.0,2810.0,8.0,1.0351,4.3043,0.0619,366.0,0.0,0.8381,low
36,214,119.0,122.0,0.0581,3,1181.0,0.2344,279.0,2508.0,9.0,2.4076,10.5796,0.191,320.0,0.0,0.7187,medium
40,269,112.0,102.0,0.0638,5,1247.0,0.1778,450.0,2302.0,14.0,1.6215,8.4017,0.1653,405.0,0.0,0.5786,medium
41,215,125.0,91.0,0.0468,2,1455.0,0.2073,337.0,2539.0,13.0,0.9183,9.1323,0.201,425.0,0.0,0.6637,medium
67,329,83.0,78.0,0.0219,1,1104.0,0.0496,462.0,3635.0,8.0,1.4959,4.9327,0.0625,317.0,0.0,0.8054,low
22,106,151.0,164.0,0.0892,8,2156.0,0.3127,122.0,1141.0,22.0,2.199,11.6629,0.3933,642.0,0.0,0.4687,high
56,352,102.0,85.0,0.028,0,794.0,0.088,351.0,3836.0,7.0,0.1706,4.5065,0.0562,386.0,0.0,0.8554,low
25,103,178.0,141.0,0.1295,4,2046.0,0.3272,114.0,1333.0,7.0,3.0024,13.8983,0.2785,460.0,0.0,0.4712,high
64,342,93.0,78.0,0.0162,1,996.0,0.0547,450.0,3255.0,6.0,1.0136,4.2642,0.0613,292.0,0.0,0.8093,low
59,259,73.0,82.0,0.0176,2,547.0,0.104,525.0,2716.0,8.0,1.1991,4.9828,0.0096,275.0,0.0,0.8197,low
21,130,160.0,155.0,0.1526,4,2018.0,0.2668,155.0,1385.0,21.0,2.7551,23.2948,0.414,679.0,0.0,0.4038,high
50,218,112.0,116.0,0.0348,3,1260.0,0.1929,331.0,1706.0,11.0,1.5986,7.2022,0.1789,420.0,0.0,0.6795,medium
61,361,85.0,70.0,0.0156,2,657.0,0.0759,378.0,3764.0,7.0,1.2062,4.3818,0.0871,251.0,0.0,0.8995,low
54,379,98.0,80.0,0.0152,2,1073.0,0.0443,518.0,3442.0,7.0,1.1513,5.059,0.0809,359.0,0.0,0.7506,low
59,332,87.0,78.0,0.0221,1,971.0,0.1046,494.0,3194.0,9.0,1.2124,6.799,0.0641,224.0,0.0,0.8249,low
53,343,93.0,90.0,0.0324,2,894.0,0.0711,438.0,3459.0,6.0,1.1317,5.6579,0.093,348.0,0.0,0.8913,low
40,223,90.0,108.0,0.0571,4,1367.0,0.1795,328.0,1875.0,9.0,1.9201,6.4521,0.1957,251.0,0.0,0.5944,medium
43,264,84.0,86.0,0.024,1,905.0,0.0753,493.0,3968.0,13.0,0.7791,3.7546,0.0801,259.0,0.0,0.755,low
40,184,110.0,126.0,0.064,5,1565.0,0.1902,312.0,1450.0,12.0,1.48,11.5811,0.0816,444.0,0.0,0.5563,medium
60,333,102.0,79.0,0.0185,1,1045.0,0.0832,361.0,3312.0,10.0,0.7331,2.5262,0.094,225.0,0.0,0.8039,low
49,193,124.0,97.0,0.0515,4,1282.0,0.1708,268.0,2282.0,12.0,1.4449,7.651,0.1024,467.0,0.0,0.7513,medium
70,294,74.0,76.0,0.0195,1,1109.0,0.0748,472.0,3388.0,14.0,0.6437,3.3836,0.0214,288.0,0.0,0.8133,low
69,234,88.0,82.0,0.0273,2,486.0,0.109,433.0,2695.0,6.0,0.824,5.7263,0.0711,331.0,0.0,0.8698,low
63,342,79.0,73.0,0.0186,1,1036.0,0.0734,498.0,3096.0,7.0,0.6841,6.4203,0.0899,229.0,0.0,0.9283,low
45,222,152.0,115.0,0.0755,3,1065.0,0.2139,250.0,2156.0,9.0,2.4208,7.3356,0.2091,279.0,0.0,0.6951,medium
17,151,162.0,156.0,0.1227,7,2143.0,0.2173,195.0,1227.0,16.0,2.2096,20.9408,0.3463,420.0,0.0,0.3572,high
55,299,109.0,74.0,0.0173,1,843.0,0.0892,477.0,3098.0,7.0,0.6566,5.0532,0.0713,279.0,0.0,0.7939,low
64,314,101.0,82.0,0.0139,1,878.0,0.074,395.0,4175.0,6.0,1.0304,5.4686,0.029,248.0,0.0,0.8358,low
26,148,172.0,121.0,0.1217,9,1874.0,0.2599,184.0,1011.0,14.0,3.7934,15.6128,0.3274,714.0,0.0,0.4873,high
32,113,136.0,130.0,0.1324,7,1810.0,0.274,209.0,845.0,11.0,2.001,13.411,0.4017,449.0,0.0,0.4968,high
57,355,99.0,78.0,0.0198,1,642.0,0.0871,324.0,2757.0,6.0,0.6074,3.6446,0.0732,340.0,0.0,0.7755,low
51,224,123.0,89.0,0.0506,3,1476.0,0.0809,300.0,2559.0,13.0,2.1013,9.1156,0.1943,447.0,0.0,0.5961,medium
34,201,139.0,116.0,0.0519,7,1190.0,0.1949,238.0,2179.0,12.0,1.5742,11.11,0.1466,405.0,0.0,0.7665,medium
25,92,202.0,186.0,0.1483,6,1952.0,0.296,174.0,1174.0,15.0,3.2928,15.128,0.247,622.0,0.0,0.6201,high
42,227,95.0,74.0,0.0623,4,1308.0,0.1473,359.0,1897.0,10.0,2.1498,9.1662,0.1605,464.0,0.0,0.621,medium
34,109,146.0,147.0,0.0787,8,2504.0,0.2366,222.0,1189.0,21.0,3.189,15.8,0.339,770.0,0.0,0.544,high
27,146,159.0,129.0,0.1008,6,2420.0,0.2451,172.0,1191.0,13.0,2.7919,10.422,0.3118,564.0,0.0,0.3538,high
73,286,88.0,96.0,0.0158,0,829.0,0.0753,454.0,3017.0,5.0,0.862,4.3834,0.0623,233.0,0.0,0.8559,low
65,296,85.0,87.0,0.0176,1,977.0,0.1077,395.0,2978.0,10.0,0.3188,4.0276,0.0403,287.0,0.0,0.8746,low
44,233,114.0,108.0,0.0434,5,1145.0,0.1989,284.0,2484.0,14.0,1.3071,6.5803,0.0958,420.0,0.0,0.4136,medium
33,139,159.0,133.0,0.1094,8,2065.0,0.2932,138.0,949.0,19.0,2.98,18.3793,0.4391,638.0,0.0,0.3584,high
46,225,91.0,102.0,0.0576,3,1736.0,0.2189,308.0,2172.0,9.0,2.0915,11.9696,0.178,447.0,0.0,0.6271,medium
47,219,118.0,92.0,0.0563,6,1516.0,0.1161,170.0,2244.0,11.0,2.1765,8.1597,0.2146,514.0,0.0,0.5475,medium
15,119,124.0,146.0,0.1014,8,2097.0,0.284,192.0,1138.0,19.0,2.9104,13.1637,0.3278,613.0,0.0,0.3579,high
53,312,90.0,88.0,0.0203,1,812.0,0.0959,359.0,3528.0,7.0,1.1143,6.7274,0.0504,265.0,0.0,0.849,low
49,356,88.0,81.0,0.0234,2,819.0,0.0712,385.0,2760.0,4.0,1.0573,4.0211,0.052,301.0,0.0,0.8609,low
28,115,154.0,130.0,0.1159,6,2523.0,0.224,155.0,1277.0,22.0,3.3735,13.7999,0.4986,617.0,0.0,0.4196,high
45,282,101.0,68.0,0.0083,1,799.0,0.0951,405.0,3476.0,11.0,1.0397,2.6764,0.1237,292.0,0.0,0.8419,low
63,325,89.0,88.0,0.0135,1,850.0,0.0815,506.0,2804.0,10.0,0.83,3.5999,0.0659,274.0,0.0,0.8031,low
49,189,134.0,117.0,0.0461,6,952.0,0.2308,258.0,2202.0,12.0,2.3075,9.5522,0.1346,515.0,0.0,0.6816,medium
69,308,97.0,67.0,0.0104,1,573.0,0.0896,419.0,3506.0,8.0,0.5669,4.6971,0.0569,223.0,0.0,0.9029,low
49,239,123.0,133.0,0.0317,1,1363.0,0.1999,171.0,2623.0,12.0,1.0662,8.8148,0.2352,459.0,0.0,0.7791,medium
49,250,109.0,120.0,0.0646,3,1379.0,0.136,261.0,2282.0,12.0,2.5524,7.5132,0.1409,582.0,0.0,0.6185,medium
31,148,159.0,111.0,0.1463,6,1890.0,0.3952,192.0,893.0,17.0,1.9053,15.6966,0.327,661.0,0.0,0.2783,high
26,86,171.0,184.0,0.0953,9,1574.0,0.267,250.0,1067.0,13.0,3.0282,15.7618,0.4367,541.0,0.0,0.3379,high
67,327,82.0,89.0,0.0221,2,1109.0,0.1076,379.0,3484.0,10.0,0.5011,3.517,0.0699,355.0,0.0,0.8573,low
35,223,101.0,107.0,0.0719,4,1806.0,0.206,267.0,1982.0,12.0,1.8658,10.5116,0.1743,340.0,0.0,0.8011,medium
51,315,92.0,103.0,0.0133,1,822.0,0.0834,407.0,3127.0,6.0,0.8751,2.6951,0.0613,311.0,0.0,0.8733,low
32,123,153.0,152.0,0.0986,8,2602.0,0.4566,170.0,888.0,15.0,3.0409,13.8739,0.4129,505.0,0.0,0.4112,high
36,143,165.0,141.0,0.068,8,2713.0,0.3453,132.0,674.0,22.0,0.7419,9.7953,0.2949,799.0,0.0,0.2941,high
46,188,123.0,116.0,0.0576,3,1715.0,0.1484,161.0,1933.0,11.0,1.6114,8.455,0.0987,450.0,0.0,0.6463,medium
21,181,183.0,160.0,0.0965,8,2148.0,0.3657,124.0,1061.0,19.0,2.7324,14.6501,0.3151,514.0,0.0,0.4388,high
30,123,145.0,166.0,0.1216,9,2727.0,0.2875,153.0,1108.0,19.0,2.3939,9.4218,0.359,687.0,0.0,0.3057,high
71,350,91.0,88.0,0.0142,2,1014.0,0.0709,340.0,3765.0,6.0,1.115,2.0072,0.0745,293.0,0.0,0.7705,low
25,86,177.0,136.0,0.1024,5,2253.0,0.3413,135.0,993.0,20.0,1.9613,12.4272,0.3621,662.0,0.0,0.4354,high
44,187,165.0,109.0,0.0543,2,1219.0,0.1916,356.0,2438.0,11.0,1.928,5.9256,0.1952,403.0,0.0,0.6782,medium
64,274,103.0,88.0,0.0214,1,954.0,0.0528,414.0,3646.0,6.0,1.0231,6.798,0.0663,190.0,0.0,0.8024,low
48,237,115.0,112.0,0.0641,3,820.0,0.1492,290.0,2229.0,8.0,1.7872,9.7075,0.1928,193.0,0.0,0.6595,medium
41,195,118.0,91.0,0.0574,3,1401.0,0.1759,294.0,1593.0,8.0,1.7297,9.2029,0.1495,311.0,0.0,0.5719,medium
78,333,91.0,59.0,0.0061,1,725.0,0.0775,477.0,3279.0,7.0,1.137,5.7148,0.1106,232.0,0.0,0.8521,low
47,271,140.0,100.0,0.0381,4,1494.0,0.0971,291.0,2295.0,12.0,2.9405,7.4619,0.2032,231.0,0.0,0.7458,medium
46,176,101.0,103.0,0.0603,4,1185.0,0.1806,333.0,2096.0,10.0,1.1423,9.6044,0.1334,472.0,0.0,0.5842,medium
38,140,162.0,140.0,0.0991,9,1557.0,0.2838,124.0,1027.0,24.0,2.7605,12.4054,0.3043,735.0,0.0,0.3855,high
14,77,141.0,168.0,0.1041,10,1914.0,0.3266,131.0,1277.0,23.0,3.8713,10.8125,0.2648,724.0,0.0,0.4148,high
22,107,133.0,153.0,0.0896,7,2397.0,0.3359,131.0,1226.0,19.0,2.3564,12.1217,0.3993,582.0,0.0,0.3966,high
57,233,94.0,70.0,0.0217,2,719.0,0.0841,471.0,3180.0,6.0,0.6987,6.8738,0.0564,193.0,0.0,0.8559,low
50,215,114.0,88.0,0.0286,4,1478.0,0.1758,288.0,1434.0,6.0,0.7751,9.8987,0.1254,528.0,0.0,0.7039,medium
64,296,114.0,61.0,0.0056,2,863.0,0.0598,429.0,3354.0,7.0,1.0329,6.4636,0.0656,342.0,0.0,0.8135,low
44,253,108.0,109.0,0.0771,4,1443.0,0.2193,180.0,1831.0,14.0,1.7401,11.3918,0.1214,313.0,0.0,0.6521,medium
43,177,126.0,108.0,0.0661,5,1625.0,0.1419,279.0,2596.0,12.0,2.0753,9.6627,0.1531,399.0,0.0,0.6139,medium
21,74,186.0,160.0,0.1059,8,1925.0,0.3407,144.0,905.0,21.0,1.8475,13.6403,0.399,606.0,0.0,0.3142,high
72,286,96.0,96.0,0.0241,2,1127.0,0.1162,425.0,3031.0,4.0,1.2038,4.5462,0.0514,309.0,0.0,0.8024,low
54,351,123.0,81.0,0.0168,1,760.0,0.0707,400.0,3223.0,10.0,0.9349,4.9945,0.0634,277.0,0.0,0.8245,low
41,229,127.0,87.0,0.0696,2,1118.0,0.2286,270.0,2330.0,13.0,1.8933,6.218,0.1801,496.0,0.0,0.674,medium
17,120,146.0,127.0,0.1074,7,2315.0,0.3193,145.0,1168.0,18.0,2.2512,12.7877,0.2917,789.0,0.0,0.4806,high
74,368,76.0,68.0,0.0001,1,974.0,0.0084,282.0,2687.0,14.0,1.489,6.592,0.0017,293.0,0.0,0.814,low
66,368,98.0,88.0,0.0347,1,924.0,0.117,477.0,2804.0,10.0,0.8291,5.8002,0.0616,381.0,0.0,0.905,low
30,217,96.0,78.0,0.0678,5,689.0,0.2008,251.0,100.0,9.0,2.6334,12.7239,0.1784,356.0,0.0,0.6609,medium
47,267,141.0,128.0,0.0506,5,1414.0,0.1962,277.0,2224.0,15.0,0.702,9.3155,0.2221,343.0,0.0,0.6421,medium
55,326,95.0,82.0,0.0175,1,913.0,0.057,359.0,2694.0,7.0,0.9425,8.8308,0.046,208.0,0.0,0.7978,low
20,140,173.0,144.0,0.1276,7,2462.0,0.3417,137.0,1213.0,17.0,3.4709,11.0979,0.383,475.0,0.0,0.2921,high
21,120,149.0,145.0,0.0721,5,1835.0,0.3845,140.0,985.0,19.0,3.001,16.4107,0.2933,722.0,0.0,0.5289,high
30,185,126.0,105.0,0.0451,3,1425.0,0.1308,425.0,2586.0,10.0,1.443,11.3542,0.1468,416.0,0.0,0.6324,medium
45,193,108.0,94.0,0.0483,2,801.0,0.1686,321.0,2549.0,10.0,1.1994,10.3973,0.2031,505.0,0.0,0.6565,medium
29,120,170.0,162.0,0.133,8,1881.0,0.442,103.0,1115.0,24.0,3.531,7.2745,0.3123,573.0,0.0,0.3757,high
62,225,139.0,86.0,0.0787,3,1184.0,0.1672,320.0,2603.0,10.0,1.199,14.0543,0.0491,426.0,0.0,0.6832,medium
42,191,114.0,125.0,0.0625,3,1294.0,0.1677,316.0,1831.0,9.0,2.4428,10.45,0.126,556.0,0.0,0.6022,medium
62,227,90.0,88.0,0.026,2,953.0,0.0691,343.0,3136.0,13.0,0.7376,5.1839,0.0868,238.0,0.0,0.8392,low
56,318,91.0,71.0,0.0218,0,598.0,0.0673,515.0,3571.0,10.0,0.6846,9.7984,0.0727,309.0,0.0,0.7677,low
10,128,158.0,114.0,0.1391,7,1266.0,0.2421,140.0,580.0,5.0,4.2868,15.2567,0.3651,496.0,0.0,0.4505,high
28,165,163.0,139.0,0.1327,8,2060.0,0.4509,128.0,1331.0,21.0,2.4017,16.1636,0.3155,808.0,0.0,0.3458,high
19,130,129.0,116.0,0.1619,6,2174.0,0.278,136.0,604.0,19.0,3.371,8.9895,0.4265,692.0,0.0,0.5108,high
37,79,160.0,150.0,0.1274,10,1852.0,0.2891,182.0,1241.0,25.0,2.0455,14.299,0.2547,503.0,0.0,0.5526,high
52,370,105.0,86.0,0.0337,3,1180.0,0.066,346.0,3920.0,7.0,1.3153,12.5003,0.0545,197.0,0.0,0.7755,low
51,274,105.0,98.0,0.0576,6,1306.0,0.1752,338.0,1488.0,9.0,1.988,12.0083,0.1937,236.0,0.0,0.6797,medium
16,138,131.0,126.0,0.1026,9,1989.0,0.3751,133.0,1329.0,20.0,4.3024,17.3768,0.4248,663.0,0.0,0.4475,high
27,151,175.0,154.0,0.0936,7,2143.0,0.2309,109.0,1241.0,17.0,2.7687,14.198,0.28,610.0,0.0,0.3793,high
42,199,117.0,102.0,0.0602,4,1341.0,0.1631,292.0,2063.0,13.0,1.1035,9.2297,0.2193,345.0,0.0,0.6901,medium
36,289,119.0,109.0,0.0556,5,1454.0,0.111,343.0,2324.0,10.0,2.2767,10.2372,0.1649,316.0,0.0,0.7607,medium
27,92,152.0,171.0,0.1008,7,1921.0,0.391,136.0,1647.0,13.0,2.5485,13.6442,0.3842,742.0,0.0,0.4897,high
48,198,119.0,91.0,0.063,4,1435.0,0.094,180.0,1499.0,15.0,1.5971,9.8624,0.1296,273.0,0.0,0.5665,medium
51,271,89.0,90.0,0.0176,1,931.0,0.1043,411.0,2767.0,7.0,0.4095,5.9556,0.0574,257.0,0.0,0.8092,low
73,347,115.0,78.0,0.0218,2,987.0,0.0747,330.0,2772.0,9.0,0.8898,4.1372,0.0994,335.0,0.0,0.7822,low
33,255,113.0,127.0,0.0636,3,1353.0,0.2101,398.0,1992.0,15.0,2.4009,6.8776,0.1669,345.0,0.0,0.5458,medium
25,110,122.0,134.0,0.0738,6,1632.0,0.309,161.0,1079.0,16.0,3.5089,17.1135,0.3131,681.0,0.0,0.342,high
62,313,102.0,85.0,0.0037,1,953.0,0.0767,374.0,3201.0,7.0,0.8406,6.7577,0.0476,283.0,0.0,0.8305,low
59,208,124.0,87.0,0.0553,4,1706.0,0.1618,330.0,2531.0,11.0,2.8658,9.5992,0.0172,509.0,0.0,0.7574,medium
24,126,175.0,114.0,0.1181,7,2091.0,0.4177,146.0,1647.0,19.0,2.7406,15.6098,0.3594,636.0,0.0,0.4669,high
30,134,145.0,158.0,0.1104,7,1864.0,0.2586,179.0,912.0,12.0,3.2194,17.6638,0.3232,546.0,0.0,0.4449,high
28,132,169.0,155.0,0.1106,7,2633.0,0.2957,106.0,1089.0,15.0,2.7619,14.4855,0.375,531.0,0.0,0.3702,high
28,154,167.0,143.0,0.1185,7,2790.0,0.2737,77.0,851.0,17.0,3.7499,13.0918,0.2606,654.0,0.0,0.3358,high
31,107,165.0,163.0,0.0939,7,2436.0,0.4087,167.0,1254.0,12.0,4.1598,11.1897,0.4134,711.0,0.0,0.3065,high
51,274,89.0,86.0,0.0156,1,856.0,0.0603,436.0,2870.0,7.0,0.6751,6.8355,0.0626,306.0,0.0,0.8114,low
66,302,90.0,71.0,0.0135,1,885.0,0.0593,413.0,2793.0,11.0,0.9038,6.6555,0.0662,239.0,0.0,0.8203,low
61,291,109.0,76.0,0.0168,3,970.0,0.0656,456.0,3975.0,7.0,0.7241,2.9767,0.0643,331.0,0.0,0.8336,low
75,257,72.0,63.0,0.0226,0,672.0,0.0844,444.0,3137.0,7.0,1.2138,6.9278,0.0843,358.0,0.0,0.7881,low
26,137,149.0,165.0,0.0993,7,1854.0,0.297,90.0,1659.0,19.0,3.9793,10.1714,0.2694,855.0,0.0,0.3618,high
24,123,148.0,109.0,0.123,9,2654.0,0.2456,187.0,930.0,15.0,3.036,19.6071,0.3731,703.0,0.0,0.2704,high
51,255,135.0,117.0,0.0546,3,1717.0,0.1403,379.0,1455.0,10.0,1.7628,7.1415,0.1062,406.0,0.0,0.6926,medium
44,155,126.0,100.0,0.065,2,1732.0,0.2246,305.0,1933.0,8.0,1.5317,6.948,0.191,530.0,0.0,0.767,medium
33,210,122.0,111.0,0.0649,4,912.0,0.2032,323.0,1668.0,8.0,1.7924,8.8562,0.1949,428.0,0.0,0.5167,medium
34,230,109.0,90.0,0.0685,4,894.0,0.0838,297.0,2956.0,15.0,1.0653,10.9885,0.1228,521.0,0.0,0.66,medium
26,125,178.0,133.0,0.0731,4,2087.0,0.3229,189.0,924.0,9.0,3.1425,12.9991,0.2595,793.0,0.0,0.4295,high
24,128,143.0,128.0,0.0644,5,3030.0,0.2012,182.0,786.0,20.0,1.5157,16.7635,0.3576,842.0,0.0,0.4488,high
58,342,78.0,84.0,0.0148,2,825.0,0.0781,401.0,3392.0,9.0,1.2011,6.9468,0.0105,251.0,0.0,0.798,low
62,226,95.0,91.0,0.0174,1,778.0,0.0642,358.0,3208.0,7.0,0.8296,6.6111,0.0798,289.0,0.0,0.8919,low
52,198,114.0,113.0,0.0482,3,1497.0,0.1138,301.0,2166.0,13.0,1.4841,10.3169,0.1521,330.0,0.0,0.68,medium
31,148,198.0,144.0,0.1301,6,2249.0,0.3239,104.0,1587.0,16.0,2.9147,10.5602,0.3663,607.0,0.0,0.5491,high
22,93,186.0,137.0,0.1004,8,2138.0,0.23,205.0,933.0,21.0,1.8706,11.317,0.4088,472.0,0.0,0.4702,high
28,251,104.0,114.0,0.0621,4,1253.0,0.2098,298.0,2122.0,12.0,1.7294,10.4901,0.1751,410.0,0.0,0.6653,medium
53,300,109.0,77.0,0.0234,3,858.0,0.0995,452.0,4275.0,3.0,1.0205,8.5627,0.094,263.0,0.0,0.7125,low
51,220,111.0,119.0,0.0715,4,866.0,0.184,270.0,2273.0,4.0,2.0567,6.5018,0.1203,455.0,0.0,0.7184,medium
47,214,110.0,90.0,0.0557,2,1166.0,0.1818,272.0,2277.0,10.0,2.0988,10.7339,0.1601,436.0,0.0,0.6384,medium
34,144,165.0,121.0,0.0738,8,2147.0,0.4616,111.0,1323.0,16.0,4.518,13.0661,0.4417,702.0,0.0,0.4304,high
22,147,121.0,117.0,0.1827,11,2324.0,0.3246,150.0,1078.0,19.0,4.775,15.2275,0.3305,673.0,0.0,0.3396,high
42,156,92.0,75.0,0.0614,3,1605.0,0.2161,259.0,1982.0,11.0,1.0432,7.4405,0.2324,451.0,0.0,0.5597,medium
55,263,90.0,92.0,0.0109,1,756.0,0.1029,545.0,3504.0,9.0,1.2083,3.1738,0.08,289.0,0.0,0.7135,low
28,136,180.0,167.0,0.1238,6,1693.0,0.3408,185.0,936.0,15.0,2.896,13.3428,0.3655,870.0,0.0,0.4882,high
41,198,112.0,118.0,0.0498,4,1644.0,0.1451,336.0,1835.0,7.0,1.5753,12.2356,0.2006,405.0,0.0,0.5734,medium
47,277,115.0,110.0,0.0369,3,1095.0,0.0912,335.0,1399.0,13.0,1.4307,8.3223,0.1536,486.0,0.0,0.7468,medium
55,226,115.0,93.0,0.0477,2,1281.0,0.1075,322.0,2027.0,6.0,2.1427,9.5975,0.1059,355.0,0.0,0.5668,medium
25,120,163.0,138.0,0.0677,8,2247.0,0.2272,233.0,926.0,15.0,3.3224,12.379,0.4805,559.0,0.0,0.5826,high
58,238,102.0,80.0,0.021,0,915.0,0.0752,497.0,2890.0,9.0,0.7208,8.4388,0.0569,271.0,0.0,0.9389,low
49,196,140.0,117.0,0.0607,2,1581.0,0.2142,253.0,2435.0,13.0,0.8008,8.8267,0.1858,352.0,0.0,0.6409,medium
65,305,91.0,89.0,0.0165,1,925.0,0.0775,409.0,3522.0,9.0,0.7446,4.021,0.0565,305.0,0.0,0.8345,low
59,330,102.0,73.0,0.0235,1,976.0,0.0688,348.0,2871.0,6.0,0.8367,4.0654,0.0438,269.0,0.0,0.8579,low
58,293,86.0,84.0,0.0081,0,1076.0,0.0725,463.0,3251.0,9.0,0.869,4.3176,0.0646,329.0,0.0,0.8015,low
15,115,172.0,138.0,0.0931,8,2825.0,0.3427,163.0,766.0,19.0,2.9698,15.0977,0.3426,670.0,0.0,0.4777,high
62,305,96.0,66.0,0.0,1,906.0,0.1484,519.0,3825.0,11.0,1.699,2.924,0.0026,365.0,0.0,0.9989,low
55,323,62.0,98.0,0.0183,1,916.0,0.0951,365.0,2789.0,7.0,1.3048,4.3822,0.1021,345.0,0.0,0.8205,low
53,268,108.0,113.0,0.0416,3,882.0,0.2139,297.0,1660.0,14.0,1.3577,11.3931,0.2545,417.0,0.0,0.546,medium
49,237,153.0,111.0,0.0526,1,1470.0,0.1944,219.0,1638.0,13.0,1.8516,7.8436,0.161,334.0,0.0,0.5478,medium
38,117,165.0,166.0,0.1487,9,2420.0,0.2637,132.0,968.0,23.0,2.227,17.2214,0.4144,531.0,0.0,0.5397,high
69,293,84.0,91.0,0.0277,2,704.0,0.1052,347.0,3172.0,5.0,0.2007,4.4796,0.0461,274.0,0.0,0.7475,low
45,209,102.0,107.0,0.0401,2,1204.0,0.2363,194.0,2262.0,16.0,1.1322,8.6046,0.1791,434.0,0.0,0.6319,medium
71,292,81.0,89.0,0.0176,2,778.0,0.0643,337.0,2694.0,7.0,0.7088,4.1056,0.0905,209.0,0.0,0.8199,low
64,296,92.0,88.0,0.0126,2,716.0,0.0584,390.0,3606.0,9.0,0.3796,4.5551,0.0558,157.0,0.0,0.8863,low
28,140,130.0,122.0,0.0705,8,1304.0,0.2823,114.0,835.0,23.0,2.8563,13.3261,0.3364,714.0,0.0,0.3259,high
51,243,111.0,124.0,0.0437,2,1361.0,0.1713,232.0,2263.0,13.0,2.2256,5.613,0.0952,481.0,0.0,0.5799,medium
28,134,127.0,129.0,0.0976,8,2483.0,0.2951,186.0,1188.0,17.0,2.0388,12.6971,0.3188,554.0,0.0,0.2045,high
12,132,198.0,112.0,0.1337,6,1634.0,0.2932,179.0,1056.0,21.0,2.7732,14.8779,0.3401,560.0,0.0,0.3728,high
21,127,132.0,110.0,0.1236,4,2212.0,0.2428,162.0,1233.0,20.0,2.1262,17.1609,0.3199,478.0,0.0,0.3432,high
22,78,120.0,127.0,0.1614,9,2347.0,0.3716,195.0,1440.0,13.0,3.1014,10.9959,0.2921,558.0,0.0,0.3406,high
53,243,135.0,116.0,0.0303,3,1169.0,0.2257,200.0,2277.0,9.0,2.347,13.2091,0.1341,365.0,0.0,0.729,medium
61,311,102.0,79.0,0.0232,1,870.0,0.0537,434.0,3068.0,9.0,1.2621,3.5062,0.0729,205.0,0.0,0.8198,low
18,141,142.0,163.0,0.0875,7,2375.0,0.2085,197.0,1551.0,14.0,2.8067,10.9871,0.2837,544.0,0.0,0.3492,high
53,214,116.0,122.0,0.0705,3,1249.0,0.1914,314.0,2065.0,10.0,2.2487,6.6152,0.1385,471.0,0.0,0.7673,medium
40,174,126.0,100.0,0.0642,3,1118.0,0.2639,284.0,2149.0,8.0,1.4694,10.7584,0.2571,420.0,0.0,0.7207,medium
30,113,175.0,160.0,0.1627,8,1786.0,0.2925,174.0,1135.0,22.0,2.6859,18.7552,0.292,670.0,0.0,0.4856,high
69,363,82.0,102.0,0.0177,0,873.0,0.0405,405.0,3589.0,9.0,0.7503,6.5373,0.0732,179.0,0.0,0.8463,low
40,213,95.0,111.0,0.0397,2,907.0,0.2724,354.0,2612.0,14.0,2.9327,8.0982,0.249,438.0,0.0,0.6001,medium
34,251,123.0,105.0,0.0431,3,1582.0,0.1756,332.0,2363.0,15.0,1.4447,8.2827,0.1068,455.0,0.0,0.4934,medium
26,115,160.0,165.0,0.1174,7,1125.0,0.2871,144.0,1143.0,17.0,2.9041,18.1841,0.3532,636.0,0.0,0.4513,high
42,212,138.0,92.0,0.0387,2,1122.0,0.1815,358.0,2221.0,13.0,2.2865,8.35,0.1182,510.0,0.0,0.6106,medium
34,225,134.0,100.0,0.038,4,1583.0,0.2168,293.0,2398.0,16.0,1.8281,8.5572,0.1072,460.0,0.0,0.6592,medium
65,320,76.0,63.0,0.0128,2,928.0,0.0801,432.0,3047.0,9.0,0.6144,7.1879,0.0553,257.0,0.0,0.7886,low
60,333,94.0,81.0,0.028,2,959.0,0.1097,345.0,2560.0,7.0,1.4921,4.514,0.0717,205.0,0.0,0.738,low
68,263,73.0,71.0,0.0221,1,863.0,0.1183,449.0,3438.0,6.0,1.0611,5.3384,0.0346,282.0,0.0,0.9179,low
31,113,172.0,147.0,0.077,7,2475.0,0.3303,171.0,955.0,28.0,3.8735,16.3261,0.3316,558.0,0.0,0.4583,high
50,297,97.0,98.0,0.0317,1,768.0,0.1606,537.0,2895.0,12.0,1.1353,4.8959,0.0871,199.0,0.0,0.8003,low
43,205,104.0,126.0,0.0447,5,1482.0,0.2543,286.0,2127.0,12.0,1.8256,8.4751,0.1036,432.0,0.0,0.5771,medium
23,106,132.0,144.0,0.0938,9,1965.0,0.4234,85.0,1323.0,12.0,3.6242,15.0975,0.2925,606.0,0.0,0.4177,high
35,222,98.0,103.0,0.0699,3,741.0,0.2533,336.0,2113.0,18.0,1.6264,11.2855,0.1678,411.0,0.0,0.6623,medium
46,250,100.0,97.0,0.051,1,1590.0,0.1658,380.0,2426.0,9.0,2.2758,7.1777,0.2094,355.0,0.0,0.6297,medium
19,120,171.0,95.0,0.1212,6,1626.0,0.3646,142.0,1322.0,11.0,2.1159,13.6381,0.4471,504.0,0.0,0.3324,high
42,206,108.0,118.0,0.0558,4,1432.0,0.1733,303.0,2424.0,9.0,0.9008,7.97,0.1484,346.0,0.0,0.6166,medium
51,192,123.0,83.0,0.0507,4,1377.0,0.2009,342.0,1940.0,13.0,1.9207,9.1403,0.2113,440.0,0.0,0.6807,medium
77,314,93.0,85.0,0.0306,1,960.0,0.0957,425.0,3248.0,9.0,1.2862,5.7875,0.0985,241.0,0.0,0.7622,low
36,155,149.0,154.0,0.1276,8,1744.0,0.3317,88.0,1421.0,16.0,3.6018,14.2115,0.3118,574.0,0.0,0.4149,high
49,325,119.0,78.0,0.0213,1,874.0,0.051,426.0,3687.0,8.0,0.9404,3.6617,0.0915,254.0,0.0,0.8083,low
67,320,84.0,81.0,0.0242,1,820.0,0.0966,486.0,2404.0,9.0,0.6735,6.6647,0.0898,274.0,0.0,0.828,low
49,309,85.0,105.0,0.0133,2,553.0,0.0681,387.0,3109.0,7.0,0.5064,7.5746,0.1047,333.0,0.0,0.7834,low
33,141,150.0,124.0,0.0878,9,1844.0,0.3568,199.0,1228.0,19.0,3.8743,13.5547,0.3549,673.0,0.0,0.3693,high
44,225,107.0,113.0,0.0518,3,1320.0,0.159,311.0,1778.0,9.0,1.4086,11.7145,0.117,416.0,0.0,0.679,medium
29,113,149.0,129.0,0.1156,6,2354.0,0.3276,175.0,1457.0,17.0,4.029,10.1826,0.2827,634.0,0.0,0.435,high
37,223,109.0,124.0,0.0368,3,1363.0,0.1847,223.0,2362.0,12.0,1.6707,8.8274,0.1742,358.0,0.0,0.6323,medium
67,291,83.0,88.0,0.0208,1,868.0,0.1147,399.0,3665.0,12.0,0.6135,4.7325,0.0844,278.0,0.0,0.8831,low
64,350,78.0,102.0,0.0274,2,846.0,0.1144,371.0,3535.0,7.0,1.0484,6.5554,0.0869,282.0,0.0,0.8215,low
59,180,114.0,94.0,0.043,4,1501.0,0.1289,298.0,1995.0,17.0,1.9279,10.4654,0.2149,513.0,0.0,0.695,medium
55,278,121.0,127.0,0.0648,3,1715.0,0.1801,267.0,2157.0,11.0,1.5904,4.6723,0.1199,486.0,0.0,0.6346,medium
32,121,161.0,159.0,0.123,11,2129.0,0.2878,133.0,799.0,12.0,3.4455,16.6728,0.3128,623.0,0.0,0.3297,high
48,282,124.0,70.0,0.0181,0,877.0,0.1193,398.0,3380.0,8.0,0.9721,3.4503,0.1,279.0,0.0,0.8651,low
30,118,183.0,172.0,0.1203,6,1241.0,0.3573,166.0,1405.0,23.0,3.0001,11.4356,0.3372,354.0,0.0,0.3585,high
28,117,170.0,166.0,0.1179,7,2214.0,0.2105,186.0,822.0,18.0,2.7871,12.7998,0.2879,596.0,0.0,0.4635,high
75,263,98.0,80.0,0.0112,1,782.0,0.0865,422.0,4261.0,12.0,1.1734,3.858,0.087,247.0,0.0,0.8712,low
56,166,120.0,127.0,0.0627,3,1658.0,0.2419,291.0,2259.0,14.0,1.8423,7.8643,0.1741,569.0,0.0,0.7221,medium
46,219,128.0,124.0,0.0476,5,878.0,0.2491,96.0,2398.0,9.0,1.9325,6.5818,0.1527,431.0,0.0,0.7227,medium
69,330,89.0,87.0,0.0214,1,956.0,0.0975,246.0,3097.0,10.0,1.216,4.9932,0.0664,355.0,0.0,0.7916,low
55,211,134.0,94.0,0.0327,4,1360.0,0.1482,281.0,2172.0,16.0,1.0254,5.1672,0.1675,466.0,0.0,0.8066,medium
56,342,123.0,73.0,0.0072,1,938.0,0.1046,419.0,3837.0,8.0,0.8817,7.5842,0.1441,343.0,0.0,0.8849,low
46,227,113.0,124.0,0.0428,3,1669.0,0.2027,307.0,2413.0,9.0,1.7224,10.4287,0.2413,213.0,0.0,0.6758,medium
5,86,174.0,132.0,0.0998,9,2449.0,0.312,178.0,1083.0,24.0,2.9248,11.3569,0.3599,642.0,0.0,0.557,high
52,218,110.0,123.0,0.0604,5,1117.0,0.1681,358.0,2747.0,17.0,2.3601,6.4533,0.185,392.0,0.0,0.7098,medium
48,235,137.0,111.0,0.0597,5,1534.0,0.1369,274.0,2385.0,11.0,0.8519,8.2678,0.1538,348.0,0.0,0.6548,medium
28,142,146.0,173.0,0.1111,6,2033.0,0.28,183.0,1380.0,15.0,2.7515,4.5246,0.2738,488.0,0.0,0.3405,high
34,142,100.0,171.0,0.129,9,2338.0,0.3732,155.0,1265.0,15.0,3.6783,11.4593,0.4191,519.0,0.0,0.3841,high
33,268,124.0,71.0,0.0715,5,1056.0,0.1993,336.0,1931.0,13.0,1.3035,11.297,0.233,420.0,0.0,0.6318,medium
28,149,151.0,122.0,0.1432,7,1947.0,0.3679,176.0,1110.0,19.0,2.8462,13.0076,0.3472,727.0,0.0,0.4896,high
27,125,158.0,157.0,0.1436,7,1866.0,0.3258,182.0,1092.0,14.0,2.5619,15.8702,0.3734,697.0,0.0,0.3863,high
46,223,111.0,106.0,0.0603,4,1277.0,0.1803,396.0,2215.0,16.0,0.9975,8.5708,0.1479,448.0,0.0,0.726,medium
64,323,107.0,66.0,0.0208,1,668.0,0.0722,449.0,3305.0,5.0,0.9465,5.0051,0.0506,322.0,0.0,0.7722,low
48,192,129.0,102.0,0.0669,5,1911.0,0.183,371.0,2312.0,12.0,1.8056,6.7882,0.1831,355.0,0.0,0.7434,medium
48,222,141.0,107.0,0.0511,3,1391.0,0.212,310.0,1744.0,14.0,1.3129,10.9697,0.2063,383.0,0.0,0.5926,medium
62,334,105.0,98.0,0.024,1,965.0,0.0404,432.0,2953.0,5.0,1.2177,6.879,0.0333,237.0,0.0,0.7936,low
66,309,92.0,85.0,0.0248,2,1125.0,0.0663,396.0,3951.0,5.0,0.6227,4.3141,0.0379,310.0,0.0,0.8245,low
52,295,93.0,75.0,0.0133,1,877.0,0.0566,373.0,3314.0,8.0,1.4694,5.6753,0.0594,244.0,0.0,0.8172,low
32,120,169.0,131.0,0.0904,8,1714.0,0.2013,164.0,727.0,21.0,2.1644,13.3533,0.3222,812.0,0.0,0.4994,high
25,116,156.0,156.0,0.133,8,1826.0,0.4106,155.0,1030.0,14.0,2.1108,11.3061,0.3951,710.0,0.0,0.37,high
24,109,188.0,158.0,0.1469,8,2372.0,0.1752,10.0,1107.0,17.0,4.1746,11.2904,0.3397,508.0,0.0,0.5272,high
74,296,116.0,102.0,0.0177,2,892.0,0.0956,495.0,2932.0,7.0,0.7225,3.7272,0.1049,287.0,0.0,0.7759,low
27,130,164.0,122.0,0.0666,7,2609.0,0.2272,181.0,916.0,13.0,2.4092,15.1177,0.3022,665.0,0.0,0.2911,high
33,355,119.0,92.0,0.0177,2,1301.0,0.0953,489.0,2961.0,7.0,0.9221,5.8815,0.0795,275.0,0.0,0.8648,low
59,314,95.0,83.0,0.0173,1,736.0,0.0956,441.0,3275.0,8.0,0.6727,5.9978,0.0868,270.0,0.0,0.7753,low
66,327,101.0,103.0,0.0234,1,610.0,0.0483,384.0,2592.0,6.0,0.9084,2.3289,0.0483,191.0,0.0,0.8151,low
64,341,117.0,82.0,0.0166,0,763.0,0.1622,480.0,3868.0,3.0,1.055,10.3771,0.0,258.0,0.0,0.7443,low
59,282,103.0,95.0,0.0296,1,1019.0,0.0829,474.0,3914.0,11.0,0.0366,4.5611,0.0781,198.0,0.0,0.8821,low
56,346,97.0,75.0,0.022,2,824.0,0.0563,510.0,2833.0,8.0,0.5169,7.7161,0.0764,231.0,0.0,0.7596,low
63,340,108.0,66.0,0.0226,1,771.0,0.1071,328.0,2740.0,9.0,1.1664,5.1525,0.0612,342.0,0.0,0.8138,low
29,146,154.0,161.0,0.1069,7,2476.0,0.3139,186.0,1196.0,18.0,4.0056,10.6159,0.3903,611.0,0.0,0.379,high
53,272,95.0,67.0,0.0197,1,620.0,0.0455,349.0,3791.0,13.0,0.5611,7.2698,0.0584,281.0,0.0,0.8253,low
64,364,91.0,90.0,0.0238,1,930.0,0.0609,490.0,3176.0,10.0,0.5805,6.6176,0.0835,198.0,0.0,0.7687,low
36,192,111.0,100.0,0.0566,5,1245.0,0.1593,273.0,2090.0,10.0,1.8256,6.7615,0.1624,348.0,0.0,0.7385,medium
60,280,87.0,81.0,0.0319,1,819.0,0.0922,361.0,2840.0,8.0,1.086,5.7079,0.0418,355.0,0.0,0.7503,low
61,332,92.0,86.0,0.0235,2,768.0,0.105,447.0,3358.0,4.0,0.6836,5.675,0.0783,254.0,0.0,0.8116,low
53,308,90.0,72.0,0.023,1,910.0,0.0581,346.0,2892.0,9.0,0.8216,4.0593,0.0816,326.0,0.0,0.8008,low
28,74,178.0,148.0,0.1228,8,2241.0,0.3149,92.0,991.0,17.0,4.0556,11.6961,0.2918,728.0,0.0,0.3816,high
63,306,97.0,85.0,0.0192,1,1029.0,0.0807,410.0,3147.0,10.0,0.7593,5.9452,0.0457,298.0,0.0,0.8087,low
21,119,141.0,149.0,0.0829,6,1638.0,0.1925,212.0,926.0,18.0,2.363,13.5428,0.3345,376.0,0.0,0.2887,high
15,128,154.0,163.0,0.1424,8,1547.0,0.404,210.0,1055.0,18.0,2.5155,9.6951,0.3278,522.0,0.0,0.4442,high
63,322,94.0,81.0,0.0121,3,906.0,0.0667,440.0,3924.0,9.0,0.7463,4.6356,0.0505,271.0,0.0,0.8639,low
57,258,109.0,94.0,0.0349,1,1021.0,0.0739,470.0,3466.0,9.0,0.5604,4.9769,0.0412,335.0,0.0,0.7918,low
37,226,126.0,93.0,0.0566,5,1557.0,0.1527,192.0,2432.0,10.0,1.4142,9.8357,0.1532,345.0,0.0,0.7342,medium
70,289,90.0,71.0,0.0069,1,935.0,0.0526,446.0,3331.0,12.0,0.8324,7.3554,0.0387,249.0,0.0,0.7919,low
28,86,174.0,135.0,0.1155,9,1710.0,0.2443,216.0,1264.0,15.0,3.7511,10.6238,0.3269,510.0,0.0,0.4361,high
50,210,124.0,94.0,0.0586,2,1157.0,0.2223,273.0,2576.0,10.0,1.1924,7.2616,0.1171,382.0,0.0,0.6054,medium
54,197,143.0,98.0,0.0321,2,1469.0,0.181,349.0,2251.0,11.0,1.4428,13.7227,0.1463,371.0,0.0,0.6632,medium
42,226,141.0,116.0,0.0644,3,739.0,0.2052,308.0,2088.0,17.0,1.3956,6.1646,0.0963,541.0,0.0,0.6964,medium
39,237,113.0,102.0,0.0584,5,1340.0,0.1504,271.0,2573.0,18.0,1.1939,9.52,0.1507,392.0,0.0,0.6811,medium
22,132,177.0,134.0,0.1417,8,1477.0,0.3474,75.0,905.0,20.0,3.1297,8.7669,0.4356,762.0,0.0,0.3339,high
55,296,101.0,76.0,0.0205,2,812.0,0.0878,432.0,2784.0,10.0,1.5263,8.9224,0.0835,327.0,0.0,0.7891,low
63,280,90.0,91.0,0.0199,0,685.0,0.1097,514.0,2688.0,8.0,1.1461,2.6413,0.0858,218.0,0.0,0.8006,low
29,114,158.0,116.0,0.1147,7,2006.0,0.2885,120.0,1399.0,19.0,3.1234,14.8727,0.2494,627.0,0.0,0.2571,high
53,264,90.0,64.0,0.0121,1,1306.0,0.0629,433.0,2786.0,8.0,0.9092,6.0242,0.0615,291.0,0.0,0.8482,low
52,304,115.0,92.0,0.0358,4,1176.0,0.1865,251.0,2190.0,6.0,1.5892,7.5883,0.2103,316.0,0.0,0.7309,medium
28,97,188.0,149.0,0.1452,7,2118.0,0.2887,161.0,582.0,17.0,3.3072,11.1238,0.3333,723.0,0.0,0.3586,high
35,161,207.0,131.0,0.0938,10,2132.0,0.2713,193.0,936.0,20.0,3.4192,11.632,0.4096,587.0,0.0,0.4118,high
22,85,122.0,177.0,0.1191,5,2337.0,0.3447,74.0,1508.0,20.0,2.8672,10.4542,0.3292,725.0,0.0,0.4569,high
36,96,158.0,168.0,0.0804,7,1864.0,0.3373,161.0,1274.0,14.0,2.7246,15.8432,0.2959,748.0,0.0,0.4427,high
47,242,106.0,103.0,0.041,5,1523.0,0.1553,274.0,2109.0,8.0,2.1613,6.0693,0.2164,417.0,0.0,0.6319,medium
28,107,126.0,158.0,0.1005,8,2338.0,0.2796,182.0,1150.0,22.0,3.7383,9.8426,0.251,728.0,0.0,0.5606,high
22,73,128.0,204.0,0.1299,9,2168.0,0.371,200.0,1281.0,23.0,2.2477,12.5061,0.3756,599.0,0.0,0.5572,high
33,196,105.0,96.0,0.0542,5,1321.0,0.1725,295.0,2861.0,12.0,1.7434,11.8075,0.2837,468.0,0.0,0.6343,medium
40,236,117.0,113.0,0.0528,5,1222.0,0.122,249.0,2626.0,13.0,1.8499,8.5168,0.1244,390.0,0.0,0.6843,medium
57,197,122.0,77.0,0.0447,4,1379.0,0.2072,353.0,2345.0,14.0,2.2394,11.9707,0.1732,529.0,0.0,0.6159,medium
22,129,154.0,139.0,0.1266,10,2131.0,0.3174,198.0,1278.0,22.0,2.6665,14.7915,0.4427,685.0,0.0,0.3514,high
35,209,126.0,112.0,0.0402,4,1522.0,0.1634,295.0,2040.0,15.0,1.6751,7.9778,0.2204,375.0,0.0,0.5878,medium
43,182,105.0,97.0,0.0601,4,1120.0,0.2072,322.0,2583.0,17.0,1.7388,8.0303,0.1139,546.0,0.0,0.5765,medium
30,145,120.0,118.0,0.1423,7,1412.0,0.3196,134.0,1277.0,13.0,3.9259,5.7831,0.4,800.0,0.0,0.4801,high
39,311,84.0,84.0,0.0042,1,687.0,0.0952,398.0,2754.0,7.0,0.8816,5.0038,0.0766,208.0,0.0,0.8102,low
44,227,119.0,105.0,0.0595,3,1213.0,0.1882,217.0,1859.0,14.0,1.3829,8.1523,0.1705,352.0,0.0,0.5848,medium
35,216,121.0,128.0,0.0523,2,1145.0,0.181,182.0,1694.0,20.0,1.6045,5.9882,0.2338,320.0,0.0,0.5573,medium
69,308,93.0,80.0,0.0197,2,743.0,0.0743,502.0,3380.0,6.0,0.4084,5.0798,0.0645,320.0,0.0,0.7579,low
32,130,143.0,161.0,0.1683,10,1221.0,0.4057,243.0,1070.0,22.0,4.318,12.114,0.3482,476.0,0.0,0.5263,high
52,282,94.0,75.0,0.0209,1,1026.0,0.0898,499.0,3417.0,8.0,1.1049,4.6361,0.0728,262.0,0.0,0.7973,low
22,115,179.0,151.0,0.0774,6,1851.0,0.2273,112.0,1601.0,13.0,2.6217,19.6556,0.3519,285.0,0.0,0.4214,high
56,298,81.0,97.0,0.0168,1,621.0,0.071,433.0,3055.0,8.0,1.1444,3.2302,0.0713,276.0,0.0,0.8316,low
53,218,145.0,115.0,0.0596,5,1640.0,0.1821,324.0,1756.0,10.0,1.469,9.3195,0.1348,332.0,0.0,0.6148,medium
24,122,140.0,134.0,0.1098,6,2008.0,0.2453,124.0,1212.0,20.0,2.4479,16.6192,0.3757,655.0,0.0,0.4392,high
24,139,149.0,127.0,0.1142,8,1544.0,0.408,127.0,1015.0,29.0,2.4353,11.1268,0.3243,587.0,0.0,0.5081,high
16,130,176.0,161.0,0.1291,9,2517.0,0.2232,161.0,1081.0,18.0,2.9145,10.7916,0.298,742.0,0.0,0.591,high
37,203,122.0,113.0,0.0555,4,1217.0,0.1572,269.0,1997.0,4.0,1.4198,11.115,0.2561,377.0,0.0,0.627,medium
29,167,152.0,149.0,0.1096,9,1692.0,0.3498,157.0,1676.0,21.0,3.4837,16.3387,0.345,521.0,0.0,0.4119,high
21,110,178.0,93.0,0.0969,7,1884.0,0.3792,139.0,688.0,19.0,3.469,11.9943,0.3616,504.0,0.0,0.508,high
34,235,128.0,78.0,0.0466,4,1279.0,0.1696,303.0,2477.0,12.0,1.6761,10.9078,0.1703,456.0,0.0,0.7133,medium
42,244,101.0,94.0,0.0611,3,1274.0,0.2008,183.0,2174.0,14.0,2.4711,7.6258,0.139,342.0,0.0,0.7404,medium
39,258,103.0,103.0,0.0568,4,837.0,0.1833,350.0,1763.0,9.0,1.3568,9.5091,0.2561,438.0,0.0,0.6027,medium
43,251,124.0,105.0,0.0505,4,1393.0,0.1744,369.0,2284.0,16.0,2.0551,9.5538,0.1423,489.0,0.0,0.5848,medium
36,231,124.0,105.0,0.0456,3,1161.0,0.1687,239.0,1854.0,16.0,1.487,7.4145,0.2069,461.0,0.0,0.6692,medium
61,290,96.0,75.0,0.0222,1,675.0,0.0939,420.0,2975.0,7.0,1.0617,4.3673,0.0824,304.0,0.0,0.7099,low
25,158,158.0,181.0,0.1161,8,2229.0,0.3277,157.0,990.0,18.0,3.2139,17.7688,0.3622,720.0,0.0,0.2836,high
63,325,93.0,76.0,0.0087,1,853.0,0.0875,569.0,3382.0,7.0,0.4674,5.5649,0.0751,365.0,0.0,0.8274,low
21,166,142.0,144.0,0.1242,8,2620.0,0.2945,92.0,919.0,17.0,2.2393,10.3888,0.3585,564.0,0.0,0.5017,high
52,230,129.0,119.0,0.0521,2,1324.0,0.2303,340.0,1919.0,11.0,1.6647,10.3721,0.2492,416.0,0.0,0.6001,medium
31,36,163.0,126.0,0.1204,10,2249.0,0.3385,120.0,1264.0,19.0,2.4101,6.081,0.2286,658.0,0.0,0.2809,high
23,133,132.0,148.0,0.1556,7,1272.0,0.2198,162.0,1115.0,14.0,1.9053,17.3496,0.3164,1003.0,0.0,0.5038,high
66,354,104.0,62.0,0.0214,2,801.0,0.0726,362.0,2843.0,9.0,0.5493,5.3175,0.0751,287.0,0.0,0.7887,low
23,109,163.0,150.0,0.1321,9,2194.0,0.2472,174.0,1083.0,16.0,2.9395,16.3946,0.2818,567.0,0.0,0.3041,high
48,157,129.0,100.0,0.0524,2,1463.0,0.1193,212.0,1590.0,15.0,2.2153,9.7399,0.1451,397.0,0.0,0.6212,medium
64,269,83.0,83.0,0.0124,0,792.0,0.0671,462.0,3125.0,8.0,0.802,7.084,0.0854,241.0,0.0,0.7813,low
51,307,84.0,80.0,0.0144,2,780.0,0.0884,500.0,3144.0,8.0,1.1369,4.3546,0.0559,239.0,0.0,0.8545,low
17,90,172.0,139.0,0.084,5,2087.0,0.3816,89.0,777.0,19.0,2.0087,15.2182,0.2883,604.0,0.0,0.4638,high
43,120,183.0,161.0,0.1016,7,2151.0,0.3591,195.0,1058.0,13.0,3.0375,13.4697,0.5172,603.0,0.0,0.398,high
72,330,113.0,86.0,0.0127,1,990.0,0.1095,420.0,2767.0,10.0,0.8453,6.1886,0.0957,314.0,0.0,0.8056,low
64,302,79.0,78.0,0.0209,1,812.0,0.0806,408.0,2977.0,7.0,1.3487,4.0826,0.1102,376.0,0.0,0.8028,low
64,317,109.0,81.0,0.0133,2,940.0,0.0537,453.0,2980.0,5.0,1.1472,5.7797,0.0357,331.0,0.0,0.8391,low
49,305,98.0,76.0,0.0181,2,868.0,0.0716,406.0,2505.0,6.0,0.6631,5.1474,0.0598,261.0,0.0,0.8486,low
66,269,97.0,78.0,0.0283,2,835.0,0.0788,340.0,3601.0,10.0,1.3195,3.378,0.0431,328.0,0.0,0.7467,low
20,109,154.0,143.0,0.0854,6,1679.0,0.3133,127.0,827.0,14.0,1.0506,10.7822,0.3843,491.0,0.0,0.4536,high
63,273,122.0,81.0,0.0557,4,1511.0,0.228,263.0,2391.0,20.0,1.2026,9.166,0.184,553.0,0.0,0.616,medium
67,233,94.0,96.0,0.028,1,593.0,0.0643,412.0,3097.0,5.0,0.9957,5.0404,0.0771,271.0,0.0,0.8514,low
35,108,125.0,152.0,0.1125,7,1911.0,0.262,126.0,1105.0,15.0,3.2542,11.8257,0.3516,617.0,0.0,0.4233,high
30,136,158.0,156.0,0.1136,9,2211.0,0.3063,170.0,975.0,18.0,4.2102,11.2479,0.2399,525.0,0.0,0.5161,high
25,145,157.0,150.0,0.1253,7,2062.0,0.3335,149.0,650.0,21.0,4.7725,19.2542,0.3593,737.0,0.0,0.4248,high
21,131,153.0,139.0,0.1298,8,2154.0,0.3337,168.0,1083.0,18.0,3.1363,7.5696,0.4318,636.0,0.0,0.429,high
52,308,100.0,64.0,0.0154,2,889.0,0.0678,412.0,3288.0,7.0,0.6972,6.4928,0.0667,267.0,0.0,0.8145,low
58,227,137.0,103.0,0.0509,3,1664.0,0.1824,316.0,1830.0,7.0,2.0959,7.4246,0.25,585.0,0.0,0.5831,medium
49,227,102.0,100.0,0.066,3,1434.0,0.1527,323.0,2319.0,10.0,0.9294,6.9641,0.1772,270.0,0.0,0.5918,medium
53,229,105.0,108.0,0.0515,3,1590.0,0.1973,296.0,2264.0,10.0,1.9053,6.0992,0.1247,534.0,0.0,0.7835,medium
25,100,182.0,171.0,0.1445,8,2424.0,0.3312,167.0,1748.0,21.0,2.8173,16.7431,0.3219,651.0,0.0,0.3742,high
23,113,157.0,139.0,0.1378,7,1926.0,0.241,129.0,986.0,23.0,3.3364,11.225,0.3698,433.0,0.0,0.3784,high
50,225,128.0,94.0,0.0616,2,1503.0,0.2,192.0,2510.0,14.0,1.4869,10.8609,0.196,413.0,0.0,0.6215,medium
64,296,79.0,87.0,0.0085,1,678.0,0.1047,360.0,4020.0,8.0,1.2851,6.5375,0.0555,284.0,0.0,0.8795,low
53,189,125.0,89.0,0.0707,4,1249.0,0.2272,335.0,1454.0,10.0,2.2165,9.0703,0.1505,536.0,0.0,0.6804,medium
63,317,95.0,83.0,0.0367,1,723.0,0.0468,408.0,3113.0,8.0,1.2815,3.1953,0.0651,335.0,0.0,0.8328,low
73,331,105.0,78.0,0.0072,1,866.0,0.1224,392.0,4045.0,8.0,0.6748,3.5988,0.0514,354.0,0.0,0.8574,low
13,100,130.0,145.0,0.1237,6,2881.0,0.2722,169.0,1253.0,18.0,4.0691,9.8756,0.3293,866.0,0.0,0.4485,high
20,142,155.0,100.0,0.1152,7,2038.0,0.3008,155.0,1168.0,11.0,3.1995,16.0001,0.3166,721.0,0.0,0.4052,high
30,87,150.0,124.0,0.099,8,2770.0,0.367,89.0,886.0,24.0,2.37,13.4153,0.3691,594.0,0.0,0.3461,high
37,195,132.0,108.0,0.0519,3,1182.0,0.1771,252.0,1561.0,15.0,1.0723,8.4603,0.195,396.0,0.0,0.6295,medium
50,251,130.0,86.0,0.0717,2,1598.0,0.1758,355.0,2007.0,13.0,2.6243,10.388,0.2114,368.0,0.0,0.6226,medium
29,132,127.0,113.0,0.0393,3,1445.0,0.2353,445.0,1999.0,16.0,1.865,6.25,0.1082,400.0,0.0,0.8231,medium
47,178,98.0,107.0,0.0507,3,1103.0,0.1749,354.0,1977.0,9.0,1.9729,6.4847,0.2599,450.0,0.0,0.6603,medium
21,136,196.0,145.0,0.1024,6,3089.0,0.2507,150.0,1509.0,17.0,2.9912,8.154,0.2049,855.0,0.0,0.5468,high
51,225,125.0,135.0,0.0462,4,977.0,0.1717,231.0,2304.0,10.0,2.7658,8.9839,0.1345,513.0,0.0,0.7158,medium
48,332,102.0,77.0,0.0129,2,785.0,0.0999,385.0,3348.0,7.0,1.3168,8.1584,0.1083,327.0,0.0,0.7424,low
43,315,114.0,136.0,0.0524,3,1037.0,0.1906,295.0,1623.0,12.0,1.8394,6.4535,0.2095,269.0,0.0,0.5839,medium
51,230,89.0,118.0,0.0501,5,1594.0,0.1662,198.0,1805.0,6.0,1.6949,8.5909,0.166,484.0,0.0,0.6579,medium
50,317,88.0,95.0,0.0162,1,1045.0,0.0688,432.0,3346.0,10.0,0.8594,7.2802,0.0631,344.0,0.0,0.8314,low
36,253,77.0,121.0,0.0692,2,1330.0,0.1305,405.0,1536.0,12.0,1.6297,12.3263,0.1355,438.0,0.0,0.6564,medium
31,131,150.0,136.0,0.1109,10,3001.0,0.2788,178.0,1546.0,14.0,1.7421,14.2699,0.3435,622.0,0.0,0.383,high
28,100,143.0,167.0,0.1251,6,1549.0,0.2703,175.0,867.0,21.0,3.5217,15.3647,0.3081,466.0,0.0,0.3999,high
27,127,135.0,126.0,0.0721,9,2407.0,0.2452,131.0,1063.0,22.0,3.318,16.3243,0.3821,599.0,0.0,0.3941,high
61,262,90.0,73.0,0.0116,1,972.0,0.0787,338.0,3693.0,10.0,0.9118,5.084,0.0543,275.0,0.0,0.8539,low
32,149,136.0,123.0,0.0923,7,2217.0,0.2555,181.0,855.0,15.0,2.6058,8.9259,0.3775,351.0,0.0,0.4563,high
48,342,82.0,90.0,0.0278,2,770.0,0.1053,403.0,2850.0,5.0,1.0805,4.9139,0.1285,363.0,0.0,0.8032,low
11,129,157.0,138.0,0.1391,7,2699.0,0.374,171.0,956.0,19.0,2.2381,14.664,0.2614,732.0,0.0,0.4556,high
67,284,114.0,53.0,0.0195,1,646.0,0.0712,483.0,3122.0,8.0,0.3758,2.3734,0.0668,358.0,0.0,0.8112,low
24,71,133.0,200.0,0.1299,9,2045.0,0.3791,184.0,952.0,13.0,3.2475,17.1045,0.2638,625.0,0.0,0.4554,high
20,168,149.0,120.0,0.1298,8,1409.0,0.2833,248.0,1030.0,18.0,3.7835,15.5193,0.3805,777.0,0.0,0.4056,high
45,245,123.0,70.0,0.0164,1,720.0,0.1038,477.0,3813.0,8.0,0.69,5.4809,0.0882,280.0,0.0,0.8632,low
66,292,96.0,76.0,0.0148,1,1038.0,0.0813,398.0,2822.0,11.0,0.8034,3.5289,0.0682,260.0,0.0,0.9257,low
59,289,98.0,79.0,0.0162,2,735.0,0.0906,432.0,2887.0,7.0,0.9159,6.1307,0.0629,344.0,0.0,0.8642,low
43,192,115.0,114.0,0.0797,5,1569.0,0.1581,315.0,2113.0,16.0,1.8477,6.5739,0.241,497.0,0.0,0.7041,medium
44,243,137.0,120.0,0.0438,2,1834.0,0.2353,235.0,2007.0,15.0,1.809,10.6466,0.1945,382.0,0.0,0.5326,medium
49,205,113.0,115.0,0.0635,2,1393.0,0.1207,398.0,2131.0,11.0,2.1566,7.8538,0.1654,415.0,0.0,0.5238,medium
35,182,133.0,138.0,0.0549,2,1308.0,0.1714,362.0,2712.0,12.0,2.0905,5.9454,0.1474,408.0,0.0,0.7364,medium
51,337,114.0,74.0,0.0232,2,737.0,0.1194,299.0,3337.0,8.0,0.2771,2.3202,0.0518,274.0,0.0,0.8047,low
30,144,153.0,173.0,0.1186,9,2458.0,0.3788,159.0,727.0,24.0,2.2449,15.5346,0.317,369.0,0.0,0.2978,high
33,135,167.0,118.0,0.1353,8,2495.0,0.2785,196.0,1159.0,20.0,4.1637,15.2107,0.3009,722.0,0.0,0.5284,high
56,295,81.0,91.0,0.0182,1,737.0,0.1142,386.0,3086.0,10.0,0.9131,3.2794,0.0443,318.0,0.0,0.7866,low
34,244,119.0,104.0,0.0572,5,1463.0,0.203,164.0,2637.0,13.0,1.5721,9.8067,0.2534,374.0,0.0,0.7793,medium
24,122,147.0,146.0,0.139,7,1700.0,0.3812,177.0,1253.0,19.0,3.8712,11.8286,0.4268,647.0,0.0,0.3915,high
47,224,110.0,110.0,0.0429,4,1325.0,0.1703,259.0,1953.0,15.0,2.5273,9.0018,0.146,305.0,0.0,0.5657,medium
65,310,108.0,81.0,0.0181,1,817.0,0.113,477.0,3601.0,9.0,1.0954,5.1758,0.0611,213.0,0.0,0.8138,low
66,269,98.0,51.0,0.0222,1,885.0,0.0731,454.0,3283.0,8.0,0.6976,4.006,0.0733,297.0,0.0,0.8091,low
50,308,99.0,85.0,0.0097,2,709.0,0.0952,333.0,2545.0,12.0,0.8166,3.7695,0.0816,288.0,0.0,0.8669,low
24,137,186.0,125.0,0.1511,6,1843.0,0.3581,241.0,787.0,14.0,3.3444,15.924,0.3354,795.0,0.0,0.2929,high
22,125,166.0,160.0,0.1295,5,1820.0,0.289,174.0,1111.0,16.0,1.5466,15.8398,0.424,749.0,0.0,0.4311,high
61,251,95.0,86.0,0.0133,1,892.0,0.0542,662.0,2339.0,8.0,0.8605,4.4403,0.0715,381.0,0.0,0.8175,low
48,220,105.0,132.0,0.0489,4,957.0,0.2338,327.0,1667.0,14.0,2.2693,8.5154,0.1759,310.0,0.0,0.6171,medium
46,251,107.0,121.0,0.0338,3,1595.0,0.2088,300.0,1966.0,11.0,1.8146,8.6855,0.1791,463.0,0.0,0.7323,medium
51,229,101.0,86.0,0.0315,1,1481.0,0.1442,260.0,2511.0,15.0,1.5102,7.8609,0.0896,322.0,0.0,0.7372,medium
19,114,173.0,143.0,0.1371,8,2116.0,0.4013,179.0,1314.0,13.0,2.9625,14.7397,0.2994,413.0,0.0,0.4429,high
59,323,109.0,76.0,0.0159,1,748.0,0.085,389.0,3770.0,6.0,1.0564,7.5394,0.0943,258.0,0.0,0.84,low
69,311,83.0,86.0,0.0135,1,684.0,0.1123,551.0,3144.0,11.0,1.1483,2.701,0.0479,284.0,0.0,0.7947,low
57,264,76.0,90.0,0.0084,2,906.0,0.0818,473.0,3325.0,8.0,0.7205,4.2471,0.0783,277.0,0.0,0.8107,low
44,210,132.0,133.0,0.0664,4,1572.0,0.1655,331.0,2125.0,13.0,1.7935,9.3035,0.1798,312.0,0.0,0.7379,medium
64,357,110.0,71.0,0.0201,1,821.0,0.0612,438.0,3174.0,7.0,1.3778,4.2484,0.0482,349.0,0.0,0.8004,low
34,183,112.0,100.0,0.0372,4,1496.0,0.2505,344.0,2450.0,16.0,1.0274,8.0354,0.1457,405.0,0.0,0.631,medium
61,284,92.0,85.0,0.0186,1,947.0,0.1155,433.0,2792.0,11.0,0.878,6.4049,0.0651,272.0,0.0,0.7805,low
62,301,96.0,73.0,0.0136,1,848.0,0.0582,499.0,3081.0,8.0,0.8621,4.8625,0.0544,303.0,0.0,0.7542,low
42,233,135.0,130.0,0.07,4,997.0,0.2359,178.0,1993.0,12.0,0.2249,8.0407,0.1892,421.0,0.0,0.7371,medium
29,141,198.0,158.0,0.1106,6,2574.0,0.3106,139.0,798.0,17.0,2.5588,7.6925,0.3708,485.0,0.0,0.4909,high
35,148,142.0,143.0,0.1075,8,1976.0,0.4031,209.0,882.0,15.0,4.591,11.1806,0.4187,726.0,0.0,0.5059,high
74,345,104.0,83.0,0.0266,1,621.0,0.0599,445.0,2673.0,5.0,1.4991,4.716,0.0677,376.0,0.0,0.7597,low
37,199,110.0,94.0,0.0672,3,1629.0,0.2819,246.0,1547.0,11.0,1.7996,8.1644,0.174,475.0,0.0,0.6583,medium
64,353,76.0,94.0,0.0217,1,878.0,0.0903,425.0,2804.0,5.0,0.7591,6.2219,0.122,307.0,0.0,0.7813,low
48,358,109.0,75.0,0.0152,1,693.0,0.0819,453.0,3028.0,10.0,0.7123,3.1765,0.0715,336.0,0.0,0.8615,low
23,66,127.0,158.0,0.1059,8,2043.0,0.2662,144.0,785.0,25.0,2.6641,20.0966,0.3102,592.0,0.0,0.3608,high
34,196,138.0,107.0,0.0681,3,1612.0,0.1543,262.0,2419.0,11.0,1.3147,10.7913,0.1511,522.0,0.0,0.6822,medium
17,139,152.0,142.0,0.0903,7,2284.0,0.4009,131.0,1048.0,12.0,3.9365,12.6575,0.399,729.0,0.0,0.412,high
18,134,155.0,151.0,0.1334,7,2746.0,0.2946,202.0,666.0,12.0,3.9089,16.6741,0.3429,469.0,0.0,0.4129,high
60,288,95.0,83.0,0.0257,2,891.0,0.0833,438.0,3116.0,8.0,1.2463,4.5997,0.0704,268.0,0.0,0.8309,low
61,244,98.0,83.0,0.023,1,582.0,0.0713,427.0,3390.0,8.0,1.2929,2.5129,0.0695,247.0,0.0,0.7632,low
35,231,102.0,99.0,0.0631,3,1093.0,0.2142,304.0,2043.0,12.0,2.1775,9.6278,0.1775,431.0,0.0,0.694,medium
43,231,132.0,105.0,0.0542,3,1487.0,0.1693,268.0,1539.0,9.0,1.9327,10.0963,0.1877,299.0,0.0,0.5201,medium
26,98,149.0,182.0,0.0646,9,2220.0,0.226,177.0,806.0,13.0,3.3891,11.3059,0.2784,723.0,0.0,0.4059,high
50,214,147.0,114.0,0.0273,3,1148.0,0.1918,368.0,2337.0,12.0,1.4108,5.7796,0.1474,321.0,0.0,0.582,medium
45,220,118.0,117.0,0.0834,4,850.0,0.1766,312.0,1976.0,9.0,2.0741,8.368,0.0906,529.0,0.0,0.7289,medium
28,86,149.0,135.0,0.0905,8,2209.0,0.2659,233.0,1050.0,14.0,4.678,12.2525,0.3562,426.0,0.0,0.4334,high
70,313,98.0,82.0,0.0217,2,671.0,0.0597,384.0,3101.0,9.0,1.2388,5.7863,0.0534,255.0,0.0,0.7865,low
66,277,92.0,97.0,0.0379,3,1026.0,0.0734,437.0,4162.0,6.0,0.8605,4.1117,0.0402,172.0,0.0,0.8072,low
25,169,167.0,160.0,0.1284,6,1990.0,0.3314,144.0,1560.0,20.0,1.5381,16.8626,0.397,513.0,0.0,0.3362,high
65,289,95.0,49.0,0.0101,1,543.0,0.0776,402.0,3411.0,10.0,1.3117,7.1655,0.0742,266.0,0.0,0.8779,low
66,316,100.0,81.0,0.019,1,793.0,0.091,372.0,3122.0,8.0,1.2381,5.2644,0.0566,276.0,0.0,0.8064,low
69,319,122.0,77.0,0.0092,1,613.0,0.0894,426.0,2939.0,8.0,1.102,2.9039,0.0809,285.0,0.0,0.7229,low
29,112,164.0,149.0,0.1009,8,2054.0,0.2957,176.0,741.0,18.0,2.9727,13.1198,0.2918,474.0,0.0,0.3179,high
17,86,135.0,145.0,0.1579,8,1287.0,0.4542,167.0,980.0,18.0,3.6569,14.0014,0.3503,544.0,0.0,0.3949,high
25,94,158.0,153.0,0.1297,8,2163.0,0.2141,196.0,1286.0,20.0,3.1088,15.9654,0.425,721.0,0.0,0.3462,high
56,228,120.0,95.0,0.0765,4,1411.0,0.183,294.0,2189.0,14.0,2.1843,7.3559,0.1999,453.0,0.0,0.6955,medium
60,242,105.0,66.0,0.008,2,909.0,0.0649,402.0,3400.0,8.0,0.9114,4.3664,0.0938,273.0,0.0,0.7987,low
45,227,87.0,81.0,0.0597,4,1246.0,0.1999,266.0,2092.0,9.0,2.4463,7.9889,0.1899,441.0,0.0,0.6256,medium
17,99,139.0,151.0,0.1021,10,2070.0,0.3324,71.0,1152.0,16.0,2.8877,13.9643,0.4609,671.0,0.0,0.4181,high
62,308,99.0,61.0,0.0234,1,955.0,0.0981,443.0,3251.0,11.0,1.3009,3.6211,0.0521,229.0,0.0,0.752,low
22,131,160.0,148.0,0.1464,7,2065.0,0.302,202.0,869.0,15.0,3.3052,13.1114,0.3882,478.0,0.0,0.3114,high
20,103,137.0,161.0,0.0965,6,2224.0,0.3327,188.0,1246.0,18.0,3.2378,14.2509,0.3522,724.0,0.0,0.48,high
27,143,135.0,107.0,0.0951,7,1243.0,0.3749,114.0,842.0,26.0,2.8217,17.0831,0.4938,456.0,0.0,0.4889,high
41,295,92.0,105.0,0.0101,0,739.0,0.0524,461.0,2688.0,7.0,0.7238,6.2621,0.081,277.0,0.0,0.8432,low
69,299,106.0,88.0,0.0183,1,877.0,0.0675,420.0,3273.0,8.0,0.5315,5.4498,0.0335,315.0,0.0,0.8234,low
42,222,107.0,100.0,0.0618,3,1263.0,0.1481,243.0,2435.0,5.0,1.1546,8.8583,0.1422,302.0,0.0,0.6143,medium
25,152,156.0,108.0,0.129,8,1723.0,0.2979,138.0,1025.0,20.0,3.7381,14.4541,0.3413,489.0,0.0,0.4115,high
18,122,153.0,171.0,0.0985,8,2678.0,0.3167,154.0,1139.0,20.0,4.0175,15.3335,0.314,750.0,0.0,0.4325,high
67,397,82.0,64.0,0.0178,0,880.0,0.0833,555.0,3481.0,6.0,1.0621,2.5906,0.0761,333.0,0.0,0.8336,low
75,379,90.0,86.0,0.0142,1,671.0,0.0808,285.0,3918.0,9.0,0.9182,11.2269,0.0968,239.0,0.0,0.8185,low
25,125,151.0,108.0,0.098,5,2044.0,0.3159,112.0,1204.0,21.0,3.9471,16.3838,0.3211,485.0,0.0,0.4315,high
24,128,132.0,158.0,0.1379,6,2318.0,0.3966,179.0,1232.0,23.0,3.2522,12.5619,0.2924,600.0,0.0,0.375,high
61,322,85.0,79.0,0.0256,1,939.0,0.0688,497.0,2828.0,9.0,1.4185,2.9372,0.0655,327.0,0.0,0.8569,low
23,66,164.0,167.0,0.1003,7,3139.0,0.1822,147.0,869.0,22.0,2.6143,14.2117,0.2298,465.0,0.0,0.4796,high
53,314,107.0,73.0,0.0214,2,674.0,0.0816,463.0,2776.0,5.0,1.681,2.3253,0.081,278.0,0.0,0.7235,low
40,204,133.0,115.0,0.0393,3,1845.0,0.1449,252.0,2642.0,11.0,1.8733,7.9969,0.1741,403.0,0.0,0.653,medium
49,165,131.0,111.0,0.0533,4,1067.0,0.2182,229.0,2421.0,13.0,1.0598,8.7421,0.1382,416.0,0.0,0.5799,medium
49,250,117.0,94.0,0.075,4,1522.0,0.1532,240.0,1913.0,8.0,1.2693,10.793,0.1081,395.0,0.0,0.5176,medium
22,113,139.0,141.0,0.1119,6,1683.0,0.3015,166.0,1033.0,20.0,3.5716,17.4211,0.2403,488.0,0.0,0.4643,high
44,257,116.0,122.0,0.0647,5,797.0,0.1874,294.0,1560.0,14.0,1.2939,11.309,0.1088,442.0,0.0,0.8087,medium
27,127,138.0,156.0,0.1173,6,2253.0,0.3941,167.0,1430.0,26.0,4.7346,15.1628,0.3183,490.0,0.0,0.3956,high
46,165,113.0,81.0,0.0529,4,1620.0,0.1732,274.0,2400.0,17.0,1.3083,9.9415,0.1569,470.0,0.0,0.6027,medium
27,144,134.0,128.0,0.0864,5,1344.0,0.3367,138.0,1728.0,15.0,3.5839,7.6898,0.3401,742.0,0.0,0.3165,high
51,229,102.0,97.0,0.0628,3,849.0,0.1656,310.0,1951.0,12.0,1.2221,9.0894,0.0992,371.0,0.0,0.703,medium
51,202,118.0,105.0,0.0243,4,1445.0,0.2052,247.0,1990.0,10.0,1.6461,14.781,0.1257,335.0,0.0,0.5938,medium
64,305,90.0,79.0,0.0267,1,1004.0,0.0827,368.0,2768.0,9.0,0.4756,5.0946,0.0568,215.0,0.0,0.8064,low
54,331,107.0,87.0,0.0116,2,808.0,0.064,409.0,1910.0,8.0,1.206,6.6112,0.0552,359.0,0.0,0.8379,low
47,196,118.0,90.0,0.0473,3,1557.0,0.1916,340.0,1435.0,14.0,2.8599,14.5938,0.1647,207.0,0.0,0.5779,medium
35,118,146.0,183.0,0.1023,5,2405.0,0.2101,124.0,894.0,17.0,3.8203,16.5953,0.2686,432.0,0.0,0.2785,high
50,238,118.0,82.0,0.0244,1,1297.0,0.0521,401.0,3278.0,10.0,0.6104,3.521,0.0838,268.0,0.0,0.8035,low
42,262,76.0,76.0,0.0162,1,955.0,0.0793,526.0,2824.0,6.0,0.6967,5.1088,0.0983,324.0,0.0,0.8792,low
41,185,126.0,103.0,0.0923,2,1489.0,0.1053,381.0,1895.0,11.0,1.4868,7.355,0.1504,576.0,0.0,0.567,medium
60,313,92.0,90.0,0.0071,1,886.0,0.0842,439.0,3110.0,11.0,0.6923,5.3481,0.0679,230.0,0.0,0.7655,low
32,172,125.0,134.0,0.0931,9,2002.0,0.291,217.0,811.0,13.0,2.8263,11.107,0.3389,583.0,0.0,0.4918,high
40,279,155.0,91.0,0.0716,4,1420.0,0.1784,319.0,2117.0,15.0,1.2805,7.3403,0.1319,189.0,0.0,0.6345,medium
42,223,95.0,95.0,0.0871,4,1097.0,0.1559,299.0,2047.0,10.0,1.9113,7.0715,0.1869,280.0,0.0,0.5033,medium
24,124,168.0,137.0,0.1172,6,1780.0,0.2732,181.0,1477.0,19.0,3.4176,14.0571,0.3137,549.0,0.0,0.4,high
44,186,103.0,109.0,0.0647,3,1263.0,0.2048,239.0,2376.0,13.0,1.256,7.2754,0.185,465.0,0.0,0.7398,medium
22,72,160.0,148.0,0.1426,10,2839.0,0.3154,189.0,1181.0,26.0,3.9991,14.2714,0.3579,543.0,0.0,0.3236,high
36,212,113.0,119.0,0.0701,3,1173.0,0.1275,260.0,2227.0,13.0,1.5368,6.7256,0.1192,338.0,0.0,0.6434,medium
21,146,147.0,145.0,0.0687,7,1556.0,0.2327,128.0,1201.0,19.0,2.833,9.6055,0.3738,370.0,0.0,0.2533,high
41,224,119.0,116.0,0.0318,2,1310.0,0.1269,335.0,1768.0,9.0,1.3565,10.6613,0.1528,482.0,0.0,0.5425,medium
47,199,136.0,118.0,0.0809,3,1527.0,0.2041,252.0,2140.0,10.0,2.1445,12.7946,0.1691,440.0,0.0,0.7213,medium
26,99,129.0,164.0,0.1121,8,2682.0,0.4134,128.0,751.0,22.0,1.8699,13.3438,0.3942,705.0,0.0,0.313,high
27,81,152.0,119.0,0.1201,6,2630.0,0.3245,177.0,1517.0,20.0,2.6002,7.5254,0.3837,711.0,0.0,0.3702,high
39,217,112.0,97.0,0.0656,3,1202.0,0.095,300.0,2094.0,12.0,1.583,11.609,0.2306,417.0,0.0,0.8018,medium
19,107,130.0,153.0,0.115,8,2692.0,0.3289,187.0,1395.0,19.0,1.7921,20.4038,0.3378,354.0,0.0,0.4314,high
40,227,124.0,100.0,0.0603,3,1271.0,0.183,172.0,3148.0,14.0,2.0013,11.8556,0.155,233.0,0.0,0.6123,medium
63,297,107.0,111.0,0.0295,2,892.0,0.0815,351.0,3177.0,9.0,1.2568,6.3393,0.039,325.0,0.0,0.8433,low
20,92,197.0,131.0,0.1179,8,2800.0,0.3129,183.0,1310.0,20.0,2.6959,14.2424,0.3063,423.0,0.0,0.4386,high
20,114,134.0,144.0,0.1281,5,2483.0,0.29,111.0,1242.0,11.0,2.1868,17.3605,0.3336,675.0,0.0,0.3278,high
30,222,119.0,87.0,0.0694,3,1093.0,0.2134,192.0,2535.0,7.0,1.3507,9.9044,0.1707,370.0,0.0,0.5288,medium
60,261,111.0,80.0,0.0161,2,810.0,0.0713,509.0,3392.0,7.0,0.8355,5.8354,0.1036,294.0,0.0,0.8142,low
52,319,84.0,88.0,0.0245,0,804.0,0.1154,390.0,2889.0,9.0,1.1006,3.8224,0.0756,331.0,0.0,0.7371,low
44,253,121.0,95.0,0.0677,2,1466.0,0.0957,380.0,1953.0,14.0,1.3396,7.7704,0.2154,414.0,0.0,0.5689,medium
16,116,121.0,131.0,0.1057,7,1937.0,0.2953,140.0,904.0,20.0,3.8914,10.6044,0.4439,660.0,0.0,0.4416,high
61,329,107.0,75.0,0.019,3,927.0,0.0739,412.0,2620.0,5.0,0.5848,5.026,0.0659,194.0,0.0,0.8552,low
22,101,165.0,136.0,0.0916,9,1966.0,0.3372,152.0,1034.0,16.0,2.5815,18.3597,0.3513,504.0,0.0,0.5004,high
47,186,106.0,123.0,0.073,3,1547.0,0.137,244.0,2358.0,11.0,1.2825,10.6983,0.1891,297.0,0.0,0.6345,medium
68,362,89.0,78.0,0.0224,1,738.0,0.0757,380.0,3759.0,10.0,0.8633,4.8646,0.0693,288.0,0.0,0.7988,low
19,122,163.0,157.0,0.13,5,2087.0,0.3794,197.0,836.0,15.0,3.2131,12.9657,0.3346,623.0,0.0,0.2672,high
52,277,78.0,72.0,0.0177,2,830.0,0.0877,375.0,3982.0,7.0,0.3695,6.792,0.0636,282.0,0.0,0.7478,low
23,111,171.0,151.0,0.1125,10,2870.0,0.3002,248.0,1042.0,11.0,2.4679,8.3453,0.2642,734.0,0.0,0.5436,high
22,106,174.0,166.0,0.1215,5,1892.0,0.2283,123.0,888.0,13.0,3.8118,14.8789,0.3893,760.0,0.0,0.2285,high
38,226,125.0,82.0,0.0666,3,1373.0,0.2068,263.0,2481.0,11.0,1.4818,9.4683,0.1735,529.0,0.0,0.7194,medium
58,315,66.0,87.0,0.0078,2,726.0,0.0593,422.0,3536.0,7.0,0.8656,8.3168,0.0474,284.0,0.0,0.8317,low
73,266,95.0,57.0,0.0266,2,638.0,0.0781,445.0,2814.0,9.0,1.4385,7.3675,0.0736,256.0,0.0,0.8788,low
26,90,146.0,144.0,0.0674,7,2355.0,0.3099,152.0,612.0,21.0,3.8376,10.6632,0.4422,476.0,0.0,0.467,high
33,264,127.0,122.0,0.0617,3,1213.0,0.1174,170.0,2502.0,11.0,0.7747,11.0511,0.2302,303.0,0.0,0.6726,medium
44,223,107.0,88.0,0.045,4,1515.0,0.2074,298.0,1728.0,9.0,1.3003,10.1852,0.1454,428.0,0.0,0.7447,medium
52,318,101.0,75.0,0.0177,0,896.0,0.067,415.0,3176.0,5.0,0.9905,5.1258,0.0664,321.0,0.0,0.7913,low
28,140,167.0,141.0,0.1114,8,2794.0,0.324,185.0,996.0,18.0,4.0947,10.8988,0.3522,605.0,0.0,0.4737,high
48,257,122.0,122.0,0.0733,4,1734.0,0.1517,352.0,2403.0,8.0,2.5626,8.1734,0.1124,396.0,0.0,0.562,medium
50,216,115.0,124.0,0.0594,4,1089.0,0.1676,384.0,2499.0,8.0,1.4617,9.5381,0.1963,453.0,0.0,0.6508,medium
38,242,122.0,97.0,0.0414,4,1448.0,0.1642,358.0,2282.0,11.0,1.967,5.153,0.1155,432.0,0.0,0.5808,medium
47,301,99.0,79.0,0.025,1,730.0,0.0792,479.0,3029.0,8.0,0.8025,4.9053,0.061,306.0,0.0,0.8309,low
32,122,134.0,133.0,0.097,8,2118.0,0.4016,127.0,857.0,15.0,4.2138,18.7484,0.3094,635.0,0.0,0.438,high
53,321,87.0,55.0,0.0151,0,884.0,0.0941,472.0,2982.0,10.0,1.2399,4.7159,0.0807,245.0,0.0,0.7842,low
55,196,139.0,117.0,0.0526,4,1283.0,0.1541,233.0,2271.0,6.0,3.2113,2.9091,0.1417,483.0,0.0,0.6675,medium
32,98,167.0,152.0,0.1242,6,1529.0,0.3572,191.0,605.0,20.0,3.5539,16.0623,0.3186,565.0,0.0,0.4132,high
47,389,77.0,89.0,0.0208,2,776.0,0.0539,354.0,3731.0,12.0,1.1896,5.0162,0.0534,253.0,0.0,0.8141,low
35,194,120.0,109.0,0.0464,4,1526.0,0.1658,292.0,1952.0,12.0,1.2323,10.9333,0.1272,316.0,0.0,0.7177,medium
21,137,163.0,143.0,0.1048,8,1423.0,0.2087,157.0,1566.0,21.0,3.5414,11.5285,0.2768,619.0,0.0,0.3432,high
40,173,94.0,110.0,0.0624,1,1170.0,0.1386,311.0,1960.0,9.0,1.6047,8.6154,0.1661,302.0,0.0,0.6538,medium
61,348,102.0,90.0,0.0073,1,796.0,0.0653,334.0,3645.0,10.0,0.6599,8.4893,0.0852,316.0,0.0,0.7849,low
68,317,94.0,87.0,0.0214,0,737.0,0.0766,465.0,2839.0,6.0,0.6943,4.6482,0.0538,349.0,0.0,0.8182,low
35,104,144.0,150.0,0.1266,8,1638.0,0.3707,228.0,1108.0,14.0,2.5619,16.0265,0.1961,539.0,0.0,0.3549,high
40,261,124.0,91.0,0.0483,3,1270.0,0.1824,261.0,2364.0,10.0,2.0589,10.1075,0.1432,445.0,0.0,0.6341,medium
63,271,89.0,68.0,0.0107,1,927.0,0.0811,390.0,2907.0,6.0,0.8505,4.6392,0.0558,375.0,0.0,0.8746,low
37,169,172.0,138.0,0.1618,6,1680.0,0.1803,204.0,1265.0,21.0,4.0028,14.8278,0.369,513.0,0.0,0.3681,high
53,285,92.0,66.0,0.0064,0,905.0,0.1214,412.0,3234.0,9.0,0.8426,4.9647,0.1033,232.0,0.0,0.8967,low
46,206,136.0,104.0,0.0642,3,663.0,0.1664,246.0,2195.0,15.0,1.5626,6.1545,0.1363,451.0,0.0,0.6277,medium
43,196,109.0,81.0,0.0515,4,1484.0,0.2218,347.0,2031.0,14.0,2.0315,9.3371,0.2057,444.0,0.0,0.7525,medium
34,146,121.0,110.0,0.0397,4,1625.0,0.1979,442.0,2095.0,14.0,1.5874,5.5601,0.1039,398.0,0.0,0.7064,medium
55,338,100.0,81.0,0.0305,2,1071.0,0.0559,498.0,2780.0,8.0,0.8222,5.1045,0.0619,272.0,0.0,0.7816,low
39,161,162.0,108.0,0.1087,7,2539.0,0.3334,164.0,875.0,12.0,3.1651,17.1661,0.3176,574.0,0.0,0.4703,high
29,86,154.0,166.0,0.1169,8,2118.0,0.254,183.0,1013.0,17.0,3.1217,15.3732,0.3125,458.0,0.0,0.5655,high
43,283,105.0,127.0,0.0478,3,1327.0,0.1646,384.0,2244.0,11.0,0.8912,7.8122,0.1754,322.0,0.0,0.6617,medium
17,120,146.0,155.0,0.1036,8,1748.0,0.2834,202.0,1057.0,14.0,2.5305,9.5895,0.4198,343.0,0.0,0.3838,high
34,207,120.0,113.0,0.0631,4,1359.0,0.1881,295.0,1716.0,12.0,1.6469,8.5276,0.1363,433.0,0.0,0.5918,medium
37,203,110.0,107.0,0.0612,4,1858.0,0.2085,305.0,2275.0,14.0,1.5595,7.2281,0.1434,345.0,0.0,0.5461,medium
35,162,176.0,131.0,0.149,7,1771.0,0.3497,130.0,1171.0,19.0,3.8916,10.6136,0.4216,695.0,0.0,0.3664,high
50,317,92.0,82.0,0.0235,2,939.0,0.066,370.0,2967.0,7.0,0.6829,3.7136,0.0603,203.0,0.0,0.7428,low
48,265,150.0,73.0,0.0519,4,1536.0,0.1358,305.0,1394.0,8.0,2.2092,9.9146,0.1611,511.0,0.0,0.68,medium
19,137,154.0,146.0,0.0453,6,1716.0,0.2972,153.0,813.0,16.0,3.3583,14.13,0.3246,609.0,0.0,0.4923,high
64,381,96.0,72.0,0.0146,0,549.0,0.0531,296.0,2877.0,7.0,1.5424,5.3573,0.0773,246.0,0.0,0.8214,low
21,113,148.0,149.0,0.1003,8,1529.0,0.3574,153.0,993.0,15.0,3.34,14.2963,0.3642,666.0,0.0,0.4054,high
44,243,111.0,112.0,0.0447,3,1343.0,0.2348,235.0,2352.0,11.0,1.2539,5.6377,0.1254,528.0,0.0,0.5992,medium
51,162,89.0,136.0,0.0785,3,1251.0,0.1155,337.0,1879.0,15.0,2.0029,8.4106,0.1585,489.0,0.0,0.6579,medium
51,269,115.0,108.0,0.0379,4,1727.0,0.1493,311.0,1918.0,11.0,2.4175,11.8584,0.1524,486.0,0.0,0.72,medium
25,115,153.0,133.0,0.1368,6,2236.0,0.4152,151.0,1283.0,18.0,2.7516,14.9476,0.3958,618.0,0.0,0.4765,high
32,158,133.0,146.0,0.056,6,1488.0,0.3664,177.0,1206.0,16.0,2.7729,15.9724,0.3885,674.0,0.0,0.4503,high
43,245,122.0,104.0,0.0455,4,1482.0,0.1555,231.0,2370.0,16.0,0.9857,10.561,0.1291,226.0,0.0,0.6815,medium
16,119,150.0,128.0,0.1104,4,2776.0,0.2338,112.0,1342.0,17.0,3.6701,11.4376,0.468,628.0,0.0,0.3467,high
55,245,77.0,54.0,0.0186,0,649.0,0.0826,445.0,3405.0,10.0,0.693,2.5848,0.0,297.0,0.0,0.762,low
52,191,108.0,91.0,0.0438,4,1404.0,0.1377,279.0,2100.0,10.0,1.4745,7.2266,0.0831,340.0,0.0,0.7761,medium
24,85,141.0,133.0,0.0928,9,1658.0,0.4108,213.0,1445.0,18.0,3.5754,15.0275,0.3093,448.0,0.0,0.3543,high
65,292,88.0,74.0,0.0225,0,828.0,0.0587,547.0,3573.0,5.0,0.8389,6.6345,0.0636,346.0,0.0,0.8317,low
36,64,179.0,116.0,0.1203,7,1340.0,0.3399,162.0,862.0,20.0,2.2101,15.8434,0.3399,675.0,0.0,0.348,high
65,305,98.0,74.0,0.0159,2,760.0,0.0509,306.0,3618.0,2.0,0.2932,5.0877,0.0862,168.0,0.0,0.7384,low
51,224,126.0,85.0,0.043,5,896.0,0.1632,341.0,2668.0,9.0,2.0192,11.4183,0.1572,345.0,0.0,0.6858,medium
30,217,119.0,114.0,0.0538,3,1529.0,0.2496,342.0,1739.0,16.0,1.9573,11.6945,0.2293,532.0,0.0,0.6524,medium
46,190,139.0,111.0,0.0496,4,1420.0,0.1509,290.0,1788.0,15.0,0.939,7.6052,0.212,387.0,0.0,0.7219,medium
52,293,83.0,68.0,0.0183,1,677.0,0.056,414.0,3404.0,7.0,0.668,6.2308,0.051,239.0,0.0,0.8177,low
53,255,96.0,85.0,0.0128,1,865.0,0.0856,463.0,2994.0,11.0,1.2892,4.7375,0.0277,276.0,0.0,0.7955,low
52,240,91.0,106.0,0.0582,4,1615.0,0.1785,333.0,1919.0,15.0,2.1191,8.1842,0.1411,542.0,0.0,0.6263,medium
65,310,88.0,88.0,0.0177,1,844.0,0.1093,541.0,3152.0,6.0,1.1869,4.1466,0.0446,281.0,0.0,0.7557,low
53,241,122.0,97.0,0.043,3,1460.0,0.185,363.0,1833.0,9.0,1.7405,10.04,0.1361,287.0,0.0,0.5652,medium
20,113,150.0,132.0,0.1023,9,1837.0,0.2984,176.0,1072.0,12.0,3.6311,10.7132,0.3728,491.0,0.0,0.4007,high
71,319,103.0,70.0,0.022,3,1269.0,0.0724,453.0,3337.0,11.0,0.9997,4.5543,0.0643,346.0,0.0,0.842,low
53,363,96.0,91.0,0.0267,1,811.0,0.0724,514.0,3539.0,8.0,0.6245,8.2313,0.071,209.0,0.0,0.7982,low
55,330,95.0,77.0,0.0158,1,749.0,0.0705,466.0,3369.0,8.0,0.908,4.9705,0.0996,170.0,0.0,0.7898,low
67,277,86.0,64.0,0.0233,3,905.0,0.0722,423.0,2609.0,2.0,0.9347,3.8041,0.0554,314.0,0.0,0.8204,low
20,135,185.0,149.0,0.1074,9,2237.0,0.3572,152.0,1200.0,24.0,4.0822,11.3539,0.3718,710.0,0.0,0.4402,high
40,247,102.0,94.0,0.0607,5,1352.0,0.161,305.0,2316.0,9.0,2.83,7.534,0.1199,275.0,0.0,0.6102,medium
59,295,103.0,73.0,0.0206,0,837.0,0.071,413.0,3064.0,9.0,0.7211,3.8636,0.0909,334.0,0.0,0.8181,low
40,136,105.0,80.0,0.1137,7,2499.0,0.3184,166.0,1120.0,15.0,2.1254,15.7523,0.3,545.0,0.0,0.4475,high
44,191,100.0,89.0,0.0619,3,1396.0,0.2001,281.0,1948.0,12.0,0.964,8.4059,0.199,467.0,0.0,0.6534,medium
50,381,82.0,88.0,0.0202,1,888.0,0.0508,368.0,3206.0,7.0,0.6678,3.794,0.0663,295.0,0.0,0.8278,low
43,186,136.0,117.0,0.0619,3,1305.0,0.1637,243.0,2189.0,14.0,2.1803,8.3492,0.1711,335.0,0.0,0.6792,medium
52,171,136.0,110.0,0.0547,3,1050.0,0.1821,280.0,2099.0,12.0,2.3575,9.7751,0.2208,220.0,0.0,0.6173,medium
79,295,92.0,93.0,0.0219,2,1062.0,0.0815,351.0,3389.0,10.0,0.884,3.6272,0.0583,269.0,0.0,0.8862,low
23,92,161.0,133.0,0.1012,7,1352.0,0.4168,218.0,1298.0,20.0,3.1043,17.8909,0.2885,684.0,0.0,0.3698,high
39,205,111.0,134.0,0.0416,4,1218.0,0.1446,315.0,1855.0,17.0,2.198,10.7398,0.1828,584.0,0.0,0.6625,medium
46,196,91.0,86.0,0.0428,5,1620.0,0.1887,300.0,2049.0,20.0,2.1394,6.7567,0.23,489.0,0.0,0.6319,medium
65,362,96.0,80.0,0.0136,2,680.0,0.1005,455.0,3533.0,7.0,0.9569,5.0452,0.0773,282.0,0.0,0.8706,low
63,314,96.0,82.0,0.0248,1,822.0,0.0732,432.0,2902.0,8.0,0.8648,5.5553,0.0856,296.0,0.0,0.9179,low
23,149,161.0,149.0,0.1339,7,2188.0,0.3001,109.0,1223.0,12.0,3.8436,17.7709,0.3783,703.0,0.0,0.3873,high
26,90,130.0,146.0,0.0571,5,2396.0,0.2323,142.0,1264.0,19.0,2.9173,12.4801,0.3698,549.0,0.0,0.4874,high
53,335,67.0,81.0,0.0108,2,735.0,0.0969,456.0,3000.0,10.0,0.6471,2.395,0.0577,251.0,0.0,0.7727,low
59,297,97.0,79.0,0.0134,1,404.0,0.0709,375.0,3337.0,8.0,0.8304,2.8381,0.0523,281.0,0.0,0.8951,low
46,229,115.0,102.0,0.0588,3,1448.0,0.1629,283.0,2015.0,16.0,1.5971,7.1923,0.1742,349.0,0.0,0.6165,medium
19,139,132.0,185.0,0.0737,8,1191.0,0.3386,147.0,1077.0,21.0,3.589,16.1112,0.2941,673.0,0.0,0.2446,high
32,117,154.0,167.0,0.0726,7,2039.0,0.4303,208.0,1359.0,14.0,2.512,13.2241,0.3964,568.0,0.0,0.4197,high
38,188,125.0,105.0,0.0664,4,1202.0,0.2532,400.0,1587.0,12.0,1.366,9.046,0.1972,251.0,0.0,0.5649,medium
62,316,93.0,93.0,0.0229,2,738.0,0.0999,456.0,2658.0,10.0,0.8501,8.2775,0.0502,323.0,0.0,0.7888,low
70,277,77.0,102.0,0.0259,1,530.0,0.0616,541.0,2565.0,9.0,1.1009,4.5165,0.0508,215.0,0.0,0.7505,low
45,177,107.0,104.0,0.0592,3,1688.0,0.1784,349.0,2834.0,8.0,1.8704,8.0169,0.1658,315.0,0.0,0.7507,medium
64,350,92.0,60.0,0.0152,1,1116.0,0.0369,444.0,2882.0,8.0,1.2134,7.0031,0.1071,319.0,0.0,0.8066,low
52,293,105.0,94.0,0.0221,2,733.0,0.0709,412.0,3077.0,7.0,0.956,5.0277,0.0785,182.0,0.0,0.8205,low
45,195,125.0,96.0,0.0578,4,1521.0,0.2304,323.0,2350.0,10.0,1.0195,6.4087,0.1196,393.0,0.0,0.7551,medium
62,360,86.0,80.0,0.0163,1,1106.0,0.1092,533.0,3149.0,8.0,1.3758,3.813,0.0744,301.0,0.0,0.765,low
46,222,131.0,95.0,0.0703,4,1800.0,0.2372,323.0,2133.0,13.0,2.3636,10.9049,0.1273,387.0,0.0,0.6858,medium
46,217,139.0,90.0,0.0597,3,1246.0,0.2048,239.0,1586.0,15.0,2.735,10.3867,0.1705,377.0,0.0,0.627,medium
17,70,113.0,134.0,0.0743,7,2421.0,0.2685,176.0,667.0,15.0,2.68,13.9732,0.3195,877.0,0.0,0.5576,high
63,254,103.0,79.0,0.0042,1,572.0,0.0599,426.0,2937.0,9.0,1.3402,4.3047,0.0409,314.0,0.0,0.8404,low
74,303,90.0,92.0,0.0145,1,871.0,0.0821,395.0,3361.0,5.0,1.199,3.2025,0.094,262.0,0.0,0.8144,low
27,111,149.0,143.0,0.1096,7,2462.0,0.2047,127.0,973.0,20.0,0.3018,12.8827,0.3045,456.0,0.0,0.488,high
66,283,97.0,77.0,0.0107,2,884.0,0.088,401.0,3023.0,10.0,1.1449,6.0936,0.0729,316.0,0.0,0.8069,low
23,160,191.0,166.0,0.0892,8,2290.0,0.3316,148.0,1586.0,16.0,3.2897,12.6612,0.1493,454.0,0.0,0.4815,high
64,350,105.0,81.0,0.0203,1,895.0,0.0736,417.0,3071.0,11.0,0.8832,5.3386,0.0705,253.0,0.0,0.7392,low
62,308,92.0,84.0,0.0396,1,1047.0,0.0998,336.0,2491.0,7.0,0.7926,3.1331,0.0727,229.0,0.0,0.8196,low
69,324,82.0,74.0,0.0372,2,1037.0,0.0268,274.0,3093.0,8.0,0.9921,2.8343,0.0853,265.0,0.0,0.6768,low
64,271,99.0,106.0,0.0114,2,868.0,0.1016,316.0,3640.0,8.0,1.1796,3.2937,0.0844,397.0,0.0,0.6648,low
66,357,84.0,90.0,0.0278,0,867.0,0.0839,433.0,3149.0,6.0,0.9002,5.5025,0.0664,303.0,0.0,0.8373,low
52,322,113.0,70.0,0.0048,1,730.0,0.1111,428.0,2955.0,4.0,0.8382,6.912,0.0923,374.0,0.0,0.8394,low
41,196,165.0,121.0,0.0172,5,1232.0,0.1455,334.0,2097.0,14.0,0.473,6.8194,0.1454,442.0,0.0,0.6048,medium
24,96,125.0,167.0,0.1053,5,1741.0,0.32,193.0,886.0,16.0,1.6636,17.8803,0.2722,712.0,0.0,0.4701,high
48,237,120.0,114.0,0.0487,4,1531.0,0.2651,267.0,2039.0,9.0,1.6736,6.2233,0.1638,393.0,0.0,0.659,medium
52,198,109.0,103.0,0.0581,4,1144.0,0.1904,279.0,1736.0,11.0,2.0134,10.1655,0.2671,507.0,0.0,0.6565,medium
35,157,186.0,117.0,0.1464,10,2297.0,0.3558,156.0,1018.0,18.0,1.9243,10.3939,0.3434,541.0,0.0,0.3136,high
19,125,162.0,157.0,0.0529,6,1909.0,0.3774,149.0,933.0,20.0,4.5256,14.4309,0.373,640.0,0.0,0.4283,high
73,330,91.0,70.0,0.0195,1,888.0,0.0733,407.0,2675.0,7.0,0.6337,3.8239,0.0666,320.0,0.0,0.8613,low
24,140,173.0,118.0,0.0879,5,2881.0,0.3385,214.0,1193.0,18.0,2.4562,15.8898,0.3965,661.0,0.0,0.3681,high
64,302,84.0,71.0,0.0196,1,563.0,0.1022,499.0,3368.0,8.0,0.9568,4.5268,0.1092,373.0,0.0,0.7374,low
70,272,109.0,84.0,0.0023,2,899.0,0.0474,484.0,3333.0,9.0,1.2379,5.3654,0.0822,233.0,0.0,0.8078,low
38,228,127.0,116.0,0.0537,3,1278.0,0.2258,277.0,2743.0,13.0,2.0866,9.7759,0.2156,507.0,0.0,0.6998,medium
46,236,122.0,89.0,0.0794,4,1391.0,0.1618,237.0,1628.0,9.0,0.9056,8.315,0.1598,451.0,0.0,0.6276,medium
64,304,104.0,95.0,0.0118,1,919.0,0.1084,409.0,2846.0,8.0,1.2259,3.0213,0.1085,290.0,0.0,0.8527,low
24,125,146.0,125.0,0.082,5,2311.0,0.2465,182.0,1235.0,15.0,3.5271,11.4003,0.3146,728.0,0.0,0.4475,high
56,258,90.0,88.0,0.0241,1,905.0,0.0187,443.0,3057.0,6.0,0.9609,5.4076,0.0766,253.0,0.0,0.8659,low
50,222,136.0,131.0,0.0696,4,1681.0,0.2443,209.0,1871.0,10.0,1.9174,6.3691,0.19,501.0,0.0,0.8195,medium
61,324,90.0,84.0,0.023,2,1064.0,0.0799,481.0,2904.0,8.0,0.7291,6.9151,0.0615,251.0,0.0,0.7686,low
33,234,119.0,109.0,0.0178,4,1175.0,0.2254,319.0,2275.0,8.0,1.6059,5.6341,0.1494,470.0,0.0,0.5984,medium
54,251,120.0,116.0,0.052,3,1389.0,0.1686,317.0,2450.0,16.0,1.4062,8.9798,0.2047,324.0,0.0,0.539,medium
19,90,162.0,173.0,0.1293,9,2421.0,0.2748,127.0,719.0,20.0,3.6983,15.9506,0.3135,375.0,0.0,0.2269,high
25,85,133.0,133.0,0.0928,7,2308.0,0.3379,106.0,1267.0,18.0,3.0836,14.9771,0.3081,733.0,0.0,0.4011,high
16,92,160.0,172.0,0.1013,7,2052.0,0.1652,159.0,1392.0,15.0,3.5812,13.0264,0.4097,598.0,0.0,0.5109,high
50,217,119.0,105.0,0.0635,4,1332.0,0.1866,292.0,1755.0,6.0,2.0312,9.1255,0.1856,364.0,0.0,0.6327,medium
32,136,140.0,172.0,0.1272,9,1873.0,0.3558,107.0,1108.0,15.0,2.1713,18.6281,0.2883,635.0,0.0,0.4529,high
31,104,155.0,134.0,0.1215,10,2048.0,0.3086,111.0,1029.0,21.0,2.677,15.3818,0.4326,658.0,0.0,0.4037,high
21,141,144.0,141.0,0.1444,6,2480.0,0.2852,130.0,1174.0,8.0,3.1422,17.8981,0.4051,564.0,0.0,0.2473,high
31,136,154.0,156.0,0.1193,2,2095.0,0.3646,147.0,1012.0,19.0,4.119,14.5488,0.3491,627.0,0.0,0.3483,high
45,212,127.0,122.0,0.0443,3,726.0,0.1404,394.0,1738.0,14.0,2.0888,7.2059,0.0776,431.0,0.0,0.7703,medium
45,229,122.0,114.0,0.0654,3,1289.0,0.0776,301.0,2248.0,8.0,2.6513,11.0455,0.1546,444.0,0.0,0.6854,medium
24,102,144.0,115.0,0.0961,7,2290.0,0.3914,234.0,1370.0,11.0,2.7945,10.8411,0.3438,584.0,0.0,0.3472,high
44,213,123.0,115.0,0.0331,4,1230.0,0.1709,374.0,2260.0,16.0,1.2846,10.0824,0.2207,444.0,0.0,0.7071,medium
36,182,160.0,154.0,0.1209,5,2244.0,0.3448,132.0,864.0,20.0,1.7232,21.836,0.3562,456.0,0.0,0.4477,high
59,303,84.0,80.0,0.0166,0,644.0,0.0911,342.0,3361.0,11.0,0.7236,4.1069,0.0614,242.0,0.0,0.84,low
28,131,165.0,132.0,0.1249,5,1612.0,0.3325,162.0,1328.0,14.0,1.6112,14.9672,0.449,519.0,0.0,0.48,high
50,219,95.0,103.0,0.0231,1,950.0,0.0659,356.0,3756.0,10.0,1.2171,4.9372,0.0748,289.0,0.0,0.8503,low
50,238,112.0,126.0,0.0501,3,1374.0,0.2142,341.0,1928.0,12.0,1.1813,7.4015,0.2465,433.0,0.0,0.5391,medium
69,312,99.0,82.0,0.0124,0,696.0,0.0684,344.0,3000.0,8.0,0.7391,6.6206,0.0761,194.0,0.0,0.7923,low
85,342,93.0,79.0,0.0241,1,869.0,0.1163,499.0,3302.0,11.0,0.4885,5.0949,0.0575,273.0,0.0,0.8921,low
46,207,108.0,109.0,0.0591,4,1584.0,0.186,228.0,2065.0,10.0,1.7101,9.217,0.1284,530.0,0.0,0.5834,medium
51,217,142.0,105.0,0.0394,2,1632.0,0.1904,307.0,1591.0,13.0,1.4286,8.4218,0.0933,275.0,0.0,0.6466,medium
24,104,134.0,152.0,0.1071,7,2005.0,0.177,185.0,909.0,18.0,1.7715,10.465,0.2346,379.0,0.0,0.4318,high
33,193,135.0,103.0,0.0638,2,1256.0,0.1414,347.0,1991.0,18.0,2.0038,10.6527,0.2167,410.0,0.0,0.6538,medium
42,238,111.0,108.0,0.0596,4,1785.0,0.1353,282.0,2113.0,13.0,1.5802,12.3541,0.159,338.0,0.0,0.676,medium
26,155,154.0,176.0,0.1889,10,1366.0,0.3159,188.0,1183.0,17.0,3.6303,17.583,0.2952,736.0,0.0,0.4839,high
67,294,89.0,81.0,0.0256,1,972.0,0.074,471.0,3417.0,10.0,0.6756,3.8865,0.0283,294.0,0.0,0.8799,low
60,298,94.0,94.0,0.0008,0,833.0,0.0242,367.0,3674.0,6.0,1.1919,0.8172,0.0556,291.0,0.0,0.7904,low
21,139,154.0,120.0,0.0735,6,2778.0,0.289,169.0,861.0,17.0,3.3444,12.3707,0.2943,698.0,0.0,0.4315,high
37,236,123.0,121.0,0.0714,2,1772.0,0.1159,357.0,2519.0,15.0,1.3674,8.0397,0.1397,448.0,0.0,0.6033,medium
68,346,68.0,87.0,0.0227,1,350.0,0.0719,386.0,2977.0,10.0,0.743,2.8135,0.0558,244.0,0.0,0.8816,low
55,303,82.0,77.0,0.0175,1,825.0,0.0861,417.0,2809.0,6.0,0.9884,5.8784,0.0706,307.0,0.0,0.7791,low
29,151,178.0,167.0,0.0779,9,2222.0,0.4325,176.0,1040.0,22.0,3.1892,14.4479,0.3265,546.0,0.0,0.5995,high
34,207,101.0,126.0,0.0542,3,1146.0,0.133,306.0,2176.0,12.0,1.5667,7.9605,0.2027,610.0,0.0,0.7099,medium
27,124,169.0,133.0,0.1306,9,2512.0,0.3627,263.0,1009.0,16.0,3.1583,15.6462,0.3406,505.0,0.0,0.417,high
58,295,86.0,98.0,0.0108,1,754.0,0.0842,360.0,3408.0,10.0,1.0088,4.5477,0.0724,290.0,0.0,0.8183,low
44,249,92.0,121.0,0.0778,5,1089.0,0.1856,468.0,2340.0,12.0,1.4768,11.2507,0.2047,306.0,0.0,0.4556,medium
34,95,135.0,186.0,0.1293,7,2107.0,0.3425,97.0,1293.0,25.0,2.6152,11.5581,0.3928,751.0,0.0,0.4193,high
41,242,111.0,125.0,0.0501,4,1484.0,0.1568,240.0,2183.0,15.0,2.6176,7.7268,0.1861,449.0,0.0,0.6451,medium
61,311,88.0,88.0,0.0235,2,805.0,0.053,420.0,2506.0,7.0,1.0022,4.7889,0.0234,295.0,0.0,0.7748,low
36,150,133.0,165.0,0.1526,7,1694.0,0.3539,220.0,1208.0,12.0,4.1759,12.7837,0.3667,451.0,0.0,0.3835,high
66,309,74.0,77.0,0.0175,1,549.0,0.099,339.0,3057.0,10.0,1.2523,5.6208,0.0546,303.0,0.0,0.8008,low
47,232,111.0,126.0,0.0432,2,1407.0,0.2038,369.0,2521.0,16.0,1.7188,9.004,0.1512,584.0,0.0,0.6452,medium
41,243,115.0,92.0,0.0608,3,1474.0,0.1758,384.0,2819.0,13.0,2.2138,13.1878,0.1952,330.0,0.0,0.8363,medium
49,254,124.0,113.0,0.0676,3,1215.0,0.1576,337.0,2196.0,10.0,2.5676,11.3431,0.178,395.0,0.0,0.7444,medium
49,232,105.0,81.0,0.0512,4,1301.0,0.1969,423.0,2056.0,10.0,1.5781,9.9426,0.2021,392.0,0.0,0.6422,medium
18,82,143.0,117.0,0.1063,7,2610.0,0.2937,136.0,1440.0,17.0,2.8181,18.1901,0.3106,630.0,0.0,0.3661,high
20,129,189.0,132.0,0.1423,9,2383.0,0.283,158.0,861.0,18.0,2.1341,9.0936,0.235,630.0,0.0,0.4704,high
10,111,175.0,145.0,0.0799,8,1614.0,0.2849,125.0,1072.0,15.0,2.7726,12.4988,0.2128,851.0,0.0,0.3128,high
18,105,157.0,114.0,0.0921,10,1972.0,0.2974,136.0,1089.0,19.0,2.6224,13.527,0.3448,668.0,0.0,0.2998,high
32,157,169.0,159.0,0.0842,9,1949.0,0.2887,103.0,731.0,13.0,1.7606,9.3075,0.3454,622.0,0.0,0.4137,high
22,89,137.0,123.0,0.1036,6,1759.0,0.2369,156.0,1133.0,13.0,1.5325,10.3239,0.4019,614.0,0.0,0.2841,high
45,236,106.0,98.0,0.0481,3,1335.0,0.1709,415.0,1999.0,13.0,1.5882,5.1649,0.1699,293.0,0.0,0.634,medium
44,179,150.0,119.0,0.0483,3,1503.0,0.2025,206.0,1533.0,14.0,1.6666,7.1249,0.0927,411.0,0.0,0.6599,medium
28,117,173.0,127.0,0.0926,10,2634.0,0.3653,161.0,910.0,18.0,2.2407,10.8793,0.3691,544.0,0.0,0.5064,high
18,159,163.0,164.0,0.1053,6,2146.0,0.3287,136.0,1733.0,14.0,4.0119,14.5475,0.2658,397.0,0.0,0.3848,high
9,92,186.0,131.0,0.1306,6,2249.0,0.2703,257.0,1129.0,18.0,3.7605,17.2123,0.2902,725.0,0.0,0.4335,high
26,110,147.0,154.0,0.116,7,2745.0,0.1826,95.0,1065.0,22.0,3.5616,15.3311,0.3578,671.0,0.0,0.4444,high
17,192,153.0,170.0,0.1094,8,1848.0,0.193,196.0,1522.0,22.0,2.2699,15.8421,0.2889,566.0,0.0,0.4624,high
54,305,104.0,83.0,0.0201,1,821.0,0.0427,519.0,3058.0,6.0,1.2115,3.7748,0.0938,182.0,0.0,0.8366,low
62,375,103.0,62.0,0.0158,2,931.0,0.0784,399.0,3433.0,6.0,0.7175,1.575,0.0903,294.0,0.0,0.8906,low
76,353,90.0,90.0,0.0149,1,1001.0,0.0904,393.0,3202.0,10.0,1.0926,4.6693,0.0933,330.0,0.0,0.7507,low
28,143,139.0,142.0,0.1516,9,2497.0,0.198,138.0,1321.0,20.0,2.5779,15.1148,0.2621,689.0,0.0,0.2622,high
28,116,142.0,165.0,0.0955,8,2263.0,0.2769,181.0,923.0,23.0,3.2853,13.6087,0.4125,428.0,0.0,0.4543,high
73,325,92.0,78.0,0.0158,1,699.0,0.1014,420.0,3136.0,9.0,1.0112,6.1839,0.0478,279.0,0.0,0.789,low
32,138,152.0,115.0,0.1147,8,2043.0,0.3394,135.0,1553.0,14.0,2.3239,12.979,0.3872,637.0,0.0,0.4217,high
59,295,102.0,98.0,0.011,0,894.0,0.0,441.0,3524.0,4.0,1.2001,7.8932,0.0851,156.0,0.0,0.8395,low
23,118,174.0,172.0,0.1023,6,1817.0,0.3181,205.0,1375.0,20.0,3.1472,16.8155,0.3583,741.0,0.0,0.2987,high
39,286,116.0,123.0,0.0721,5,1164.0,0.2493,161.0,2387.0,12.0,2.8199,10.7292,0.2216,330.0,0.0,0.7982,medium
41,244,115.0,116.0,0.0563,4,1348.0,0.1597,257.0,2086.0,12.0,3.1036,8.9294,0.1191,469.0,0.0,0.5365,medium
23,173,169.0,154.0,0.1022,7,1329.0,0.3205,238.0,873.0,16.0,3.8363,18.5271,0.4793,501.0,0.0,0.3872,high
42,214,132.0,95.0,0.0559,3,1475.0,0.1878,318.0,1337.0,13.0,0.9669,8.4587,0.2605,373.0,0.0,0.588,medium
28,103,174.0,167.0,0.0999,7,2123.0,0.2674,162.0,988.0,18.0,2.667,16.0543,0.311,585.0,0.0,0.4043,high
47,189,110.0,87.0,0.0524,4,1141.0,0.1833,223.0,2731.0,7.0,1.6054,10.0845,0.145,367.0,0.0,0.6477,medium
29,147,152.0,153.0,0.1232,10,2150.0,0.2332,200.0,1339.0,16.0,2.6589,14.5497,0.3611,634.0,0.0,0.3755,high
17,122,123.0,150.0,0.0944,9,2676.0,0.2955,121.0,1029.0,15.0,2.7882,15.0222,0.3433,746.0,0.0,0.3179,high
47,235,128.0,112.0,0.0729,2,1505.0,0.147,315.0,2064.0,13.0,2.9042,9.6805,0.1451,417.0,0.0,0.6946,medium
23,121,151.0,121.0,0.0682,8,1637.0,0.3037,241.0,1490.0,12.0,2.0362,17.881,0.3188,643.0,0.0,0.3697,high
35,103,181.0,152.0,0.0981,9,1384.0,0.3839,193.0,1465.0,18.0,2.4608,10.694,0.4004,514.0,0.0,0.395,high
28,136,159.0,126.0,0.1435,8,2263.0,0.3299,199.0,1158.0,27.0,3.0851,7.7551,0.3087,708.0,0.0,0.3801,high
36,112,172.0,117.0,0.0683,7,2165.0,0.2755,145.0,1470.0,16.0,2.5263,14.4554,0.3681,592.0,0.0,0.5137,high
25,96,164.0,102.0,0.0648,7,1759.0,0.2235,117.0,1396.0,14.0,3.9578,11.8669,0.2909,555.0,0.0,0.2832,high
61,307,81.0,74.0,0.0336,2,953.0,0.0981,470.0,3301.0,8.0,1.0381,3.6131,0.0594,275.0,0.0,0.7929,low
52,326,96.0,74.0,0.0204,1,841.0,0.1051,395.0,3382.0,7.0,0.1958,1.7647,0.0946,337.0,0.0,0.7172,low
21,112,166.0,142.0,0.1184,4,1770.0,0.6224,40.0,1482.0,19.0,2.9232,12.4876,0.4161,720.0,0.0,0.5057,high
46,204,114.0,103.0,0.0577,2,1574.0,0.2042,438.0,1897.0,10.0,1.1155,11.0411,0.2044,565.0,0.0,0.6304,medium
30,126,129.0,130.0,0.0513,6,2454.0,0.2983,202.0,1258.0,15.0,3.6878,8.7667,0.3577,693.0,0.0,0.5033,high
38,188,134.0,120.0,0.0545,4,1670.0,0.2505,304.0,1820.0,15.0,2.0249,8.4995,0.2022,437.0,0.0,0.6468,medium
50,257,133.0,98.0,0.0621,2,1304.0,0.1921,263.0,2195.0,12.0,1.5546,4.9111,0.1385,343.0,0.0,0.7301,medium
65,271,81.0,67.0,0.0105,1,739.0,0.078,435.0,3515.0,12.0,1.144,1.5937,0.0918,322.0,0.0,0.8057,low
33,100,152.0,140.0,0.0898,7,1970.0,0.256,129.0,651.0,6.0,2.9804,13.2646,0.2149,534.0,0.0,0.4397,high
27,109,183.0,160.0,0.0813,7,2330.0,0.203,115.0,1323.0,15.0,2.8186,13.2363,0.3731,570.0,0.0,0.6309,high
22,112,128.0,184.0,0.1231,5,2565.0,0.1878,160.0,1180.0,16.0,3.0624,14.3563,0.2974,519.0,0.0,0.4814,high
38,154,140.0,167.0,0.0751,7,1961.0,0.3348,192.0,1020.0,12.0,3.3429,11.1469,0.3418,509.0,0.0,0.4324,high
54,303,100.0,72.0,0.0266,1,921.0,0.0693,409.0,2438.0,10.0,0.5425,3.2652,0.0872,279.0,0.0,0.8559,low
22,115,188.0,126.0,0.1007,9,2107.0,0.2194,84.0,1230.0,16.0,3.5422,13.4136,0.3032,595.0,0.0,0.2466,high
63,290,81.0,61.0,0.0095,0,823.0,0.0773,453.0,2806.0,7.0,1.1516,8.026,0.0755,306.0,0.0,0.8711,low
34,130,124.0,142.0,0.0737,9,2509.0,0.4199,199.0,1383.0,17.0,2.5459,20.6722,0.2763,1031.0,0.0,0.4072,high
64,296,98.0,77.0,0.0169,0,910.0,0.0936,404.0,3405.0,8.0,0.8667,6.979,0.0695,198.0,0.0,0.8628,low
26,145,137.0,146.0,0.0958,9,1316.0,0.3239,119.0,999.0,21.0,2.1629,18.3014,0.3481,715.0,0.0,0.4813,high
22,102,175.0,181.0,0.1016,5,2214.0,0.4236,204.0,1370.0,18.0,2.6829,11.7897,0.3037,787.0,0.0,0.4542,high
60,401,97.0,75.0,0.0149,2,779.0,0.0693,382.0,3855.0,12.0,0.6509,5.1959,0.0886,291.0,0.0,0.8714,low
26,95,163.0,161.0,0.0816,9,1982.0,0.3178,149.0,992.0,18.0,3.5582,18.0142,0.2191,564.0,0.0,0.3442,high
22,158,153.0,143.0,0.1017,10,2279.0,0.3077,115.0,1087.0,17.0,3.518,18.7524,0.3924,862.0,0.0,0.4497,high
45,156,112.0,117.0,0.0715,4,1867.0,0.2092,364.0,1836.0,8.0,2.2647,10.8829,0.0856,362.0,0.0,0.6933,medium
45,220,123.0,94.0,0.0512,3,1616.0,0.1523,359.0,2067.0,6.0,1.9916,8.4935,0.1702,405.0,0.0,0.7188,medium
62,271,103.0,84.0,0.0308,1,812.0,0.0727,401.0,3592.0,12.0,1.2067,4.3076,0.0379,265.0,0.0,0.7691,low
54,210,143.0,113.0,0.0467,3,2044.0,0.1438,343.0,2785.0,16.0,2.1835,15.6972,0.1299,402.0,0.0,0.5787,medium
64,258,98.0,83.0,0.0184,1,1053.0,0.0832,528.0,3618.0,5.0,0.8295,6.6283,0.0527,335.0,0.0,0.8296,low
35,194,99.0,115.0,0.0602,3,1323.0,0.1076,182.0,2888.0,16.0,1.8338,7.8994,0.1692,387.0,0.0,0.6873,medium
45,223,86.0,112.0,0.0401,4,1128.0,0.1254,264.0,2282.0,14.0,2.3,9.3019,0.1691,237.0,0.0,0.5349,medium
53,178,125.0,117.0,0.0431,3,1293.0,0.2485,296.0,2639.0,14.0,2.0446,10.796,0.1607,611.0,0.0,0.562,medium
11,130,177.0,144.0,0.1053,8,2490.0,0.2597,157.0,857.0,10.0,2.536,17.3113,0.4016,656.0,0.0,0.5794,high
70,258,78.0,80.0,0.0213,2,713.0,0.0742,445.0,3107.0,12.0,0.7556,2.6989,0.0604,332.0,0.0,0.9417,low
32,108,122.0,172.0,0.0852,6,2000.0,0.1647,207.0,1211.0,28.0,2.049,15.6875,0.2591,640.0,0.0,0.5248,high
57,310,78.0,82.0,0.0282,2,877.0,0.0845,416.0,3176.0,8.0,0.791,3.9939,0.086,329.0,0.0,0.8818,low
41,205,146.0,102.0,0.0845,4,1461.0,0.1748,344.0,2165.0,10.0,1.4336,6.1871,0.2279,222.0,0.0,0.6511,medium
36,121,144.0,162.0,0.1133,8,1833.0,0.2843,207.0,925.0,22.0,4.2694,13.3937,0.2988,693.0,0.0,0.3436,high
18,151,126.0,162.0,0.0587,5,2330.0,0.3293,155.0,1080.0,24.0,2.2449,16.4439,0.3352,549.0,0.0,0.5066,high
42,212,141.0,120.0,0.0579,3,1629.0,0.2196,263.0,2466.0,14.0,2.478,8.6489,0.1777,333.0,0.0,0.7944,medium
23,87,157.0,153.0,0.1365,8,1840.0,0.4359,124.0,1331.0,25.0,4.05,8.4686,0.4293,754.0,0.0,0.4166,high
53,298,99.0,74.0,0.0305,2,711.0,0.0509,338.0,3839.0,10.0,0.8015,5.7724,0.0732,300.0,0.0,0.7805,low
21,117,168.0,153.0,0.1156,9,2056.0,0.2963,230.0,1071.0,12.0,2.4555,18.4579,0.325,661.0,0.0,0.4216,high
32,138,127.0,159.0,0.0736,6,2226.0,0.3734,204.0,1024.0,24.0,3.1795,16.8707,0.3336,654.0,0.0,0.4237,high
59,309,82.0,73.0,0.0203,1,784.0,0.1081,454.0,3880.0,12.0,1.12,5.0871,0.0569,237.0,0.0,0.8532,low
22,138,134.0,111.0,0.0353,6,1596.0,0.2567,180.0,905.0,12.0,3.8295,13.6953,0.3109,596.0,0.0,0.3616,high
30,136,164.0,132.0,0.0904,6,1469.0,0.3991,240.0,1050.0,27.0,2.228,12.0959,0.1766,697.0,0.0,0.4761,high
24,76,199.0,160.0,0.0629,6,1796.0,0.3384,106.0,1136.0,17.0,3.5313,18.8626,0.3813,517.0,0.0,0.5159,high
48,230,136.0,113.0,0.0362,3,1198.0,0.1204,191.0,2646.0,13.0,2.5924,6.787,0.1398,455.0,0.0,0.6238,medium
63,329,80.0,62.0,0.0245,1,747.0,0.1174,446.0,3574.0,7.0,1.0048,4.7927,0.0791,305.0,0.0,0.8124,low
27,92,120.0,152.0,0.1144,5,1951.0,0.4051,135.0,1188.0,17.0,2.75,12.9363,0.3427,561.0,0.0,0.2807,high
55,277,102.0,102.0,0.0223,1,875.0,0.0667,380.0,3634.0,6.0,0.4093,5.6987,0.0513,216.0,0.0,0.9065,low
41,171,116.0,115.0,0.0387,3,1430.0,0.2226,314.0,2220.0,14.0,1.1809,8.185,0.1846,235.0,0.0,0.656,medium
21,130,150.0,159.0,0.0913,6,1838.0,0.2312,149.0,1305.0,24.0,2.8419,18.1753,0.3642,667.0,0.0,0.344,high
35,215,114.0,109.0,0.0766,4,965.0,0.1489,261.0,2039.0,9.0,2.6514,9.2799,0.132,383.0,0.0,0.6128,medium
27,105,157.0,144.0,0.0877,9,2236.0,0.3126,147.0,1076.0,18.0,3.9386,15.6697,0.3601,568.0,0.0,0.4227,high
36,227,129.0,86.0,0.0519,5,1452.0,0.1853,230.0,1703.0,12.0,2.2367,7.1907,0.1838,343.0,0.0,0.5197,medium
64,302,76.0,106.0,0.0211,1,709.0,0.055,416.0,2988.0,8.0,0.7848,4.6343,0.0557,249.0,0.0,0.7719,low
38,219,120.0,96.0,0.0594,4,1228.0,0.1678,320.0,2167.0,12.0,1.5615,6.9858,0.1613,411.0,0.0,0.5829,medium
52,340,96.0,90.0,0.0147,2,927.0,0.0585,408.0,3207.0,7.0,0.7306,5.4203,0.0607,204.0,0.0,0.8653,low
28,165,182.0,134.0,0.1159,7,2261.0,0.3678,151.0,1407.0,20.0,4.1709,15.4377,0.3739,615.0,0.0,0.4094,high
51,289,100.0,85.0,0.0045,1,774.0,0.0471,488.0,3809.0,14.0,1.1115,7.1112,0.0793,296.0,0.0,0.8833,low
74,328,98.0,78.0,0.021,0,1026.0,0.0583,386.0,3118.0,4.0,0.7614,5.4305,0.066,340.0,0.0,0.8826,low
36,182,112.0,84.0,0.0671,6,1687.0,0.2273,268.0,1990.0,14.0,2.5746,4.7245,0.1334,502.0,0.0,0.6552,medium
26,116,176.0,122.0,0.1106,8,2043.0,0.2322,196.0,832.0,11.0,2.269,15.9606,0.4478,496.0,0.0,0.4058,high
67,332,92.0,80.0,0.0224,1,738.0,0.0885,348.0,3120.0,13.0,1.1493,3.8626,0.0814,231.0,0.0,0.8676,low
36,231,81.0,109.0,0.0654,3,1433.0,0.1753,320.0,2489.0,7.0,2.1146,10.4515,0.2015,420.0,0.0,0.5602,medium
56,332,94.0,73.0,0.0107,1,807.0,0.0552,402.0,2885.0,7.0,0.5976,5.9509,0.0809,252.0,0.0,0.9082,low
31,116,150.0,119.0,0.0948,5,1959.0,0.324,112.0,983.0,21.0,2.6786,19.2956,0.3519,663.0,0.0,0.439,high
20,142,184.0,152.0,0.1069,8,1760.0,0.308,246.0,967.0,8.0,2.6569,17.2254,0.3324,735.0,0.0,0.4255,high
49,199,115.0,108.0,0.0473,3,1178.0,0.1956,200.0,1908.0,12.0,1.905,7.7557,0.1781,442.0,0.0,0.6273,medium
48,199,98.0,122.0,0.0404,4,1425.0,0.2293,302.0,2201.0,8.0,1.6852,13.6758,0.2369,376.0,0.0,0.6667,medium
63,316,95.0,80.0,0.0193,2,607.0,0.1,475.0,3429.0,4.0,0.79,5.6509,0.0743,301.0,0.0,0.7391,low
46,171,102.0,120.0,0.0567,4,1211.0,0.1905,387.0,2651.0,11.0,1.6462,10.5168,0.1562,474.0,0.0,0.5527,medium
31,106,117.0,120.0,0.1359,6,1697.0,0.2876,128.0,1068.0,12.0,2.5413,14.6305,0.4237,442.0,0.0,0.4248,high
65,328,78.0,70.0,0.0184,1,929.0,0.1048,508.0,2370.0,6.0,0.3824,3.5262,0.1046,281.0,0.0,0.7496,low
29,153,164.0,116.0,0.1574,7,1348.0,0.1882,241.0,1158.0,16.0,3.5743,14.0937,0.2557,740.0,0.0,0.4093,high
37,270,112.0,92.0,0.0831,3,1417.0,0.1108,365.0,2405.0,16.0,2.9395,8.8483,0.1138,415.0,0.0,0.5764,medium
63,371,104.0,77.0,0.0127,2,846.0,0.0841,379.0,3002.0,8.0,0.9494,3.5436,0.0823,221.0,0.0,0.7483,low
32,131,132.0,161.0,0.0912,7,2338.0,0.354,147.0,1199.0,20.0,3.7521,16.4003,0.2897,600.0,0.0,0.4975,high
65,360,82.0,75.0,0.0175,2,768.0,0.0729,504.0,3337.0,10.0,1.0662,4.0154,0.0596,319.0,0.0,0.775,low
71,293,128.0,90.0,0.0104,1,867.0,0.1051,327.0,3280.0,7.0,0.8752,4.6871,0.0622,312.0,0.0,0.6976,low
20,150,176.0,173.0,0.0938,7,2019.0,0.3378,202.0,1101.0,16.0,2.6735,13.0198,0.4749,523.0,0.0,0.4075,high
29,70,154.0,148.0,0.0959,6,1997.0,0.3551,199.0,1403.0,16.0,2.9991,11.3217,0.2407,384.0,0.0,0.2687,high
75,309,101.0,93.0,0.024,1,937.0,0.0633,422.0,3130.0,9.0,0.7876,4.3829,0.0642,254.0,0.0,0.8655,low
50,185,129.0,101.0,0.0619,5,1323.0,0.1325,228.0,1480.0,14.0,0.9647,7.4104,0.1635,420.0,0.0,0.6537,medium
59,258,137.0,112.0,0.0607,5,1551.0,0.167,231.0,2111.0,14.0,1.7919,10.0508,0.2006,582.0,0.0,0.6126,medium
28,105,134.0,112.0,0.0863,9,1654.0,0.3371,179.0,1684.0,26.0,3.5368,11.6182,0.4318,646.0,0.0,0.4523,high
49,249,132.0,125.0,0.0629,3,1385.0,0.2654,368.0,2101.0,15.0,2.5908,12.1989,0.1624,429.0,0.0,0.499,medium
65,293,113.0,79.0,0.0177,1,1034.0,0.0944,410.0,3784.0,7.0,0.7929,6.7284,0.0525,223.0,0.0,0.8324,low
29,125,160.0,99.0,0.1053,4,2051.0,0.371,174.0,1042.0,16.0,3.0533,11.0759,0.327,731.0,0.0,0.2963,high
28,88,156.0,147.0,0.1074,7,2603.0,0.3175,81.0,1392.0,14.0,3.8751,12.373,0.3147,487.0,0.0,0.5069,high
83,290,115.0,77.0,0.0181,1,672.0,0.075,422.0,3655.0,10.0,1.1902,9.1497,0.0598,250.0,0.0,0.7717,low
13,86,145.0,138.0,0.093,7,1968.0,0.3481,175.0,1003.0,18.0,2.1221,11.7718,0.2441,709.0,0.0,0.3946,high
78,425,94.0,83.0,0.0218,1,733.0,0.0773,447.0,2955.0,6.0,0.9359,8.1985,0.0658,286.0,0.0,0.7824,low
61,284,77.0,87.0,0.031,1,892.0,0.0788,468.0,4117.0,9.0,0.6533,7.1774,0.0377,214.0,0.0,0.9099,low
66,307,90.0,88.0,0.0232,1,1016.0,0.0525,416.0,3081.0,9.0,0.3726,7.1474,0.0653,198.0,0.0,0.8395,low
44,149,116.0,129.0,0.0732,3,1365.0,0.0983,159.0,1670.0,15.0,0.2179,8.068,0.1765,490.0,0.0,0.6972,medium
65,317,95.0,54.0,0.0085,2,794.0,0.0671,475.0,3505.0,7.0,0.4226,4.1966,0.1265,337.0,0.0,0.7657,low
56,159,132.0,96.0,0.0518,5,1645.0,0.1678,197.0,2024.0,15.0,1.6329,6.7197,0.2143,304.0,0.0,0.6785,medium
56,323,99.0,71.0,0.0146,2,726.0,0.0769,410.0,2872.0,9.0,0.98,4.4538,0.0596,307.0,0.0,0.8276,low
29,110,126.0,163.0,0.1485,9,2015.0,0.2812,190.0,939.0,15.0,3.4818,17.1883,0.2806,529.0,0.0,0.5082,high
24,94,153.0,144.0,0.0986,5,2009.0,0.3119,110.0,1500.0,15.0,2.8727,11.6578,0.329,523.0,0.0,0.4052,high
69,291,102.0,52.0,0.0246,1,968.0,0.0752,454.0,3517.0,9.0,0.4932,5.5952,0.0614,385.0,0.0,0.8438,low
29,208,106.0,106.0,0.0622,5,1067.0,0.1942,207.0,2108.0,8.0,1.7642,7.6085,0.2741,583.0,0.0,0.6313,medium
27,156,112.0,171.0,0.1024,6,2120.0,0.3301,198.0,1031.0,13.0,3.8483,8.1633,0.3799,350.0,0.0,0.5117,high
51,240,114.0,123.0,0.0541,3,1257.0,0.1822,376.0,2356.0,16.0,1.5999,9.1621,0.1038,211.0,0.0,0.648,medium
20,132,134.0,177.0,0.1068,6,2349.0,0.2519,171.0,1301.0,20.0,2.4931,12.683,0.3544,543.0,0.0,0.4547,high
34,122,139.0,147.0,0.104,9,2109.0,0.2118,164.0,958.0,18.0,2.5011,11.4127,0.3552,415.0,0.0,0.4524,high
57,305,81.0,71.0,0.0254,2,929.0,0.1065,379.0,3774.0,6.0,0.8798,6.6381,0.0878,330.0,0.0,0.7391,low
61,322,81.0,94.0,0.0213,0,935.0,0.069,501.0,3582.0,10.0,0.7472,6.31,0.0818,349.0,0.0,0.816,low
57,215,112.0,93.0,0.0623,3,1670.0,0.2229,335.0,2509.0,15.0,1.2346,6.5248,0.1865,456.0,0.0,0.5808,medium
42,253,134.0,126.0,0.059,3,1451.0,0.2038,310.0,2018.0,17.0,1.9173,11.5253,0.1966,448.0,0.0,0.6246,medium
34,136,132.0,104.0,0.0645,3,1480.0,0.2014,229.0,2412.0,8.0,2.9013,11.7386,0.172,498.0,0.0,0.7342,medium
39,138,143.0,103.0,0.0974,5,2708.0,0.2814,90.0,927.0,18.0,4.0419,14.364,0.3072,599.0,0.0,0.4329,high
56,267,98.0,69.0,0.006,1,729.0,0.0742,543.0,2976.0,9.0,1.5151,5.9087,0.1097,283.0,0.0,0.834,low
26,97,133.0,143.0,0.146,7,2380.0,0.379,145.0,716.0,16.0,3.5514,16.8579,0.3266,621.0,0.0,0.5222,high
47,205,116.0,98.0,0.0028,6,1486.0,0.2636,254.0,3221.0,14.0,2.504,14.0926,0.2301,222.0,0.0,0.7507,medium
28,89,152.0,164.0,0.1506,7,1701.0,0.3476,150.0,1341.0,22.0,3.3155,18.1987,0.2749,492.0,0.0,0.4375,high
68,314,84.0,89.0,0.0268,1,821.0,0.1227,392.0,3002.0,9.0,1.2758,3.4117,0.0587,370.0,0.0,0.8629,low
43,198,113.0,108.0,0.0715,4,1191.0,0.1312,288.0,1318.0,13.0,1.5415,9.1136,0.1721,440.0,0.0,0.6355,medium
62,234,109.0,74.0,0.0249,4,1739.0,0.1628,290.0,2162.0,8.0,2.2282,11.4119,0.1831,525.0,0.0,0.6358,medium
30,135,164.0,206.0,0.1,8,2281.0,0.3206,157.0,720.0,16.0,3.0045,11.6408,0.3545,611.0,0.0,0.5293,high
42,175,120.0,96.0,0.074,3,1470.0,0.1873,266.0,1629.0,12.0,1.6293,8.8152,0.1405,409.0,0.0,0.6878,medium
61,292,95.0,88.0,0.038,0,1255.0,0.0299,530.0,1796.0,6.0,2.0138,5.5904,0.0988,444.0,0.0,0.8093,low
55,297,92.0,60.0,0.007,1,1107.0,0.0959,337.0,2966.0,9.0,1.0077,4.5338,0.0584,250.0,0.0,0.8704,low
23,112,141.0,161.0,0.1511,7,1558.0,0.2313,139.0,1214.0,19.0,2.7921,14.1547,0.3378,725.0,0.0,0.3585,high
60,344,98.0,91.0,0.0168,1,819.0,0.0816,381.0,3428.0,9.0,0.905,6.7443,0.0777,257.0,0.0,0.8017,low
27,113,147.0,94.0,0.1027,7,1835.0,0.4222,171.0,879.0,20.0,2.9981,17.801,0.2758,675.0,0.0,0.4662,high
43,348,109.0,70.0,0.0225,1,878.0,0.041,312.0,3056.0,6.0,1.0743,3.6289,0.0661,311.0,0.0,0.8035,low
44,248,123.0,104.0,0.0722,4,858.0,0.1237,365.0,1756.0,9.0,2.2149,11.4177,0.2258,362.0,0.0,0.6467,medium
27,90,144.0,147.0,0.0927,9,2596.0,0.2828,100.0,962.0,17.0,2.5407,15.3886,0.3656,759.0,0.0,0.3639,high
67,245,96.0,85.0,0.0127,2,920.0,0.0565,452.0,1731.0,8.0,1.0492,6.2349,0.0958,301.0,0.0,0.6476,low
35,106,177.0,161.0,0.0967,7,1624.0,0.3008,137.0,1044.0,23.0,3.5209,16.6169,0.3967,518.0,0.0,0.3999,high
24,119,139.0,185.0,0.0841,8,2148.0,0.3441,169.0,652.0,11.0,4.0369,15.4767,0.3043,683.0,0.0,0.2983,high
50,216,153.0,127.0,0.062,4,1288.0,0.1449,145.0,2201.0,11.0,2.1352,11.1538,0.172,409.0,0.0,0.5203,medium
60,182,99.0,128.0,0.0857,2,1317.0,0.1824,296.0,1962.0,13.0,1.8169,7.2929,0.1395,423.0,0.0,0.6545,medium
28,208,94.0,104.0,0.0541,3,1287.0,0.1598,323.0,2311.0,15.0,1.4321,8.7092,0.1949,357.0,0.0,0.5938,medium
51,202,138.0,93.0,0.0655,3,1171.0,0.1981,187.0,1633.0,17.0,1.5173,8.1208,0.1822,455.0,0.0,0.6117,medium
53,399,79.0,86.0,0.0117,1,838.0,0.0646,457.0,3298.0,6.0,0.7529,5.7938,0.0581,175.0,0.0,0.7775,low
64,259,94.0,75.0,0.0267,1,781.0,0.0845,440.0,3127.0,8.0,0.9529,5.1264,0.0638,320.0,0.0,0.8664,low
43,241,120.0,101.0,0.0546,4,965.0,0.2054,188.0,2050.0,12.0,1.6547,8.4804,0.1597,378.0,0.0,0.4846,medium
61,337,102.0,79.0,0.0127,0,663.0,0.0923,390.0,3164.0,9.0,0.7362,7.8878,0.0913,394.0,0.0,0.8092,low
30,115,165.0,111.0,0.0795,7,1928.0,0.3325,121.0,604.0,15.0,2.9186,10.3241,0.385,495.0,0.0,0.4555,high
59,264,100.0,72.0,0.0354,2,868.0,0.0695,410.0,2884.0,8.0,0.6617,3.3482,0.0272,286.0,0.0,0.8728,low
15,158,138.0,134.0,0.09,6,1130.0,0.3188,139.0,1081.0,25.0,3.0969,14.1006,0.3231,672.0,0.0,0.4974,high
65,283,96.0,82.0,0.0269,2,882.0,0.0588,357.0,2827.0,7.0,0.5983,2.9321,0.0722,208.0,0.0,0.8976,low
36,70,167.0,128.0,0.1138,6,2254.0,0.2016,192.0,1306.0,24.0,2.9349,14.2712,0.3965,578.0,0.0,0.44,high
39,139,148.0,174.0,0.0931,6,3056.0,0.2972,185.0,909.0,16.0,2.7868,12.3984,0.2358,694.0,0.0,0.3491,high
34,162,162.0,169.0,0.1038,5,1705.0,0.2758,179.0,702.0,11.0,2.3483,17.4519,0.3973,678.0,0.0,0.4161,high
42,192,106.0,75.0,0.0635,3,1212.0,0.1654,244.0,2232.0,9.0,2.1972,8.3866,0.1641,314.0,0.0,0.7497,medium
44,245,156.0,103.0,0.0447,5,1315.0,0.1864,273.0,1866.0,13.0,0.8457,7.4461,0.1201,356.0,0.0,0.563,medium
38,203,106.0,100.0,0.0556,3,1707.0,0.1555,139.0,2578.0,16.0,1.1886,8.7253,0.2323,411.0,0.0,0.7503,medium
33,194,127.0,107.0,0.0347,4,1307.0,0.1689,303.0,2399.0,12.0,2.3292,6.2652,0.1268,407.0,0.0,0.7043,medium
29,130,117.0,176.0,0.1474,7,2403.0,0.2311,188.0,1174.0,23.0,3.0186,12.6419,0.3053,582.0,0.0,0.277,high
26,145,108.0,135.0,0.1076,7,2576.0,0.2896,155.0,966.0,12.0,1.9961,17.4893,0.3989,400.0,0.0,0.4466,high
46,231,120.0,102.0,0.0628,3,1638.0,0.1654,180.0,1879.0,13.0,2.0019,6.4039,0.1579,423.0,0.0,0.6005,medium
60,290,107.0,83.0,0.017,1,845.0,0.096,391.0,2831.0,7.0,1.0644,5.8469,0.1218,333.0,0.0,0.8797,low
45,246,111.0,100.0,0.0466,4,1229.0,0.2432,309.0,2726.0,9.0,3.1365,11.2808,0.208,502.0,0.0,0.7172,medium
53,146,110.0,113.0,0.0498,3,1387.0,0.184,286.0,2499.0,18.0,1.2867,7.8416,0.2122,531.0,0.0,0.577,medium
21,193,106.0,111.0,0.0619,4,1388.0,0.2158,272.0,1629.0,8.0,1.4719,8.2406,0.1352,464.0,0.0,0.5856,medium
50,353,110.0,88.0,0.0101,0,782.0,0.1003,382.0,2509.0,5.0,0.9236,5.3456,0.0978,307.0,0.0,0.7923,low
67,273,88.0,82.0,0.0267,3,866.0,0.0844,493.0,3780.0,6.0,0.5167,4.3842,0.0742,306.0,0.0,0.866,low
46,210,142.0,103.0,0.0313,4,1587.0,0.255,346.0,1199.0,15.0,2.353,8.7022,0.1939,541.0,0.0,0.5825,medium
33,109,184.0,145.0,0.105,7,1775.0,0.2713,179.0,1017.0,14.0,3.0566,13.4132,0.2788,535.0,0.0,0.3935,high
54,256,117.0,117.0,0.0445,4,1478.0,0.1372,181.0,2677.0,11.0,2.5952,9.0723,0.189,303.0,0.0,0.6163,medium
14,104,133.0,152.0,0.083,8,2677.0,0.2628,121.0,1429.0,12.0,3.8205,16.5177,0.3277,645.0,0.0,0.4579,high
47,132,182.0,167.0,0.0721,5,2370.0,0.2269,222.0,1292.0,22.0,2.5313,13.8702,0.3244,792.0,0.0,0.5339,high
47,241,128.0,85.0,0.0621,3,1366.0,0.1711,306.0,2413.0,14.0,1.1929,8.6391,0.1513,436.0,0.0,0.6948,medium
77,329,88.0,86.0,0.0176,2,779.0,0.0979,339.0,3716.0,6.0,0.522,4.6923,0.062,330.0,0.0,0.833,low
67,353,93.0,71.0,0.0088,1,860.0,0.0452,432.0,3687.0,7.0,0.7611,5.7639,0.0759,344.0,0.0,0.7381,low
24,110,157.0,117.0,0.108,7,1883.0,0.3257,196.0,1134.0,22.0,4.3663,12.8657,0.3066,490.0,0.0,0.477,high
27,253,116.0,113.0,0.0513,2,1385.0,0.1795,190.0,2603.0,20.0,1.3738,7.858,0.2438,448.0,0.0,0.6637,medium
36,257,121.0,96.0,0.0574,4,1080.0,0.2435,361.0,2586.0,10.0,2.2121,10.9109,0.174,373.0,0.0,0.5272,medium
24,116,144.0,145.0,0.0945,8,2498.0,0.2039,205.0,1438.0,18.0,3.7311,11.6395,0.3648,717.0,0.0,0.375,high
34,82,151.0,150.0,0.1413,9,2259.0,0.2346,145.0,1216.0,21.0,3.1634,10.3924,0.4245,574.0,0.0,0.3782,high
37,220,114.0,99.0,0.0392,3,1731.0,0.2281,201.0,2136.0,19.0,2.6914,8.688,0.1551,392.0,0.0,0.6137,medium
22,143,103.0,125.0,0.0528,4,2203.0,0.3171,214.0,1581.0,24.0,2.6398,18.3525,0.3478,766.0,0.0,0.4274,high
74,276,104.0,80.0,0.0097,1,906.0,0.0756,386.0,3214.0,8.0,1.0349,6.8049,0.0861,278.0,0.0,0.8983,low
61,330,90.0,89.0,0.0172,2,706.0,0.0664,405.0,2476.0,6.0,1.6855,5.1546,0.0246,393.0,0.0,0.7882,low
43,211,121.0,91.0,0.0609,4,1489.0,0.2121,302.0,1727.0,16.0,1.041,9.037,0.1023,504.0,0.0,0.7648,medium
29,125,152.0,188.0,0.0827,7,2835.0,0.3403,200.0,1123.0,20.0,3.5227,10.41,0.3141,645.0,0.0,0.3144,high
53,221,129.0,123.0,0.0446,2,959.0,0.2072,310.0,1938.0,12.0,2.3428,12.2765,0.2246,335.0,0.0,0.659,medium
65,303,95.0,73.0,0.0113,1,467.0,0.0716,543.0,3864.0,8.0,0.9135,5.5607,0.0565,279.0,0.0,0.8023,low
42,228,90.0,91.0,0.079,2,1230.0,0.1234,293.0,1785.0,10.0,1.8927,7.0822,0.2046,545.0,0.0,0.6125,medium
29,126,166.0,123.0,0.0732,9,2312.0,0.3683,147.0,783.0,17.0,3.182,10.6746,0.3016,678.0,0.0,0.4793,high
47,150,121.0,129.0,0.0442,4,1270.0,0.154,429.0,1597.0,11.0,0.869,8.2544,0.2108,435.0,0.0,0.709,medium
47,179,118.0,74.0,0.0364,3,1196.0,0.1384,257.0,1762.0,16.0,2.5386,10.0388,0.1915,322.0,0.0,0.6597,medium
35,187,151.0,111.0,0.049,2,1279.0,0.1994,304.0,1589.0,9.0,1.5126,8.7658,0.2147,404.0,0.0,0.6842,medium
26,139,169.0,150.0,0.157,7,2416.0,0.2414,159.0,1208.0,18.0,2.5967,15.9285,0.2841,659.0,0.0,0.4128,high
34,214,129.0,104.0,0.0493,3,1439.0,0.183,323.0,1852.0,10.0,1.4052,9.2314,0.1608,401.0,0.0,0.7146,medium
59,379,124.0,109.0,0.0175,1,710.0,0.1198,453.0,3205.0,9.0,0.8968,6.6862,0.1029,265.0,0.0,0.8298,low
63,282,84.0,69.0,0.0198,1,972.0,0.0805,474.0,2383.0,8.0,0.8017,8.2513,0.0675,345.0,0.0,0.779,low
65,291,76.0,74.0,0.0204,1,794.0,0.1075,428.0,3152.0,3.0,1.3191,5.3947,0.0654,279.0,0.0,0.8268,low
45,204,114.0,134.0,0.052,4,1314.0,0.2101,246.0,2159.0,12.0,1.5219,9.382,0.1868,387.0,0.0,0.6842,medium
55,354,119.0,61.0,0.0254,1,961.0,0.0772,382.0,3529.0,7.0,1.0583,4.1589,0.0656,219.0,0.0,0.8208,low
26,122,148.0,126.0,0.0817,4,1740.0,0.381,163.0,834.0,18.0,2.2412,11.8458,0.3759,673.0,0.0,0.4685,high
44,220,98.0,102.0,0.0541,4,1474.0,0.167,218.0,2084.0,14.0,1.8388,13.1393,0.2213,350.0,0.0,0.629,medium
55,322,77.0,86.0,0.0227,0,847.0,0.0705,462.0,3315.0,7.0,0.3776,6.7478,0.0595,290.0,0.0,0.8212,low
48,213,114.0,91.0,0.0688,4,1278.0,0.215,204.0,2036.0,13.0,1.7948,9.0983,0.166,417.0,0.0,0.6963,medium
56,326,106.0,81.0,0.0231,2,1106.0,0.0786,413.0,3527.0,6.0,0.9342,3.3383,0.0886,235.0,0.0,0.8876,low
42,214,97.0,117.0,0.0236,3,998.0,0.2226,354.0,1975.0,8.0,1.8537,6.9633,0.1381,489.0,0.0,0.6686,medium
22,142,101.0,130.0,0.0763,7,2027.0,0.3883,146.0,1079.0,19.0,2.3309,16.5502,0.3362,704.0,0.0,0.3669,high
52,169,129.0,122.0,0.0555,3,1706.0,0.2261,336.0,3189.0,13.0,0.951,6.7434,0.1354,463.0,0.0,0.7199,medium
62,285,94.0,69.0,0.0186,1,1206.0,0.0644,425.0,2500.0,8.0,1.003,5.1068,0.1162,376.0,0.0,0.9343,low
67,349,89.0,82.0,0.0211,1,751.0,0.085,505.0,2216.0,8.0,1.0376,7.869,0.0928,311.0,0.0,0.8838,low
41,211,117.0,105.0,0.0417,2,1490.0,0.2282,265.0,2214.0,14.0,1.7857,10.7917,0.1521,328.0,0.0,0.5707,medium
61,366,92.0,75.0,0.0135,1,1071.0,0.0792,374.0,2636.0,10.0,0.5999,5.4936,0.064,277.0,0.0,0.7743,low
26,112,168.0,151.0,0.1029,8,2379.0,0.2994,129.0,1059.0,15.0,3.1535,10.9103,0.2827,594.0,0.0,0.3741,high
56,267,129.0,102.0,0.0722,3,1840.0,0.1276,296.0,1898.0,14.0,2.5922,9.602,0.1638,464.0,0.0,0.6091,medium
70,284,88.0,68.0,0.0068,1,787.0,0.063,496.0,3780.0,12.0,1.2282,4.6078,0.0681,217.0,0.0,0.7635,low
23,117,162.0,120.0,0.1121,7,2077.0,0.3358,209.0,1240.0,14.0,4.0563,19.6835,0.3255,523.0,0.0,0.3212,high
69,290,103.0,76.0,0.0297,1,825.0,0.075,320.0,3476.0,5.0,0.9428,3.4079,0.0741,299.0,0.0,0.8297,low
60,342,102.0,83.0,0.0078,2,773.0,0.0775,426.0,3025.0,7.0,0.9789,2.7287,0.055,270.0,0.0,0.8285,low
40,126,156.0,142.0,0.0884,7,1877.0,0.2922,173.0,924.0,18.0,3.0012,13.1499,0.2551,658.0,0.0,0.5615,high
22,107,158.0,117.0,0.0842,5,1762.0,0.2997,164.0,1190.0,18.0,2.66,19.0512,0.3585,619.0,0.0,0.4465,high
38,127,128.0,174.0,0.1176,9,1593.0,0.2982,153.0,892.0,17.0,2.9346,14.2973,0.3652,771.0,0.0,0.3869,high
49,249,121.0,89.0,0.0767,3,1445.0,0.2051,306.0,2367.0,8.0,2.2938,7.9126,0.1536,377.0,0.0,0.691,medium
76,298,106.0,74.0,0.0217,0,835.0,0.0573,427.0,2903.0,8.0,0.9342,6.0464,0.0766,265.0,0.0,0.8975,low
41,109,150.0,181.0,0.0643,6,1749.0,0.3131,238.0,977.0,15.0,3.4748,8.3445,0.4028,884.0,0.0,0.421,high
73,354,92.0,82.0,0.017,1,704.0,0.0696,395.0,3042.0,7.0,1.137,5.2883,0.0701,199.0,0.0,0.8939,low
26,136,139.0,121.0,0.0945,9,1940.0,0.3668,214.0,1090.0,18.0,3.5872,17.4807,0.339,609.0,0.0,0.3405,high
48,193,112.0,96.0,0.0553,2,1152.0,0.1996,281.0,2246.0,14.0,2.1669,8.9229,0.1984,407.0,0.0,0.5912,medium
56,311,78.0,86.0,0.0145,0,998.0,0.0944,466.0,3271.0,8.0,1.1384,5.2741,0.0718,230.0,0.0,0.7206,low
42,221,132.0,73.0,0.0667,2,1002.0,0.2694,226.0,1749.0,14.0,1.5947,10.074,0.163,457.0,0.0,0.6964,medium
37,140,149.0,114.0,0.1267,7,1980.0,0.4101,167.0,910.0,19.0,1.7078,15.5539,0.3162,907.0,0.0,0.5713,high
65,289,97.0,80.0,0.0188,1,1193.0,0.0452,486.0,2701.0,8.0,1.2028,6.2798,0.0871,290.0,0.0,0.7525,low
46,299,115.0,112.0,0.0712,5,1420.0,0.2018,271.0,1759.0,11.0,2.0597,6.9903,0.1708,460.0,0.0,0.6621,medium
55,355,86.0,75.0,0.0214,1,600.0,0.1082,353.0,3339.0,6.0,0.8261,2.8578,0.0652,342.0,0.0,0.8686,low
64,315,90.0,82.0,0.0136,2,530.0,0.0961,289.0,3360.0,7.0,0.2183,6.0622,0.0731,268.0,0.0,0.9039,low
17,81,167.0,148.0,0.1089,6,1777.0,0.2228,147.0,973.0,21.0,3.0576,7.5188,0.3379,614.0,0.0,0.3293,high
22,102,137.0,164.0,0.0851,7,1952.0,0.3295,177.0,1311.0,25.0,3.3676,16.0813,0.4342,834.0,0.0,0.4545,high
29,112,163.0,129.0,0.1275,9,2510.0,0.1797,156.0,1343.0,15.0,2.5667,15.9587,0.3467,682.0,0.0,0.3647,high
53,260,111.0,131.0,0.0609,4,1569.0,0.2008,247.0,2582.0,5.0,1.9184,10.1739,0.116,313.0,0.0,0.6195,medium
53,344,100.0,90.0,0.0128,2,611.0,0.101,469.0,2619.0,5.0,0.7333,3.3767,0.0968,280.0,0.0,0.7272,low
24,111,150.0,181.0,0.1461,8,1964.0,0.2674,161.0,1142.0,18.0,3.7541,15.6995,0.4262,698.0,0.0,0.4477,high
52,286,101.0,73.0,0.024,2,761.0,0.0917,400.0,3024.0,12.0,1.1037,5.1583,0.0685,321.0,0.0,0.8128,low
32,128,163.0,133.0,0.1262,9,2432.0,0.3706,283.0,828.0,15.0,3.4485,15.9625,0.2741,602.0,0.0,0.4572,high
24,122,170.0,127.0,0.1194,8,1657.0,0.2949,143.0,1082.0,23.0,3.7315,9.6899,0.2649,616.0,0.0,0.5344,high
54,358,123.0,84.0,0.0462,2,716.0,0.1884,509.0,4040.0,7.0,0.2509,3.4814,0.1588,367.0,0.0,0.8815,low
39,214,93.0,114.0,0.0789,3,1510.0,0.1953,285.0,1890.0,6.0,2.3458,9.7784,0.16,346.0,0.0,0.6952,medium
56,309,117.0,97.0,0.0358,1,990.0,0.0351,443.0,2411.0,10.0,1.7901,5.9812,0.0294,50.0,0.0,0.8691,low
65,296,106.0,70.0,0.0022,1,841.0,0.1169,402.0,2910.0,7.0,0.6596,5.7893,0.0747,195.0,0.0,0.8074,low
23,108,165.0,115.0,0.1287,5,1471.0,0.1576,210.0,1425.0,17.0,3.9892,12.8662,0.327,509.0,0.0,0.4883,high
30,182,130.0,91.0,0.0362,5,1678.0,0.2549,302.0,2076.0,14.0,2.723,5.5453,0.0939,308.0,0.0,0.7074,medium
68,365,87.0,77.0,0.016,1,776.0,0.1129,440.0,3209.0,7.0,0.6307,3.7043,0.0513,240.0,0.0,0.8592,low
37,213,139.0,109.0,0.0588,5,1117.0,0.1885,277.0,2587.0,13.0,2.2425,10.8604,0.1617,412.0,0.0,0.7137,medium
59,343,82.0,90.0,0.0198,1,502.0,0.0929,446.0,3324.0,10.0,0.6732,4.2244,0.0391,374.0,0.0,0.8726,low
30,103,139.0,145.0,0.1477,8,2111.0,0.3504,112.0,1353.0,18.0,2.1785,13.2048,0.3492,538.0,0.0,0.461,high
42,223,124.0,115.0,0.0451,2,1528.0,0.2238,185.0,2422.0,9.0,2.2879,9.0256,0.1537,303.0,0.0,0.491,medium
72,284,99.0,75.0,0.0126,1,754.0,0.0995,463.0,2627.0,5.0,0.0237,5.4965,0.0963,333.0,0.0,0.8502,low
60,268,102.0,97.0,0.0082,1,822.0,0.0663,398.0,2895.0,6.0,1.0483,6.9641,0.0806,256.0,0.0,0.8456,low
53,221,112.0,104.0,0.0509,4,1090.0,0.1488,312.0,2543.0,12.0,1.2208,10.1881,0.1694,505.0,0.0,0.6019,medium
20,167,122.0,124.0,0.0907,5,1015.0,0.3076,153.0,1141.0,22.0,2.9514,13.0946,0.3165,870.0,0.0,0.3595,high
17,105,157.0,145.0,0.1248,6,1830.0,0.3342,143.0,1041.0,20.0,4.0664,16.3123,0.371,746.0,0.0,0.5743,high
31,140,151.0,159.0,0.1311,9,2253.0,0.3467,149.0,572.0,12.0,3.7599,15.4566,0.3696,626.0,0.0,0.3652,high
65,288,99.0,85.0,0.0223,2,877.0,0.072,400.0,3256.0,9.0,1.0317,5.2205,0.0365,244.0,0.0,0.8659,low
47,194,121.0,122.0,0.0669,3,1344.0,0.1622,314.0,2940.0,12.0,2.585,7.5413,0.222,443.0,0.0,0.7505,medium
36,244,120.0,114.0,0.0492,4,1491.0,0.1896,287.0,2861.0,8.0,1.8809,10.7874,0.1768,436.0,0.0,0.5252,medium
39,178,97.0,128.0,0.0794,3,1087.0,0.0611,315.0,1890.0,11.0,2.1175,5.6815,0.1321,513.0,0.0,0.6772,medium
65,340,79.0,75.0,0.014,1,858.0,0.1098,442.0,2888.0,9.0,0.5567,4.3669,0.07,203.0,0.0,0.7671,low
63,332,90.0,83.0,0.0353,1,674.0,0.0831,497.0,3719.0,9.0,0.2368,9.5448,0.0938,270.0,0.0,0.7746,low
47,209,115.0,113.0,0.0536,3,1060.0,0.2067,233.0,1925.0,12.0,2.4737,10.11,0.2122,340.0,0.0,0.6446,medium
62,280,90.0,74.0,0.0177,1,882.0,0.1104,399.0,2770.0,6.0,1.2382,5.6525,0.1305,192.0,0.0,0.7801,low
38,198,109.0,88.0,0.0812,5,929.0,0.1621,182.0,2645.0,15.0,1.7694,9.6197,0.1229,453.0,0.0,0.7332,medium
49,295,86.0,87.0,0.0211,1,879.0,0.1043,408.0,2655.0,8.0,1.0729,3.7288,0.0483,379.0,0.0,0.761,low
71,344,107.0,76.0,0.0304,1,820.0,0.0388,447.0,2068.0,8.0,0.9547,2.8915,0.0736,249.0,0.0,0.8568,low
23,136,137.0,142.0,0.1268,7,1897.0,0.314,188.0,1049.0,22.0,1.6508,8.7427,0.3072,519.0,0.0,0.3346,high
64,251,121.0,124.0,0.0449,2,1108.0,0.1905,252.0,1651.0,11.0,2.2135,7.7975,0.1752,452.0,0.0,0.568,medium
30,278,113.0,97.0,0.0582,3,922.0,0.187,304.0,2274.0,13.0,0.6987,10.1887,0.2201,171.0,0.0,0.6245,medium
60,300,103.0,64.0,0.0093,2,993.0,0.0967,465.0,3140.0,4.0,0.7876,4.8855,0.068,214.0,0.0,0.7807,low
37,194,122.0,104.0,0.0561,5,1132.0,0.1621,241.0,2024.0,14.0,1.6711,9.3335,0.2076,259.0,0.0,0.7163,medium
85,325,95.0,93.0,0.0318,1,890.0,0.109,511.0,2939.0,4.0,0.9744,5.6122,0.0298,305.0,0.0,0.7708,low
27,136,136.0,131.0,0.1375,9,2213.0,0.3008,244.0,1415.0,13.0,4.0395,14.6253,0.3112,694.0,0.0,0.5725,high
36,114,136.0,160.0,0.1243,7,2621.0,0.2727,133.0,1302.0,18.0,2.9448,11.7694,0.3398,749.0,0.0,0.3252,high
47,241,117.0,124.0,0.024,4,1286.0,0.1834,255.0,1704.0,12.0,1.6134,4.1186,0.166,477.0,0.0,0.6471,medium
38,221,119.0,97.0,0.0655,4,1219.0,0.1393,238.0,2466.0,9.0,1.6351,6.3741,0.1797,378.0,0.0,0.6017,medium
62,251,103.0,82.0,0.0156,0,602.0,0.0541,388.0,3482.0,9.0,0.8218,5.3504,0.0802,266.0,0.0,0.8292,low
44,260,112.0,118.0,0.0692,3,1181.0,0.1607,289.0,2112.0,12.0,1.2774,10.11,0.1615,444.0,0.0,0.6279,medium
47,205,105.0,106.0,0.0552,5,1197.0,0.1401,298.0,2461.0,11.0,1.3379,9.5309,0.1356,570.0,0.0,0.5417,medium
27,152,147.0,145.0,0.1134,8,2306.0,0.2363,185.0,957.0,21.0,2.8937,10.9191,0.2527,583.0,0.0,0.5208,high
50,344,96.0,74.0,0.0216,1,880.0,0.067,350.0,3175.0,9.0,0.7361,5.4618,0.1043,251.0,0.0,0.8034,low
24,94,160.0,159.0,0.1109,6,1997.0,0.386,140.0,1109.0,14.0,2.7305,11.4836,0.2895,621.0,0.0,0.5254,high
57,329,100.0,95.0,0.0255,0,793.0,0.0265,434.0,3273.0,8.0,0.5671,7.294,0.0719,342.0,0.0,0.7831,low
54,308,101.0,72.0,0.0134,2,1167.0,0.0631,388.0,3723.0,10.0,0.7928,6.737,0.0718,223.0,0.0,0.8081,low
44,211,126.0,93.0,0.034,4,1185.0,0.2088,335.0,2405.0,15.0,2.03,8.5835,0.1408,548.0,0.0,0.6497,medium
27,180,151.0,156.0,0.0797,9,2447.0,0.2631,124.0,859.0,15.0,2.8401,18.4378,0.3988,458.0,0.0,0.4259,high
31,139,147.0,124.0,0.1215,8,1942.0,0.3175,239.0,240.0,11.0,1.8911,13.2135,0.4758,520.0,0.0,0.5067,high
22,226,106.0,106.0,0.0636,4,1750.0,0.152,261.0,1752.0,6.0,1.352,11.236,0.1336,558.0,0.0,0.6568,medium
44,165,104.0,75.0,0.0618,4,1348.0,0.1868,336.0,1767.0,5.0,2.2142,8.9324,0.1754,388.0,0.0,0.6392,medium
22,125,165.0,144.0,0.0822,8,2473.0,0.267,125.0,1478.0,18.0,3.698,14.6592,0.3711,454.0,0.0,0.5464,high
41,255,127.0,101.0,0.0519,3,1607.0,0.196,384.0,2183.0,13.0,2.0453,7.9239,0.1334,393.0,0.0,0.675,medium
48,204,127.0,108.0,0.0473,4,1684.0,0.2121,328.0,1564.0,16.0,2.4009,10.526,0.2122,279.0,0.0,0.6477,medium
29,122,122.0,139.0,0.0825,7,2285.0,0.2379,140.0,892.0,17.0,3.1776,19.5273,0.3468,635.0,0.0,0.3864,high
54,296,118.0,78.0,0.0164,2,854.0,0.08,391.0,2571.0,9.0,0.7389,2.6315,0.1025,385.0,0.0,0.8536,low
37,91,169.0,160.0,0.102,7,2819.0,0.241,200.0,1223.0,24.0,2.7553,11.2376,0.3355,637.0,0.0,0.4496,high
28,99,141.0,129.0,0.1195,8,2966.0,0.2929,150.0,1420.0,13.0,4.2215,14.2146,0.3034,581.0,0.0,0.4738,high
46,292,104.0,75.0,0.0164,1,928.0,0.089,509.0,2572.0,10.0,1.5335,7.3871,0.0368,319.0,0.0,0.8038,low
59,329,100.0,70.0,0.0126,1,698.0,0.0572,506.0,2731.0,8.0,0.772,4.8491,0.0838,275.0,0.0,0.7833,low
8,152,207.0,136.0,0.1448,8,1909.0,0.3371,216.0,1099.0,11.0,3.5456,8.8266,0.4197,595.0,0.0,0.3022,high
24,80,154.0,147.0,0.1566,8,1950.0,0.2997,228.0,1121.0,25.0,3.467,17.0796,0.323,818.0,0.0,0.4025,high
78,256,97.0,52.0,0.0,2,762.0,0.0698,319.0,3186.0,7.0,1.4072,2.4298,0.1165,314.0,0.0,0.9108,low
29,146,160.0,144.0,0.1214,7,2011.0,0.3393,118.0,894.0,19.0,3.1207,19.071,0.3982,650.0,0.0,0.4059,high
60,224,125.0,131.0,0.0365,2,1262.0,0.2184,287.0,2041.0,10.0,2.4852,12.2923,0.2424,399.0,0.0,0.6736,medium
55,303,99.0,94.0,0.0186,1,672.0,0.0646,380.0,2982.0,9.0,1.3155,6.4965,0.0486,296.0,0.0,0.8941,low
56,212,98.0,98.0,0.0815,2,1221.0,0.1805,237.0,2420.0,6.0,1.0829,8.2986,0.1354,408.0,0.0,0.64,medium
63,258,92.0,110.0,0.0,4,1049.0,0.0614,503.0,3769.0,5.0,1.2256,3.1551,0.0727,228.0,0.0,0.8066,low
26,160,155.0,164.0,0.0758,5,2508.0,0.3359,150.0,996.0,19.0,2.3277,12.3737,0.3368,429.0,0.0,0.3154,high
38,160,113.0,117.0,0.0539,3,1339.0,0.1628,198.0,2220.0,14.0,2.0795,8.6322,0.1376,483.0,0.0,0.58,medium
65,265,76.0,84.0,0.0318,2,744.0,0.0672,408.0,2529.0,7.0,0.3101,4.9257,0.0584,357.0,0.0,0.8573,low
50,298,88.0,85.0,0.0149,2,950.0,0.0802,447.0,3056.0,9.0,1.3149,3.7386,0.0618,290.0,0.0,0.7473,low
66,332,99.0,75.0,0.0243,0,595.0,0.0932,442.0,2791.0,6.0,0.4967,2.5621,0.0722,299.0,0.0,0.848,low
52,264,163.0,117.0,0.0718,2,1570.0,0.1897,318.0,1671.0,13.0,2.1602,6.3046,0.1451,454.0,0.0,0.6832,medium
78,337,94.0,85.0,0.0316,0,1084.0,0.0736,358.0,3254.0,12.0,0.9811,3.8086,0.0664,338.0,0.0,0.8142,low
27,59,139.0,113.0,0.0956,8,2462.0,0.3553,145.0,1050.0,21.0,3.4438,15.0204,0.2878,660.0,0.0,0.4392,high
75,346,80.0,81.0,0.0231,0,521.0,0.0868,431.0,3901.0,9.0,1.0429,3.9941,0.082,243.0,0.0,0.8935,low
44,182,132.0,102.0,0.0509,3,967.0,0.1534,313.0,1672.0,12.0,2.6491,6.9967,0.1094,404.0,0.0,0.6833,medium
66,364,81.0,81.0,0.0205,0,845.0,0.1114,432.0,4130.0,4.0,0.2628,5.8701,0.0719,411.0,0.0,0.7256,low
37,116,161.0,161.0,0.113,7,1480.0,0.2577,173.0,1246.0,21.0,3.5317,14.0704,0.3097,714.0,0.0,0.3349,high
63,256,87.0,80.0,0.0274,2,610.0,0.1145,442.0,3173.0,7.0,0.8443,2.9325,0.0606,306.0,0.0,0.7111,low
17,99,161.0,171.0,0.1,10,1605.0,0.2623,134.0,1141.0,16.0,1.0155,11.164,0.4542,659.0,0.0,0.5356,high
22,123,138.0,127.0,0.135,10,1835.0,0.2698,168.0,1049.0,15.0,2.819,15.2557,0.2811,688.0,0.0,0.2755,high
53,244,144.0,81.0,0.048,3,1257.0,0.1458,334.0,2177.0,10.0,1.6476,3.4316,0.1213,497.0,0.0,0.5979,medium
20,135,133.0,157.0,0.072,8,1353.0,0.318,178.0,638.0,22.0,3.5545,14.5863,0.3824,394.0,0.0,0.4084,high
67,301,109.0,84.0,0.0192,1,787.0,0.09,453.0,2841.0,10.0,1.026,5.4553,0.0689,256.0,0.0,0.8839,low
59,255,91.0,69.0,0.0254,1,884.0,0.0516,372.0,3506.0,7.0,0.4272,4.3161,0.0893,287.0,0.0,0.8438,low
56,294,75.0,95.0,0.0147,0,989.0,0.0949,326.0,3107.0,9.0,1.1289,4.1219,0.0609,197.0,0.0,0.7459,low
54,325,79.0,94.0,0.0233,0,954.0,0.0748,463.0,3770.0,9.0,0.9485,5.9346,0.0463,289.0,0.0,0.8193,low
54,278,107.0,131.0,0.0523,5,1474.0,0.2233,267.0,1990.0,9.0,1.3113,15.4875,0.2158,434.0,0.0,0.6304,medium
27,117,166.0,145.0,0.0934,9,1621.0,0.3309,101.0,928.0,18.0,2.9851,8.4287,0.3087,606.0,0.0,0.4718,high
43,263,106.0,115.0,0.0429,2,1045.0,0.136,256.0,2109.0,9.0,1.0837,9.2494,0.1505,302.0,0.0,0.6376,medium
59,284,87.0,65.0,0.0106,1,671.0,0.0746,557.0,3298.0,6.0,0.7381,2.1602,0.0959,271.0,0.0,0.7804,low
32,141,122.0,154.0,0.1182,6,1406.0,0.355,157.0,939.0,8.0,3.1541,11.1821,0.325,685.0,0.0,0.3462,high
43,242,121.0,107.0,0.0293,4,1231.0,0.1366,298.0,1973.0,10.0,2.3254,9.7286,0.1888,394.0,0.0,0.6824,medium
44,175,102.0,114.0,0.0537,3,1408.0,0.1922,304.0,1697.0,16.0,2.1341,12.3215,0.1256,360.0,0.0,0.6863,medium
20,173,175.0,166.0,0.1533,8,1899.0,0.3226,200.0,1207.0,22.0,3.0172,9.0984,0.2449,591.0,0.0,0.617,high
36,248,112.0,106.0,0.067,5,1458.0,0.1193,268.0,2273.0,11.0,2.3098,10.3715,0.1402,594.0,0.0,0.7723,medium
20,116,153.0,171.0,0.1463,8,2565.0,0.4004,189.0,1050.0,22.0,2.5033,13.2033,0.252,629.0,0.0,0.4828,high
26,121,166.0,119.0,0.0519,8,1937.0,0.2604,109.0,1661.0,21.0,3.5395,11.6927,0.3622,464.0,0.0,0.454,high
46,244,105.0,110.0,0.0681,2,1427.0,0.2243,275.0,2057.0,13.0,1.4966,9.6613,0.1447,261.0,0.0,0.6013,medium
48,255,122.0,114.0,0.0473,4,1189.0,0.1625,252.0,1619.0,10.0,1.4391,16.021,0.2404,419.0,0.0,0.6637,medium
78,294,76.0,90.0,0.0322,1,844.0,0.0727,494.0,2854.0,8.0,1.1032,5.9587,0.1172,206.0,0.0,0.7915,low
46,171,99.0,108.0,0.0668,3,1092.0,0.2837,284.0,1706.0,11.0,2.1059,6.8522,0.1055,499.0,0.0,0.6267,medium
55,269,106.0,87.0,0.0271,0,801.0,0.0726,289.0,2479.0,9.0,1.0948,3.3289,0.0336,349.0,0.0,0.7956,low
27,173,141.0,133.0,0.0716,8,2526.0,0.2531,195.0,1170.0,14.0,2.9003,16.5505,0.286,593.0,0.0,0.4841,high
14,91,134.0,115.0,0.1034,8,1938.0,0.3911,64.0,2115.0,18.0,3.54,16.6513,0.3867,805.0,0.0,0.4591,high
46,223,109.0,110.0,0.0476,4,1296.0,0.2267,280.0,2077.0,12.0,2.1268,6.8175,0.1799,455.0,0.0,0.4882,medium
30,151,204.0,124.0,0.1621,9,1769.0,0.2848,190.0,1146.0,20.0,2.5724,12.0576,0.3025,654.0,0.0,0.5328,high
18,133,133.0,150.0,0.1531,10,2116.0,0.4049,214.0,1304.0,12.0,3.0711,13.6568,0.3989,584.0,0.0,0.3337,high
37,212,135.0,121.0,0.0714,3,1252.0,0.2115,275.0,3045.0,13.0,1.9219,8.8194,0.149,419.0,0.0,0.566,medium
32,132,134.0,137.0,0.1007,7,2997.0,0.1716,237.0,1664.0,22.0,3.5959,11.0383,0.3462,664.0,0.0,0.4578,high
27,161,176.0,153.0,0.1191,8,1604.0,0.3455,141.0,1405.0,16.0,3.1762,13.9817,0.2921,710.0,0.0,0.3906,high
47,188,145.0,91.0,0.0844,4,1447.0,0.1976,183.0,1474.0,14.0,1.5642,7.9053,0.1626,574.0,0.0,0.6403,medium
70,270,78.0,79.0,0.0044,1,780.0,0.0554,410.0,3536.0,9.0,1.1155,6.6876,0.05,196.0,0.0,0.7862,low
44,232,121.0,131.0,0.0806,3,1266.0,0.1667,348.0,1478.0,5.0,1.8185,10.8409,0.1646,478.0,0.0,0.6401,medium
41,221,105.0,115.0,0.034,3,935.0,0.1824,424.0,1820.0,12.0,2.7109,14.2184,0.1149,370.0,0.0,0.6141,medium
28,107,133.0,156.0,0.106,5,3026.0,0.378,165.0,933.0,22.0,2.9534,10.6552,0.3995,631.0,0.0,0.4428,high
18,101,188.0,137.0,0.1163,6,2038.0,0.3292,136.0,1109.0,21.0,3.6406,15.8048,0.3844,439.0,0.0,0.3668,high
34,214,128.0,123.0,0.0444,5,980.0,0.1977,272.0,2421.0,12.0,2.5301,12.7474,0.2806,580.0,0.0,0.6834,medium
66,303,95.0,76.0,0.0179,2,831.0,0.0668,410.0,3385.0,10.0,1.5561,4.4597,0.0514,342.0,0.0,0.9,low
30,212,117.0,104.0,0.0575,3,1606.0,0.2145,274.0,2106.0,14.0,1.8442,6.5162,0.144,500.0,0.0,0.6903,medium
29,153,158.0,146.0,0.1044,8,1682.0,0.2839,236.0,729.0,19.0,2.7198,16.7613,0.2833,587.0,0.0,0.2995,high
49,352,98.0,72.0,0.0209,1,827.0,0.0564,376.0,2863.0,6.0,1.1281,4.2374,0.0675,243.0,0.0,0.8508,low
64,320,74.0,77.0,0.0292,0,1077.0,0.0794,391.0,3517.0,10.0,1.2091,5.8098,0.0535,298.0,0.0,0.8143,low
30,145,168.0,145.0,0.1215,7,1872.0,0.3302,148.0,750.0,19.0,2.5465,20.8578,0.355,678.0,0.0,0.3584,high
58,258,107.0,82.0,0.0271,2,813.0,0.1031,437.0,3732.0,6.0,1.4174,6.9997,0.1043,276.0,0.0,0.8863,low
48,229,127.0,102.0,0.0722,3,1797.0,0.1681,324.0,2264.0,7.0,0.9547,7.2165,0.1626,502.0,0.0,0.7495,medium
34,114,170.0,133.0,0.0869,7,1505.0,0.3967,79.0,1008.0,15.0,4.7058,18.6573,0.333,435.0,0.0,0.4691,high
26,129,127.0,143.0,0.1112,6,1665.0,0.326,196.0,1122.0,17.0,1.2475,15.3555,0.2968,592.0,0.0,0.3694,high
31,150,160.0,146.0,0.1053,6,1767.0,0.3456,169.0,814.0,18.0,3.2681,20.6332,0.2066,706.0,0.0,0.5084,high
58,235,108.0,88.0,0.0365,4,1220.0,0.1652,336.0,2133.0,12.0,1.7656,8.5107,0.1455,408.0,0.0,0.7354,medium
28,107,154.0,161.0,0.1475,7,1931.0,0.2164,131.0,833.0,17.0,1.4417,9.0307,0.3827,278.0,0.0,0.4797,high
66,309,90.0,67.0,0.0177,1,890.0,0.0674,363.0,2988.0,8.0,0.867,5.9915,0.0734,290.0,0.0,0.8851,low
51,202,129.0,116.0,0.0614,2,1567.0,0.1399,294.0,2317.0,17.0,2.6454,6.9347,0.1247,518.0,0.0,0.5597,medium
67,303,87.0,76.0,0.0184,1,822.0,0.0978,342.0,2979.0,7.0,1.1384,4.3729,0.0742,315.0,0.0,0.8751,low
53,232,102.0,91.0,0.0544,2,1272.0,0.155,308.0,2331.0,13.0,1.2903,7.8819,0.1678,348.0,0.0,0.698,medium
60,328,117.0,75.0,0.0202,2,723.0,0.0703,339.0,3006.0,4.0,1.3743,2.8679,0.0956,290.0,0.0,0.8521,low
42,241,128.0,97.0,0.0754,3,1295.0,0.1486,258.0,2294.0,13.0,1.7041,8.8272,0.1668,406.0,0.0,0.5927,medium
49,231,113.0,115.0,0.0406,3,1156.0,0.2084,333.0,2205.0,13.0,2.8791,10.2007,0.1307,457.0,0.0,0.6426,medium
24,131,164.0,129.0,0.1199,7,2243.0,0.3113,209.0,996.0,17.0,3.1366,17.2323,0.3735,419.0,0.0,0.3953,high
56,331,86.0,75.0,0.0275,1,1064.0,0.0926,467.0,3287.0,7.0,0.7879,2.6115,0.0494,307.0,0.0,0.8844,low
54,203,127.0,113.0,0.0717,3,1165.0,0.1546,307.0,1756.0,14.0,1.6095,5.7446,0.164,349.0,0.0,0.6632,medium
21,135,140.0,187.0,0.1006,9,2054.0,0.3617,214.0,920.0,18.0,4.3781,19.8308,0.3646,543.0,0.0,0.387,high
45,237,120.0,110.0,0.0552,5,1765.0,0.1809,322.0,1751.0,16.0,1.4966,6.226,0.148,399.0,0.0,0.6169,medium
39,203,121.0,115.0,0.0657,5,1681.0,0.1992,304.0,2256.0,15.0,1.4108,10.9792,0.0901,406.0,0.0,0.6661,medium
26,163,151.0,166.0,0.1271,7,2171.0,0.2501,160.0,1265.0,17.0,5.3406,16.7733,0.3536,645.0,0.0,0.5678,high
45,235,110.0,110.0,0.061,4,1084.0,0.1533,294.0,2468.0,11.0,1.5468,9.134,0.243,524.0,0.0,0.5973,medium
30,119,178.0,138.0,0.1133,6,1901.0,0.2435,223.0,1270.0,13.0,2.6626,13.4682,0.4877,752.0,0.0,0.4517,high
72,340,110.0,79.0,0.0083,1,915.0,0.0928,387.0,3609.0,10.0,0.9665,3.3114,0.0811,307.0,0.0,0.8617,low
48,272,102.0,112.0,0.0567,3,1948.0,0.1364,356.0,2246.0,9.0,1.7498,5.0705,0.2322,502.0,0.0,0.67,medium
26,147,182.0,163.0,0.1125,5,1962.0,0.2727,136.0,892.0,19.0,4.136,6.9305,0.367,784.0,0.0,0.4088,high
63,224,103.0,90.0,0.0376,1,898.0,0.0905,373.0,3919.0,4.0,0.7989,2.2679,0.0634,373.0,0.0,0.8973,low
62,281,87.0,77.0,0.0156,1,785.0,0.0474,399.0,3470.0,7.0,0.6594,5.4599,0.0958,332.0,0.0,0.7908,low
65,344,79.0,88.0,0.0199,1,714.0,0.0794,399.0,3418.0,6.0,1.2376,5.5159,0.0448,341.0,0.0,0.7196,low
46,239,116.0,107.0,0.0472,3,1747.0,0.2405,232.0,2336.0,13.0,0.9255,5.6245,0.1167,428.0,0.0,0.5905,medium
58,342,98.0,80.0,0.0059,2,723.0,0.0777,395.0,3682.0,9.0,1.4518,6.611,0.0667,361.0,0.0,0.8386,low
49,187,121.0,102.0,0.0504,4,1325.0,0.209,299.0,2143.0,7.0,1.7709,11.7647,0.1777,577.0,0.0,0.7249,medium
60,372,97.0,84.0,0.0165,1,892.0,0.0691,408.0,3306.0,7.0,1.0685,7.8525,0.0569,176.0,0.0,0.8104,low
24,140,164.0,135.0,0.1488,7,2248.0,0.2645,126.0,1230.0,15.0,4.2062,10.8914,0.4115,425.0,0.0,0.4165,high
41,224,97.0,92.0,0.0683,4,1344.0,0.146,224.0,2396.0,13.0,1.9531,3.0808,0.1506,407.0,0.0,0.6537,medium
59,332,93.0,80.0,0.0223,2,661.0,0.0625,322.0,3562.0,7.0,0.8019,4.644,0.0665,238.0,0.0,0.7586,low
41,244,81.0,124.0,0.0604,4,1799.0,0.1345,354.0,2108.0,12.0,1.7976,8.6812,0.1058,267.0,0.0,0.6948,medium
15,91,121.0,136.0,0.0983,8,2115.0,0.3406,176.0,926.0,10.0,3.313,16.3858,0.2884,687.0,0.0,0.3726,high
66,353,98.0,84.0,0.0147,2,672.0,0.0638,376.0,3609.0,7.0,0.4345,5.6981,0.0626,394.0,0.0,0.7756,low
52,154,132.0,115.0,0.0646,3,1555.0,0.1637,333.0,2218.0,15.0,1.5065,4.9895,0.1459,440.0,0.0,0.7442,medium
64,274,106.0,88.0,0.0193,1,780.0,0.0789,345.0,3703.0,8.0,0.5822,7.2924,0.0569,295.0,0.0,0.8248,low
50,205,118.0,119.0,0.0519,4,1367.0,0.2121,228.0,2239.0,14.0,2.3458,9.1055,0.2323,485.0,0.0,0.7213,medium
68,359,107.0,85.0,0.02,1,1064.0,0.1313,453.0,3548.0,11.0,0.5444,6.0532,0.0535,186.0,0.0,0.8879,low
79,256,90.0,72.0,0.023,1,666.0,0.0866,450.0,2930.0,11.0,0.83,3.5036,0.1097,274.0,0.0,0.8181,low
44,191,89.0,123.0,0.0471,3,1159.0,0.1888,318.0,2101.0,11.0,2.5647,9.1045,0.1419,422.0,0.0,0.6255,medium
32,189,104.0,92.0,0.0542,3,1449.0,0.1877,306.0,1852.0,13.0,1.4829,7.0283,0.1799,491.0,0.0,0.5758,medium
43,203,117.0,83.0,0.0762,4,1827.0,0.2048,355.0,2573.0,13.0,1.8979,7.0533,0.2292,438.0,0.0,0.6479,medium
58,285,101.0,89.0,0.0295,2,678.0,0.0995,423.0,3598.0,10.0,1.1174,4.9419,0.0574,364.0,0.0,0.9538,low
27,123,149.0,127.0,0.0691,5,2201.0,0.4116,108.0,720.0,22.0,2.2485,17.3056,0.3041,598.0,0.0,0.4377,high
39,246,130.0,109.0,0.0789,4,553.0,0.1041,300.0,1650.0,11.0,2.0527,11.2426,0.1311,505.0,0.0,0.6383,medium
27,117,176.0,119.0,0.0848,6,2727.0,0.3565,177.0,989.0,21.0,1.924,12.3421,0.3179,613.0,0.0,0.3788,high
20,144,133.0,159.0,0.0359,8,2173.0,0.2371,178.0,1188.0,29.0,3.4959,18.4895,0.309,673.0,0.0,0.5549,high
55,296,105.0,84.0,0.0205,1,876.0,0.093,368.0,2928.0,7.0,0.5114,6.5142,0.0873,297.0,0.0,0.7323,low
66,304,98.0,72.0,0.0154,2,754.0,0.0871,481.0,3696.0,4.0,0.9216,4.5291,0.0794,307.0,0.0,0.7867,low
62,307,108.0,76.0,0.0256,1,1201.0,0.0566,319.0,3042.0,8.0,0.9492,3.731,0.0599,249.0,0.0,0.7769,low
58,335,95.0,75.0,0.0163,1,953.0,0.0585,452.0,3583.0,8.0,1.5476,9.2438,0.0716,270.0,0.0,0.7484,low
64,326,101.0,88.0,0.0289,2,886.0,0.0827,410.0,3655.0,7.0,1.2171,3.2613,0.059,300.0,0.0,0.8201,low
62,282,129.0,118.0,0.0842,5,1581.0,0.2136,352.0,2429.0,16.0,2.4873,12.1897,0.0881,422.0,0.0,0.6297,medium
60,317,88.0,76.0,0.0136,1,869.0,0.0771,420.0,2947.0,11.0,0.3387,5.2077,0.0841,275.0,0.0,0.7872,low
61,353,96.0,78.0,0.0077,1,522.0,0.0804,400.0,3335.0,6.0,1.3147,5.7291,0.0635,240.0,0.0,0.925,low
33,126,172.0,165.0,0.0889,7,2348.0,0.31,192.0,445.0,12.0,2.8813,18.3347,0.4191,455.0,0.0,0.3041,high
63,305,93.0,83.0,0.0276,1,581.0,0.0607,393.0,3506.0,5.0,0.9192,2.8704,0.056,204.0,0.0,0.8079,low
38,229,128.0,113.0,0.0627,3,1103.0,0.217,289.0,2510.0,7.0,1.4766,10.1131,0.1638,499.0,0.0,0.6738,medium
52,364,94.0,83.0,0.0234,1,1129.0,0.1142,449.0,2940.0,13.0,1.2244,2.7752,0.0489,379.0,0.0,0.8617,low
59,299,102.0,91.0,0.0289,2,712.0,0.0742,459.0,3558.0,8.0,1.2363,5.5701,0.0982,296.0,0.0,0.8441,low
22,73,164.0,120.0,0.1165,9,2344.0,0.313,206.0,994.0,18.0,2.6054,12.5714,0.5721,719.0,0.0,0.4349,high
25,146,142.0,121.0,0.1632,8,3139.0,0.2402,178.0,1347.0,18.0,3.9922,8.2164,0.3946,589.0,0.0,0.4835,high
59,333,103.0,65.0,0.0176,2,861.0,0.0692,415.0,3364.0,9.0,0.6257,3.5196,0.0751,223.0,0.0,0.7566,low
21,139,156.0,121.0,0.1301,5,2455.0,0.3248,177.0,1246.0,23.0,3.1218,10.729,0.3772,678.0,0.0,0.4399,high
73,306,95.0,72.0,0.0204,1,881.0,0.0917,312.0,3329.0,9.0,1.2828,5.8497,0.1016,252.0,0.0,0.7388,low
56,195,121.0,95.0,0.0537,3,1058.0,0.1238,376.0,2367.0,11.0,1.7929,5.6343,0.1944,461.0,0.0,0.7984,medium
26,273,106.0,107.0,0.0554,4,1291.0,0.1911,365.0,1985.0,11.0,1.4656,10.4835,0.1438,510.0,0.0,0.5405,medium
36,183,112.0,107.0,0.0503,4,1172.0,0.1347,226.0,2249.0,10.0,1.8909,7.22,0.1339,515.0,0.0,0.6948,medium
30,131,153.0,183.0,0.1395,9,1446.0,0.2448,140.0,968.0,22.0,4.1647,14.0155,0.3464,353.0,0.0,0.464,high
46,201,117.0,117.0,0.0578,3,1373.0,0.155,254.0,2188.0,13.0,2.1519,9.3322,0.1137,465.0,0.0,0.5562,medium
26,164,154.0,145.0,0.0849,9,2230.0,0.1867,219.0,1520.0,9.0,2.5476,15.9049,0.3713,475.0,0.0,0.4082,high
47,198,148.0,96.0,0.0655,3,1272.0,0.1765,271.0,1652.0,19.0,1.9368,6.5101,0.1085,406.0,0.0,0.6864,medium
58,234,100.0,80.0,0.021,1,954.0,0.0944,355.0,3052.0,11.0,0.6036,3.5589,0.0589,277.0,0.0,0.8065,low
15,105,146.0,151.0,0.1052,7,2257.0,0.3122,100.0,943.0,15.0,2.3948,17.6898,0.3225,531.0,0.0,0.4398,high
58,210,137.0,111.0,0.0587,3,1167.0,0.1423,311.0,1732.0,14.0,1.8599,9.4144,0.1975,404.0,0.0,0.7453,medium
29,136,144.0,154.0,0.0857,8,2348.0,0.3036,211.0,991.0,21.0,3.6581,15.3303,0.2515,736.0,0.0,0.4637,high
46,212,112.0,100.0,0.0421,4,1397.0,0.0623,346.0,2345.0,15.0,2.102,8.7367,0.2354,374.0,0.0,0.6633,medium
46,218,116.0,107.0,0.0619,4,1723.0,0.1946,304.0,2351.0,16.0,1.6843,10.0486,0.1586,305.0,0.0,0.6269,medium
65,322,107.0,67.0,0.0187,1,904.0,0.1058,388.0,2896.0,9.0,1.0377,3.1646,0.0627,354.0,0.0,0.7888,low
34,102,136.0,135.0,0.1133,5,2048.0,0.3968,208.0,228.0,15.0,2.3915,17.3895,0.2776,466.0,0.0,0.436,high
45,222,83.0,101.0,0.0537,4,1734.0,0.209,210.0,2568.0,13.0,2.1337,9.8414,0.2021,416.0,0.0,0.6567,medium
77,254,81.0,89.0,0.0242,2,676.0,0.0604,461.0,3823.0,10.0,1.0896,8.6316,0.0607,306.0,0.0,0.7814,low
77,320,113.0,92.0,0.0158,2,815.0,0.1077,330.0,2831.0,8.0,1.0269,2.9534,0.0587,266.0,0.0,0.8454,low
44,329,87.0,63.0,0.0245,1,823.0,0.0683,443.0,3544.0,4.0,1.0248,4.0429,0.1044,343.0,0.0,0.7741,low
26,86,172.0,143.0,0.1269,8,2683.0,0.2517,128.0,870.0,14.0,4.8115,14.7862,0.2274,647.0,0.0,0.4494,high
19,140,151.0,150.0,0.1084,9,2370.0,0.312,194.0,831.0,16.0,3.0728,12.5424,0.3662,517.0,0.0,0.5344,high
37,112,164.0,141.0,0.109,8,2046.0,0.3801,129.0,788.0,26.0,2.6708,14.4965,0.3409,679.0,0.0,0.3829,high
53,247,87.0,83.0,0.0176,2,662.0,0.0883,348.0,3602.0,5.0,1.3604,7.6291,0.0976,292.0,0.0,0.7847,low
53,314,60.0,83.0,0.0187,2,809.0,0.1019,353.0,3242.0,7.0,0.7104,4.8087,0.0587,291.0,0.0,0.8461,low
32,72,133.0,134.0,0.1004,7,1479.0,0.3862,119.0,620.0,19.0,3.4627,6.1748,0.3369,902.0,0.0,0.3675,high
68,344,75.0,81.0,0.0205,1,759.0,0.0414,476.0,2910.0,7.0,0.4292,4.8514,0.0659,217.0,0.0,0.7505,low
49,225,144.0,97.0,0.0678,4,1510.0,0.1574,262.0,2264.0,2.0,1.5169,10.5461,0.2165,510.0,0.0,0.6646,medium
48,294,69.0,80.0,0.0234,0,877.0,0.1314,407.0,3463.0,5.0,0.6401,4.4136,0.0767,208.0,0.0,0.7905,low
30,225,86.0,106.0,0.0692,4,1503.0,0.1919,333.0,2629.0,12.0,2.1184,9.5759,0.168,306.0,0.0,0.6468,medium
60,322,112.0,71.0,0.0253,1,717.0,0.051,569.0,2561.0,7.0,0.9405,6.63,0.1025,288.0,0.0,0.7907,low
21,100,182.0,155.0,0.145,10,2756.0,0.3687,159.0,1113.0,23.0,4.1601,15.8793,0.2858,799.0,0.0,0.4855,high
68,348,79.0,71.0,0.0146,1,888.0,0.1157,467.0,4077.0,14.0,0.945,6.1185,0.109,218.0,0.0,0.7983,low
31,92,175.0,133.0,0.1028,8,2497.0,0.2639,145.0,1231.0,13.0,2.7432,9.962,0.18,566.0,0.0,0.352,high
22,128,159.0,147.0,0.1086,7,2856.0,0.3573,206.0,824.0,17.0,2.0521,18.2413,0.2913,870.0,0.0,0.2755,high
30,115,127.0,154.0,0.1729,6,2398.0,0.4071,209.0,1420.0,11.0,3.6464,11.6349,0.3786,716.0,0.0,0.3374,high
45,227,102.0,106.0,0.0703,4,1179.0,0.2296,297.0,1852.0,13.0,1.7647,11.6418,0.1553,405.0,0.0,0.6493,medium
61,294,76.0,95.0,0.0184,1,698.0,0.0713,434.0,2919.0,9.0,0.7926,4.2341,0.1086,247.0,0.0,0.8726,low
18,146,156.0,172.0,0.1193,6,2505.0,0.3732,201.0,1653.0,13.0,2.9695,13.6169,0.4065,488.0,0.0,0.3886,high
18,91,142.0,118.0,0.124,5,2444.0,0.2951,195.0,1148.0,18.0,3.5727,12.202,0.2692,455.0,0.0,0.3848,high
75,233,97.0,67.0,0.0272,1,759.0,0.0329,408.0,2710.0,8.0,0.111,4.1054,0.0566,320.0,0.0,0.8171,low
23,137,179.0,156.0,0.1042,9,1978.0,0.3803,174.0,1013.0,16.0,3.43,16.7585,0.3203,641.0,0.0,0.3516,high
16,90,124.0,159.0,0.1042,8,2292.0,0.2858,171.0,1266.0,20.0,3.5707,15.8786,0.4183,840.0,0.0,0.4433,high
63,288,68.0,86.0,0.0219,2,762.0,0.0599,510.0,3338.0,10.0,0.9927,4.7486,0.0855,298.0,0.0,0.7691,low
23,139,137.0,95.0,0.1167,6,2762.0,0.4472,104.0,528.0,20.0,2.2847,13.314,0.3631,539.0,0.0,0.2989,high
47,257,123.0,97.0,0.0593,3,1304.0,0.156,301.0,2403.0,18.0,1.8178,6.8895,0.1401,463.0,0.0,0.62,medium
26,129,176.0,145.0,0.0823,7,2154.0,0.3138,147.0,1213.0,17.0,2.5019,12.7039,0.3244,462.0,0.0,0.6177,high
31,245,109.0,103.0,0.0462,4,1259.0,0.2005,321.0,2444.0,7.0,2.2881,12.0606,0.1576,524.0,0.0,0.5952,medium
32,223,124.0,78.0,0.0489,3,1464.0,0.1427,278.0,2627.0,17.0,2.0179,9.021,0.2031,411.0,0.0,0.6842,medium
41,254,107.0,93.0,0.0264,4,1130.0,0.1753,329.0,2112.0,15.0,2.6387,8.395,0.1866,498.0,0.0,0.6708,medium
42,194,143.0,108.0,0.0412,4,1238.0,0.2107,374.0,2030.0,13.0,1.1716,10.2869,0.1658,435.0,0.0,0.6532,medium
39,227,122.0,118.0,0.0629,5,1004.0,0.1377,338.0,2221.0,10.0,1.7874,10.8893,0.1214,478.0,0.0,0.652,medium
65,317,95.0,63.0,0.0228,1,658.0,0.1002,412.0,2930.0,6.0,0.545,4.589,0.1,280.0,0.0,0.7072,low
49,329,106.0,95.0,0.0218,1,896.0,0.0928,369.0,3494.0,7.0,1.4312,5.8058,0.0612,240.0,0.0,0.7626,low
66,336,111.0,71.0,0.0236,1,631.0,0.0531,354.0,2935.0,9.0,1.1593,2.8921,0.0736,271.0,0.0,0.7853,low
26,157,166.0,175.0,0.1251,7,2429.0,0.3823,156.0,1156.0,24.0,4.5399,15.9524,0.3672,849.0,0.0,0.3155,high
64,322,105.0,82.0,0.0075,1,808.0,0.0969,323.0,2773.0,7.0,0.8693,3.6911,0.0405,253.0,0.0,0.8796,low
27,124,167.0,149.0,0.1247,7,2134.0,0.3044,200.0,978.0,20.0,2.6652,15.1532,0.3286,580.0,0.0,0.3954,high
48,215,120.0,104.0,0.0812,3,1417.0,0.1553,281.0,2314.0,13.0,1.8996,10.4802,0.1382,432.0,0.0,0.722,medium
40,241,137.0,92.0,0.0705,5,1871.0,0.1981,257.0,2155.0,15.0,2.0021,8.3053,0.1991,300.0,0.0,0.6927,medium
32,162,130.0,85.0,0.0486,4,1121.0,0.2163,271.0,2291.0,7.0,2.4898,9.4304,0.1203,381.0,0.0,0.6886,medium
55,178,143.0,101.0,0.0463,3,1485.0,0.2333,218.0,2569.0,8.0,0.8731,9.3577,0.177,444.0,0.0,0.7728,medium
53,196,125.0,112.0,0.0589,3,1336.0,0.2133,254.0,2333.0,11.0,1.9238,8.8635,0.2274,498.0,0.0,0.5346,medium
42,209,111.0,116.0,0.0451,5,847.0,0.1433,283.0,1171.0,12.0,1.7659,7.9143,0.1683,424.0,0.0,0.7374,medium
7,111,160.0,145.0,0.0982,7,2376.0,0.3108,127.0,1169.0,19.0,3.314,12.6925,0.4099,704.0,0.0,0.4001,high
82,245,85.0,70.0,0.0263,0,1048.0,0.0728,510.0,3390.0,11.0,0.4627,4.4654,0.1073,337.0,0.0,0.7605,low
54,338,74.0,80.0,0.0246,1,959.0,0.1091,454.0,3978.0,5.0,0.8224,3.6214,0.0836,207.0,0.0,0.8077,low
15,113,153.0,138.0,0.1095,6,2062.0,0.426,185.0,1155.0,16.0,3.0452,20.4041,0.3894,648.0,0.0,0.4071,high
53,320,82.0,90.0,0.0168,1,850.0,0.0984,350.0,4192.0,7.0,0.6227,6.043,0.055,371.0,0.0,0.7542,low
33,125,161.0,168.0,0.1336,6,2089.0,0.3977,121.0,1044.0,21.0,4.0504,12.7224,0.4081,608.0,0.0,0.4025,high
58,301,113.0,79.0,0.0161,0,969.0,0.0788,535.0,2460.0,9.0,0.4927,7.2466,0.0654,411.0,0.0,0.8258,low
25,164,181.0,153.0,0.1522,9,1955.0,0.313,160.0,1284.0,20.0,4.2527,10.4071,0.3307,674.0,0.0,0.3634,high
57,346,93.0,84.0,0.0102,2,724.0,0.0359,361.0,2805.0,7.0,0.8342,6.1204,0.0568,267.0,0.0,0.7102,low
16,107,140.0,140.0,0.1335,7,2226.0,0.3342,176.0,1096.0,15.0,3.3138,17.0231,0.3242,548.0,0.0,0.3872,high
73,336,89.0,78.0,0.0261,0,748.0,0.0634,318.0,2929.0,6.0,1.211,4.3562,0.0709,235.0,0.0,0.8885,low
38,318,92.0,92.0,0.0191,1,831.0,0.0833,352.0,2807.0,8.0,1.1002,5.5669,0.0688,273.0,0.0,0.8636,low
39,148,124.0,77.0,0.0634,3,1687.0,0.2339,326.0,2412.0,12.0,1.325,8.1774,0.115,489.0,0.0,0.5664,medium
46,211,127.0,90.0,0.065,4,1199.0,0.1759,197.0,2284.0,10.0,1.1861,7.5456,0.1821,379.0,0.0,0.5489,medium
46,220,127.0,115.0,0.0398,3,1402.0,0.1989,348.0,1984.0,12.0,1.9921,10.5841,0.1676,499.0,0.0,0.5721,medium
61,316,109.0,76.0,0.0208,1,773.0,0.1017,391.0,3787.0,6.0,0.4289,3.4556,0.0948,191.0,0.0,0.8887,low
20,127,160.0,175.0,0.1192,7,1866.0,0.2633,157.0,1088.0,18.0,3.8398,10.5801,0.422,605.0,0.0,0.4721,high
54,398,110.0,76.0,0.0101,1,772.0,0.0796,459.0,3206.0,8.0,1.031,7.4974,0.0542,261.0,0.0,0.8933,low
40,197,90.0,91.0,0.0816,5,1466.0,0.252,265.0,1007.0,17.0,1.6769,10.9345,0.0786,372.0,0.0,0.6531,medium
34,137,99.0,122.0,0.0886,1,944.0,0.2057,256.0,1331.0,11.0,2.0996,6.817,0.1519,502.0,0.0,0.5418,medium
53,344,82.0,66.0,0.0195,1,813.0,0.0534,463.0,3323.0,3.0,0.9409,4.4123,0.0269,294.0,0.0,0.7523,low
57,284,80.0,90.0,0.016,0,868.0,0.0957,479.0,3253.0,10.0,0.6122,6.1815,0.0587,298.0,0.0,0.8098,low
29,139,156.0,194.0,0.1117,6,2272.0,0.2925,184.0,1171.0,18.0,3.9139,12.7487,0.2803,438.0,0.0,0.5869,high
39,205,133.0,110.0,0.0368,3,1403.0,0.1576,454.0,1883.0,10.0,1.9928,11.6039,0.1559,289.0,0.0,0.5915,medium
76,316,96.0,75.0,0.0219,1,705.0,0.1114,487.0,2841.0,8.0,1.0987,6.198,0.0727,428.0,0.0,0.8112,low
15,77,183.0,184.0,0.1166,7,2001.0,0.3349,44.0,1170.0,17.0,3.4397,12.9711,0.228,764.0,0.0,0.3694,high
44,205,130.0,116.0,0.0693,3,1169.0,0.1411,233.0,2387.0,12.0,1.2492,7.8014,0.224,335.0,0.0,0.6618,medium
29,92,134.0,167.0,0.1191,7,1898.0,0.2647,115.0,892.0,21.0,3.2192,19.4978,0.3565,772.0,0.0,0.3519,high
46,241,135.0,122.0,0.0538,3,1974.0,0.2004,235.0,1689.0,13.0,1.9062,10.0665,0.1644,518.0,0.0,0.6893,medium
38,217,115.0,97.0,0.0614,4,1325.0,0.1937,368.0,2257.0,15.0,1.5593,9.9029,0.1972,368.0,0.0,0.6204,medium
59,346,92.0,70.0,0.0186,2,869.0,0.0535,454.0,3594.0,5.0,0.7762,3.273,0.0535,280.0,0.0,0.8207,low
21,165,178.0,144.0,0.0924,5,2517.0,0.2676,68.0,743.0,28.0,2.3484,15.1255,0.3657,569.0,0.0,0.4073,high
58,295,90.0,78.0,0.0293,2,900.0,0.067,428.0,3309.0,5.0,0.4713,6.7365,0.0667,288.0,0.0,0.8212,low
42,214,124.0,121.0,0.0675,4,1701.0,0.1406,279.0,2288.0,11.0,1.9451,5.6789,0.2171,454.0,0.0,0.5923,medium
65,283,83.0,83.0,0.008,1,954.0,0.0754,391.0,3074.0,11.0,0.7761,4.5811,0.0374,249.0,0.0,0.8367,low
63,276,106.0,76.0,0.0149,1,541.0,0.0935,368.0,2881.0,5.0,0.6065,8.7095,0.0388,290.0,0.0,0.8149,low
67,204,99.0,80.0,0.0272,1,1033.0,0.1145,488.0,2838.0,8.0,0.6637,3.8124,0.0763,227.0,0.0,0.8585,low
30,111,123.0,146.0,0.0806,10,2006.0,0.3126,137.0,1030.0,25.0,4.1869,18.1438,0.3061,340.0,0.0,0.3824,high
60,296,80.0,76.0,0.0275,1,941.0,0.0935,373.0,3065.0,8.0,1.1093,3.1408,0.0567,251.0,0.0,0.786,low
61,347,105.0,64.0,0.0108,1,1086.0,0.0628,448.0,3177.0,8.0,0.7829,2.5561,0.107,321.0,0.0,0.8803,low
33,247,126.0,124.0,0.0515,5,1646.0,0.1499,213.0,2365.0,12.0,2.1262,9.0164,0.1936,430.0,0.0,0.5694,medium
70,340,112.0,89.0,0.0278,1,766.0,0.0754,416.0,3049.0,8.0,1.3668,2.5368,0.101,309.0,0.0,0.8302,low
54,218,80.0,78.0,0.0129,1,922.0,0.1013,388.0,4062.0,7.0,0.9457,4.985,0.0381,272.0,0.0,0.7819,low
13,141,126.0,138.0,0.1177,7,2302.0,0.3631,124.0,1009.0,21.0,3.7061,6.7286,0.3164,745.0,0.0,0.5292,high
23,113,155.0,136.0,0.0855,9,1067.0,0.4585,212.0,1466.0,22.0,3.3366,8.6187,0.3221,717.0,0.0,0.3428,high
61,294,97.0,79.0,0.0199,1,1064.0,0.0672,444.0,3313.0,8.0,0.6884,3.637,0.0589,271.0,0.0,0.8271,low
44,267,85.0,95.0,0.0156,0,848.0,0.0751,488.0,3547.0,6.0,1.1541,3.6807,0.0553,256.0,0.0,0.9479,low
59,305,100.0,68.0,0.0196,1,835.0,0.0872,493.0,3414.0,7.0,1.4377,4.3644,0.0617,293.0,0.0,0.8637,low
43,239,119.0,121.0,0.045,2,1259.0,0.159,243.0,1711.0,6.0,2.3591,8.7835,0.2214,326.0,0.0,0.7191,medium
67,346,78.0,71.0,0.0208,1,1017.0,0.0896,349.0,3137.0,8.0,1.0055,5.3077,0.069,331.0,0.0,0.8516,low
25,138,125.0,132.0,0.0679,8,1724.0,0.253,151.0,1171.0,19.0,4.0004,14.8849,0.3211,679.0,0.0,0.5004,high
47,185,115.0,112.0,0.0459,2,1595.0,0.1847,322.0,2455.0,12.0,1.3235,8.5855,0.075,511.0,0.0,0.5986,medium
36,126,176.0,149.0,0.1014,6,1666.0,0.3193,135.0,1351.0,18.0,4.0595,8.515,0.2392,749.0,0.0,0.5164,high
46,238,139.0,109.0,0.0623,4,784.0,0.148,283.0,2615.0,12.0,1.7673,8.7131,0.2437,520.0,0.0,0.6025,medium
21,106,167.0,136.0,0.0845,4,1849.0,0.2559,199.0,716.0,16.0,2.1363,12.3883,0.3389,603.0,0.0,0.3971,high
62,334,77.0,69.0,0.0162,0,933.0,0.0925,447.0,2591.0,9.0,1.0201,4.0117,0.0419,238.0,0.0,0.861,low
24,112,174.0,121.0,0.1105,8,1961.0,0.2278,146.0,949.0,16.0,2.295,14.5498,0.2988,711.0,0.0,0.5704,high
67,304,97.0,80.0,0.0163,1,712.0,0.0646,311.0,3826.0,6.0,0.7767,5.754,0.0686,272.0,0.0,0.7928,low
30,114,157.0,165.0,0.0855,8,2272.0,0.2818,148.0,1122.0,19.0,3.4774,16.8226,0.4026,839.0,0.0,0.4918,high
32,84,151.0,157.0,0.0869,10,2174.0,0.2906,138.0,915.0,15.0,2.6276,15.9173,0.3165,571.0,0.0,0.3553,high
60,271,88.0,93.0,0.0158,1,591.0,0.0749,411.0,3483.0,4.0,0.7955,3.1346,0.0985,377.0,0.0,0.848,low
41,185,137.0,105.0,0.0548,3,1410.0,0.1798,287.0,1866.0,11.0,1.638,9.8664,0.2059,387.0,0.0,0.6192,medium
62,337,75.0,84.0,0.0201,1,994.0,0.0824,372.0,2827.0,11.0,0.5468,5.0618,0.0739,351.0,0.0,0.713,low
47,242,106.0,110.0,0.0474,3,1508.0,0.2002,282.0,1727.0,10.0,2.7575,12.2416,0.1972,322.0,0.0,0.5803,medium
42,205,118.0,108.0,0.0565,3,1348.0,0.2012,320.0,2079.0,12.0,2.2903,7.3214,0.2319,395.0,0.0,0.6788,medium
55,286,122.0,86.0,0.0251,2,761.0,0.1005,365.0,3104.0,1.0,0.8575,6.1461,0.0533,199.0,0.0,0.7542,low
75,329,83.0,88.0,0.0077,1,808.0,0.0603,311.0,3021.0,7.0,0.8458,5.556,0.0314,217.0,0.0,0.7751,low
30,110,154.0,132.0,0.0972,8,2597.0,0.2863,140.0,1345.0,18.0,2.8444,13.8033,0.4306,598.0,0.0,0.3532,high
68,381,99.0,68.0,0.0251,1,854.0,0.0738,321.0,3198.0,8.0,1.3928,4.8066,0.0578,292.0,0.0,0.8927,low
28,115,131.0,116.0,0.0776,8,2307.0,0.2104,189.0,1180.0,19.0,2.2859,17.8416,0.1986,364.0,0.0,0.4655,high
55,160,99.0,120.0,0.0791,3,1064.0,0.2156,316.0,1896.0,13.0,1.5666,7.8535,0.0959,377.0,0.0,0.6677,medium
35,141,175.0,160.0,0.0738,11,2151.0,0.2759,169.0,1259.0,15.0,3.0523,13.0094,0.4687,909.0,0.0,0.4479,high
66,286,95.0,77.0,0.0103,2,792.0,0.0962,451.0,3331.0,10.0,0.7645,4.545,0.0498,184.0,0.0,0.9149,low
61,256,110.0,61.0,0.0198,2,605.0,0.0705,508.0,2874.0,11.0,1.1494,5.781,0.0472,271.0,0.0,0.7515,low
76,311,87.0,94.0,0.0168,1,894.0,0.0816,476.0,3340.0,6.0,0.8221,4.0496,0.0944,221.0,0.0,0.7842,low
34,135,156.0,170.0,0.0882,8,2501.0,0.2029,182.0,711.0,4.0,3.9184,16.8914,0.3905,527.0,0.0,0.3703,high
67,333,115.0,74.0,0.0299,0,812.0,0.0742,350.0,3401.0,4.0,1.3502,6.6417,0.0237,261.0,0.0,0.8094,low
63,299,113.0,76.0,0.0282,2,711.0,0.0796,403.0,3169.0,11.0,0.8277,6.8222,0.0513,206.0,0.0,0.8845,low
24,152,157.0,136.0,0.1581,7,2072.0,0.3348,133.0,1464.0,23.0,2.9306,11.139,0.3106,708.0,0.0,0.5958,high
32,286,112.0,116.0,0.0568,4,1287.0,0.2189,315.0,2714.0,8.0,1.1458,10.4517,0.1175,468.0,0.0,0.7334,medium
66,242,96.0,89.0,0.0055,1,309.0,0.1109,379.0,3318.0,9.0,0.9228,6.6459,0.0709,310.0,0.0,0.8465,low
31,118,137.0,140.0,0.0947,6,2028.0,0.2625,125.0,925.0,17.0,3.4821,12.1239,0.3258,679.0,0.0,0.4264,high
57,187,108.0,97.0,0.062,3,1333.0,0.1272,210.0,1636.0,14.0,1.7092,11.8289,0.1419,452.0,0.0,0.6759,medium
61,319,80.0,81.0,0.0176,4,1046.0,0.0401,502.0,2180.0,6.0,0.4729,3.2683,0.0379,292.0,0.0,0.8735,low
69,262,100.0,79.0,0.0077,1,810.0,0.071,428.0,3330.0,7.0,0.4888,3.0291,0.0807,326.0,0.0,0.8117,low
64,310,95.0,78.0,0.0155,0,789.0,0.0711,291.0,3222.0,6.0,0.8457,3.1022,0.1009,293.0,0.0,0.8522,low
54,256,113.0,122.0,0.0783,4,1252.0,0.2336,311.0,2175.0,11.0,1.7749,9.4109,0.1583,316.0,0.0,0.6464,medium
32,164,161.0,139.0,0.1467,7,2216.0,0.3282,130.0,924.0,21.0,4.4957,11.5548,0.409,499.0,0.0,0.5325,high
37,205,115.0,116.0,0.0615,4,946.0,0.0621,371.0,2156.0,12.0,1.1096,10.3668,0.2496,556.0,0.0,0.6474,medium
32,155,155.0,114.0,0.1386,8,1830.0,0.2988,112.0,1355.0,18.0,2.4891,13.9011,0.3501,423.0,0.0,0.3563,high
18,125,153.0,151.0,0.1255,10,2437.0,0.2044,139.0,1194.0,13.0,2.5253,11.0264,0.3397,776.0,0.0,0.4262,high
22,184,188.0,131.0,0.0866,8,1978.0,0.3791,251.0,1265.0,20.0,2.4606,19.7021,0.3586,586.0,0.0,0.3015,high
22,114,130.0,157.0,0.1449,7,2096.0,0.3026,147.0,1037.0,16.0,2.7653,13.6622,0.4161,711.0,0.0,0.4565,high
60,272,91.0,91.0,0.0281,1,938.0,0.0824,395.0,3837.0,5.0,1.0763,6.2195,0.0582,263.0,0.0,0.8058,low
32,228,102.0,95.0,0.0803,5,995.0,0.1321,298.0,2153.0,17.0,2.1365,8.5433,0.1658,382.0,0.0,0.6199,medium
51,193,111.0,105.0,0.0787,6,1306.0,0.1965,289.0,2688.0,11.0,1.7626,12.0618,0.1415,505.0,0.0,0.6102,medium
14,105,128.0,119.0,0.1343,8,2131.0,0.3926,194.0,1469.0,13.0,2.828,11.4031,0.3427,523.0,0.0,0.5343,high
60,373,74.0,77.0,0.0162,0,887.0,0.0736,433.0,2814.0,6.0,0.5975,4.81,0.0521,313.0,0.0,0.7508,low
27,143,104.0,159.0,0.0986,9,2428.0,0.2554,162.0,1341.0,6.0,3.4963,12.8218,0.3318,535.0,0.0,0.5019,high
36,110,130.0,161.0,0.0759,7,2227.0,0.2388,139.0,917.0,16.0,2.9921,17.0204,0.1459,778.0,0.0,0.5112,high
31,138,142.0,135.0,0.104,6,2573.0,0.2914,142.0,1002.0,22.0,2.1817,15.5501,0.285,610.0,0.0,0.4279,high
73,306,102.0,71.0,0.0242,1,740.0,0.0668,426.0,2963.0,7.0,0.9911,3.3774,0.0483,309.0,0.0,0.8934,low
62,299,67.0,92.0,0.0125,1,823.0,0.1123,492.0,3192.0,8.0,1.1983,6.0296,0.0749,231.0,0.0,0.8503,low
69,302,83.0,91.0,0.0275,1,742.0,0.1107,257.0,2901.0,7.0,0.4111,5.3385,0.0627,244.0,0.0,0.8755,low
48,260,96.0,68.0,0.0129,2,479.0,0.1142,498.0,3476.0,8.0,1.1537,3.7756,0.0611,339.0,0.0,0.8157,low
23,110,163.0,180.0,0.1313,7,2360.0,0.1872,144.0,1149.0,20.0,4.1915,13.7516,0.3623,700.0,0.0,0.535,high
47,216,140.0,117.0,0.0724,4,937.0,0.1546,201.0,1869.0,13.0,1.4059,12.4513,0.1466,423.0,0.0,0.7017,medium
35,114,166.0,146.0,0.1123,5,2124.0,0.3591,150.0,1304.0,13.0,3.2321,12.8445,0.3789,637.0,0.0,0.3507,high
58,315,88.0,69.0,0.0171,1,1023.0,0.0759,486.0,2431.0,9.0,1.1302,5.5954,0.0603,281.0,0.0,0.8503,low
44,336,89.0,76.0,0.0087,1,1036.0,0.0925,393.0,3953.0,13.0,1.3552,7.7857,0.0444,275.0,0.0,0.9196,low
23,125,218.0,150.0,0.1111,7,2111.0,0.4304,157.0,1146.0,18.0,1.9489,17.0926,0.2781,422.0,0.0,0.3972,high
68,304,101.0,70.0,0.0065,1,788.0,0.0771,528.0,3298.0,10.0,1.1919,4.2437,0.0755,327.0,0.0,0.7927,low
68,309,88.0,69.0,0.0146,0,847.0,0.076,307.0,2617.0,9.0,0.8353,7.4713,0.1012,245.0,0.0,0.7952,low
42,201,87.0,134.0,0.0606,5,1568.0,0.1628,295.0,2432.0,12.0,1.8279,6.4941,0.1547,409.0,0.0,0.7396,medium
65,292,100.0,72.0,0.0132,2,600.0,0.1016,474.0,3368.0,11.0,1.0583,5.424,0.0917,305.0,0.0,0.8082,low
42,189,146.0,114.0,0.0541,4,1336.0,0.1446,315.0,2318.0,16.0,1.6252,5.9921,0.1545,214.0,0.0,0.6558,medium
19,119,178.0,114.0,0.0998,6,2104.0,0.2885,121.0,1044.0,19.0,7.1058,14.9635,0.3678,621.0,0.0,0.3699,high
55,232,121.0,83.0,0.0377,4,1555.0,0.1348,312.0,1956.0,11.0,1.9586,4.6947,0.1935,530.0,0.0,0.5912,medium
26,384,99.0,84.0,0.0014,1,971.0,0.0462,223.0,2829.0,6.0,1.103,2.5651,0.1405,314.0,0.0,0.7313,low
19,144,162.0,137.0,0.098,7,2558.0,0.2854,139.0,1083.0,14.0,2.2903,19.0273,0.3221,751.0,0.0,0.4454,high
21,98,126.0,136.0,0.1186,7,2056.0,0.3369,206.0,943.0,15.0,2.853,11.9617,0.3961,716.0,0.0,0.4493,high
46,283,95.0,66.0,0.0161,2,855.0,0.0203,432.0,3197.0,10.0,1.1487,5.3254,0.0736,324.0,0.0,0.8406,low
15,103,184.0,142.0,0.1379,7,1780.0,0.2703,216.0,1169.0,17.0,4.1754,12.4534,0.2465,492.0,0.0,0.3317,high
26,89,120.0,146.0,0.1542,8,2122.0,0.3067,126.0,1279.0,27.0,2.8685,12.3253,0.2434,712.0,0.0,0.446,high
26,203,120.0,117.0,0.0483,5,1556.0,0.1307,219.0,2835.0,11.0,1.8436,5.8903,0.0938,386.0,0.0,0.5409,medium
24,136,146.0,140.0,0.1061,5,1587.0,0.3544,123.0,865.0,17.0,2.4392,14.8295,0.3223,393.0,0.0,0.3791,high
25,122,143.0,183.0,0.1145,8,1794.0,0.2939,175.0,1026.0,16.0,4.6846,17.9794,0.4205,758.0,0.0,0.2973,high
57,187,122.0,96.0,0.0862,5,1083.0,0.1408,287.0,2324.0,12.0,1.8544,11.8691,0.1499,312.0,0.0,0.624,medium
69,306,102.0,86.0,0.0209,1,864.0,0.0637,400.0,3170.0,9.0,0.3514,7.8552,0.0646,243.0,0.0,0.8127,low
53,184,104.0,91.0,0.0795,3,1494.0,0.2054,319.0,1674.0,15.0,2.5733,9.4977,0.1814,501.0,0.0,0.6682,medium
52,166,131.0,95.0,0.0628,4,1393.0,0.1919,383.0,1929.0,17.0,2.1444,8.7126,0.1732,455.0,0.0,0.6479,medium
24,124,165.0,162.0,0.149,6,2092.0,0.2845,165.0,1061.0,17.0,3.5902,13.7415,0.3575,667.0,0.0,0.3872,high
52,193,127.0,124.0,0.0532,1,986.0,0.2305,307.0,1975.0,20.0,1.1749,10.0482,0.2222,379.0,0.0,0.6336,medium
68,330,102.0,76.0,0.0117,1,886.0,0.1034,380.0,2829.0,13.0,1.0378,5.694,0.04,168.0,0.0,0.8122,low
50,298,93.0,72.0,0.0143,1,739.0,0.0947,459.0,3327.0,6.0,0.3466,4.4784,0.0671,335.0,0.0,0.8893,low
45,227,104.0,125.0,0.058,4,806.0,0.1318,260.0,2052.0,9.0,1.9561,7.0263,0.1434,547.0,0.0,0.7258,medium
61,259,91.0,86.0,0.0168,1,727.0,0.0907,585.0,2628.0,6.0,0.7403,3.984,0.0333,289.0,0.0,0.9142,low
41,247,107.0,113.0,0.0532,3,1465.0,0.1817,288.0,2544.0,14.0,2.6773,12.0864,0.1801,524.0,0.0,0.684,medium
39,116,202.0,114.0,0.0921,7,2533.0,0.4463,80.0,868.0,19.0,2.9436,13.7992,0.3818,673.0,0.0,0.3829,high
48,185,123.0,104.0,0.0615,4,911.0,0.1488,261.0,2098.0,12.0,2.6787,6.6692,0.2016,330.0,0.0,0.6291,medium
51,304,92.0,85.0,0.0209,1,777.0,0.0683,504.0,3531.0,4.0,1.1161,6.5486,0.1081,321.0,0.0,0.7383,low
51,141,111.0,66.0,0.0712,2,1219.0,0.0952,353.0,1525.0,15.0,2.2777,7.5985,0.1541,508.0,0.0,0.6718,medium
44,192,112.0,115.0,0.0485,4,848.0,0.1953,256.0,1994.0,13.0,2.0859,8.4563,0.2379,357.0,0.0,0.6035,medium
47,220,110.0,104.0,0.0399,2,1798.0,0.1921,325.0,2283.0,13.0,2.2633,8.1049,0.0787,366.0,0.0,0.5976,medium
53,237,135.0,55.0,0.0584,4,1163.0,0.2,205.0,1725.0,6.0,2.4874,8.9133,0.2529,523.0,0.0,0.6272,medium
54,205,132.0,114.0,0.0763,3,1179.0,0.1883,364.0,1867.0,18.0,1.4526,7.5249,0.1839,513.0,0.0,0.6615,medium
64,308,110.0,72.0,0.0186,2,523.0,0.0737,383.0,3551.0,8.0,0.9022,6.8364,0.0913,354.0,0.0,0.838,low
25,125,158.0,125.0,0.1237,7,2122.0,0.2714,176.0,1333.0,18.0,3.164,14.9873,0.381,691.0,0.0,0.4201,high
41,150,107.0,117.0,0.042,5,1317.0,0.1648,322.0,1945.0,11.0,1.3782,6.5942,0.1283,429.0,0.0,0.7099,medium
23,105,173.0,154.0,0.1449,7,1867.0,0.3282,233.0,1054.0,28.0,2.5159,10.3646,0.289,489.0,0.0,0.4149,high
69,276,98.0,78.0,0.009,2,679.0,0.0868,439.0,3146.0,9.0,0.3537,4.934,0.0816,300.0,0.0,0.8051,low
29,156,125.0,185.0,0.1069,9,2195.0,0.3745,153.0,610.0,17.0,1.7245,17.266,0.3155,419.0,0.0,0.3519,high
37,215,97.0,134.0,0.0733,4,1766.0,0.2164,392.0,1910.0,12.0,1.0868,8.6465,0.1912,433.0,0.0,0.7082,medium
23,126,135.0,142.0,0.114,6,1832.0,0.193,166.0,1314.0,11.0,3.7827,13.6721,0.427,689.0,0.0,0.4253,high
22,110,167.0,150.0,0.101,8,2317.0,0.2485,142.0,880.0,12.0,2.2706,17.5411,0.3537,636.0,0.0,0.3223,high
28,104,173.0,168.0,0.1068,9,2661.0,0.3753,138.0,941.0,21.0,4.3735,17.388,0.2428,785.0,0.0,0.2797,high
22,145,135.0,149.0,0.0904,8,1655.0,0.2916,140.0,938.0,15.0,2.7628,15.565,0.4393,701.0,0.0,0.4162,high
76,276,85.0,87.0,0.0082,1,1076.0,0.1001,388.0,2880.0,9.0,1.4546,5.7974,0.0865,246.0,0.0,0.8243,low
56,386,88.0,67.0,0.0247,2,838.0,0.0949,360.0,3255.0,8.0,1.435,7.5407,0.0582,254.0,0.0,0.7017,low
26,135,193.0,162.0,0.1162,8,1188.0,0.3324,219.0,827.0,21.0,3.8993,12.5104,0.3845,669.0,0.0,0.3544,high
55,234,128.0,107.0,0.0897,4,1778.0,0.1158,352.0,1981.0,16.0,1.3317,12.6007,0.1918,385.0,0.0,0.6054,medium
48,203,118.0,128.0,0.0699,5,1215.0,0.1837,316.0,1993.0,15.0,1.8663,9.2051,0.1213,380.0,0.0,0.5998,medium
59,341,96.0,82.0,0.0143,1,787.0,0.058,348.0,3583.0,12.0,0.9394,3.1553,0.045,375.0,0.0,0.7921,low
37,131,145.0,143.0,0.11,6,1486.0,0.262,95.0,873.0,20.0,3.6553,10.5848,0.2726,773.0,0.0,0.3245,high
61,298,94.0,73.0,0.0181,0,631.0,0.0794,350.0,3982.0,10.0,1.4326,4.7507,0.0583,277.0,0.0,0.8133,low
62,289,69.0,73.0,0.0106,1,998.0,0.0988,463.0,3107.0,8.0,1.5654,6.7605,0.07,246.0,0.0,0.9186,low
39,216,115.0,110.0,0.0662,5,1335.0,0.1568,348.0,1540.0,9.0,2.5019,12.5392,0.1815,288.0,0.0,0.6107,medium
76,296,133.0,75.0,0.0,1,467.0,0.0735,485.0,2946.0,4.0,1.3146,2.915,0.1267,312.0,0.0,0.7042,low
50,290,111.0,129.0,0.0507,5,1400.0,0.1675,251.0,1548.0,7.0,2.3479,7.0421,0.2813,432.0,0.0,0.8212,medium
34,212,154.0,92.0,0.0648,2,1699.0,0.1442,242.0,1867.0,16.0,1.4973,10.2425,0.208,452.0,0.0,0.6032,medium
37,273,92.0,103.0,0.0466,3,1623.0,0.1407,266.0,2069.0,9.0,2.4786,8.3978,0.1869,441.0,0.0,0.5626,medium
36,185,135.0,111.0,0.0726,4,1498.0,0.2242,246.0,1522.0,15.0,1.8993,10.9702,0.1871,394.0,0.0,0.6632,medium
56,231,114.0,117.0,0.0526,4,1414.0,0.201,359.0,1676.0,10.0,1.9005,9.9619,0.121,455.0,0.0,0.6565,medium
38,140,164.0,112.0,0.0869,7,2734.0,0.3592,106.0,1474.0,16.0,2.3722,5.5773,0.3631,382.0,0.0,0.4984,high
22,156,154.0,113.0,0.163,8,2030.0,0.351,155.0,1353.0,14.0,3.3752,13.4501,0.4329,788.0,0.0,0.4161,high
26,93,167.0,162.0,0.11,7,2391.0,0.2058,92.0,825.0,16.0,2.6477,16.3617,0.3838,548.0,0.0,0.4055,high
73,343,88.0,86.0,0.0163,0,746.0,0.105,422.0,2831.0,4.0,1.0505,5.1135,0.088,263.0,0.0,0.8728,low
60,330,95.0,91.0,0.0068,2,828.0,0.0595,480.0,3899.0,8.0,1.2286,4.4943,0.0822,278.0,0.0,0.894,low
45,186,144.0,115.0,0.041,3,1005.0,0.1017,353.0,1559.0,14.0,1.3476,8.128,0.1353,406.0,0.0,0.6521,medium
71,340,72.0,81.0,0.0,0,763.0,0.071,520.0,3175.0,5.0,0.5207,5.014,0.0438,266.0,0.0,0.8711,low
64,290,104.0,83.0,0.0146,1,990.0,0.0459,390.0,3178.0,12.0,0.7586,4.7027,0.0639,350.0,0.0,0.96,low
61,264,108.0,82.0,0.0183,0,843.0,0.1103,330.0,3284.0,11.0,1.1375,3.1827,0.0325,253.0,0.0,0.843,low
38,235,135.0,108.0,0.0567,4,1120.0,0.1861,275.0,2111.0,13.0,2.0712,11.933,0.1644,442.0,0.0,0.6373,medium
22,131,188.0,152.0,0.0889,8,2247.0,0.4072,149.0,1132.0,24.0,2.6249,10.0069,0.3612,561.0,0.0,0.3783,high
44,163,126.0,131.0,0.0456,2,1583.0,0.1381,349.0,1955.0,13.0,2.0894,6.2258,0.1767,371.0,0.0,0.6704,medium
25,107,153.0,137.0,0.0729,8,2111.0,0.3365,204.0,1207.0,20.0,2.9739,17.2444,0.3743,523.0,0.0,0.4292,high
72,282,61.0,88.0,0.0203,1,720.0,0.0621,414.0,2747.0,9.0,0.7323,5.7551,0.057,170.0,0.0,0.8257,low
52,335,99.0,91.0,0.0148,1,581.0,0.0909,308.0,3302.0,13.0,0.9197,3.6782,0.0548,331.0,0.0,0.8339,low
66,339,103.0,74.0,0.0191,1,605.0,0.1162,447.0,3682.0,5.0,0.373,6.8315,0.0447,200.0,0.0,0.7818,low
29,96,197.0,142.0,0.1066,10,2109.0,0.3559,182.0,1150.0,21.0,2.5747,19.6071,0.2876,589.0,0.0,0.4391,high
25,122,137.0,100.0,0.1364,6,2171.0,0.3129,213.0,1015.0,16.0,3.8243,13.2111,0.4042,658.0,0.0,0.3969,high
27,140,194.0,120.0,0.1148,6,2687.0,0.4472,117.0,1075.0,18.0,2.0541,15.5815,0.3485,508.0,0.0,0.5924,high
23,110,151.0,138.0,0.0937,9,1775.0,0.3342,201.0,746.0,20.0,5.2659,14.3219,0.394,787.0,0.0,0.3582,high
54,327,92.0,73.0,0.0254,2,743.0,0.0498,489.0,3156.0,8.0,1.1712,4.7373,0.0342,243.0,0.0,0.8453,low
31,128,156.0,150.0,0.1019,6,1801.0,0.2402,279.0,1165.0,13.0,2.7619,16.1787,0.4193,688.0,0.0,0.2792,high
48,348,87.0,81.0,0.0069,2,806.0,0.0747,264.0,3221.0,9.0,0.9069,4.3715,0.1147,300.0,0.0,0.8593,low
68,349,94.0,85.0,0.0202,1,737.0,0.0772,413.0,3348.0,9.0,1.2949,6.1895,0.0792,185.0,0.0,0.8006,low
30,102,138.0,155.0,0.1384,5,2892.0,0.4002,221.0,1063.0,19.0,3.5216,10.711,0.3141,550.0,0.0,0.3896,high
43,241,81.0,107.0,0.0377,3,1034.0,0.2067,287.0,2182.0,9.0,1.4305,10.0432,0.1409,359.0,0.0,0.6779,medium
56,330,113.0,84.0,0.0256,0,951.0,0.0875,449.0,3625.0,8.0,0.7506,6.0105,0.0654,294.0,0.0,0.7614,low
61,291,97.0,88.0,0.0125,0,820.0,0.0696,426.0,3202.0,4.0,0.749,2.6395,0.0607,298.0,0.0,0.76,low
23,115,121.0,137.0,0.0768,6,2034.0,0.2625,128.0,2121.0,16.0,3.8294,17.3697,0.3189,519.0,0.0,0.2545,high
28,137,151.0,127.0,0.1221,7,2119.0,0.2238,91.0,939.0,24.0,3.2328,16.0226,0.4182,621.0,0.0,0.2834,high
62,296,92.0,70.0,0.0,1,1189.0,0.0937,491.0,2006.0,10.0,1.2304,1.1925,0.0866,350.0,0.0,0.9033,low
53,221,100.0,85.0,0.0075,1,1025.0,0.1266,308.0,3581.0,8.0,0.2976,4.6156,0.0517,285.0,0.0,0.8813,low
23,101,154.0,171.0,0.1225,6,2218.0,0.3122,126.0,1178.0,21.0,2.8791,12.6164,0.3634,373.0,0.0,0.4941,high
57,284,102.0,76.0,0.0067,2,1078.0,0.0633,517.0,2828.0,8.0,1.1126,4.8546,0.1015,213.0,0.0,0.8144,low
47,236,106.0,106.0,0.0588,2,1570.0,0.1276,349.0,1858.0,12.0,2.1325,10.0106,0.1514,342.0,0.0,0.6049,medium
20,81,142.0,148.0,0.1471,6,2306.0,0.3261,208.0,927.0,14.0,4.259,16.6681,0.3738,658.0,0.0,0.4971,high
56,291,111.0,90.0,0.0225,0,656.0,0.136,375.0,3307.0,6.0,0.7078,4.8533,0.0918,290.0,0.0,0.8414,low
52,318,93.0,77.0,0.024,1,748.0,0.0583,518.0,4030.0,10.0,1.1247,5.5183,0.0563,256.0,0.0,0.8117,low
46,270,144.0,109.0,0.054,3,1232.0,0.1533,213.0,1935.0,9.0,2.0771,8.1868,0.1244,277.0,0.0,0.6874,medium
23,131,167.0,136.0,0.1445,7,2494.0,0.2532,88.0,1234.0,3.0,2.6608,14.5248,0.2799,476.0,0.0,0.4911,high
42,196,145.0,82.0,0.0498,3,1620.0,0.203,300.0,2088.0,15.0,2.251,7.111,0.2153,354.0,0.0,0.7142,medium
34,120,158.0,158.0,0.0836,6,1661.0,0.2556,114.0,961.0,18.0,3.6623,10.6894,0.3805,516.0,0.0,0.34,high
21,131,135.0,137.0,0.0896,3,2099.0,0.2584,151.0,609.0,14.0,3.4615,16.0723,0.3049,708.0,0.0,0.5744,high
34,152,109.0,110.0,0.0572,4,955.0,0.1368,321.0,2071.0,8.0,1.3125,7.8457,0.1148,501.0,0.0,0.6305,medium
58,167,114.0,105.0,0.06,4,1338.0,0.1866,318.0,2776.0,10.0,1.8127,9.7237,0.2296,333.0,0.0,0.6892,medium
28,165,187.0,155.0,0.0931,6,2641.0,0.3329,170.0,675.0,14.0,2.7153,13.8993,0.2859,587.0,0.0,0.5637,high
29,141,140.0,169.0,0.0856,7,2223.0,0.3063,150.0,949.0,17.0,3.7505,18.1353,0.3396,481.0,0.0,0.4442,high
60,266,88.0,88.0,0.016,1,789.0,0.0581,447.0,3328.0,4.0,0.5528,5.2587,0.0799,307.0,0.0,0.836,low
60,314,86.0,90.0,0.0154,1,938.0,0.0844,408.0,3291.0,6.0,1.0723,5.4956,0.0525,298.0,0.0,0.8219,low
57,277,71.0,76.0,0.0159,1,890.0,0.0708,533.0,2943.0,5.0,0.733,4.4185,0.085,266.0,0.0,0.841,low
28,108,201.0,120.0,0.1074,7,2068.0,0.323,120.0,1342.0,21.0,3.0873,15.4246,0.3889,723.0,0.0,0.4037,high
33,242,126.0,84.0,0.0389,4,1613.0,0.2022,375.0,2189.0,11.0,0.4587,10.1078,0.1335,423.0,0.0,0.624,medium
21,83,154.0,141.0,0.1301,6,2235.0,0.2951,155.0,1197.0,15.0,3.9477,12.7607,0.3624,621.0,0.0,0.4782,high
59,301,87.0,72.0,0.0176,1,814.0,0.0822,404.0,2536.0,10.0,0.5595,3.8111,0.0881,182.0,0.0,0.8049,low
32,154,176.0,135.0,0.1249,6,2564.0,0.3151,172.0,1036.0,22.0,3.9063,13.1502,0.4243,572.0,0.0,0.3809,high
31,125,187.0,148.0,0.1262,7,2051.0,0.3026,144.0,1159.0,16.0,2.5683,12.4731,0.3576,668.0,0.0,0.372,high
49,207,133.0,93.0,0.0638,3,1222.0,0.1523,401.0,2458.0,16.0,2.1928,7.6774,0.1305,259.0,0.0,0.7731,medium
58,339,89.0,84.0,0.0405,1,852.0,0.1055,425.0,2644.0,9.0,0.6857,3.5704,0.0,323.0,0.0,0.6954,low
47,325,79.0,62.0,0.0224,1,918.0,0.1096,342.0,2735.0,8.0,1.099,5.5255,0.0519,274.0,0.0,0.8404,low
41,297,125.0,107.0,0.0715,4,947.0,0.1549,209.0,1661.0,9.0,2.1701,13.2995,0.1934,378.0,0.0,0.7594,medium
43,202,108.0,115.0,0.0769,4,1162.0,0.1632,234.0,2445.0,11.0,1.6069,10.2343,0.1978,449.0,0.0,0.5113,medium
47,198,119.0,91.0,0.0422,4,1435.0,0.1901,258.0,2240.0,12.0,2.4651,9.6967,0.1682,376.0,0.0,0.711,medium
45,366,103.0,70.0,0.0165,1,789.0,0.1012,414.0,3785.0,8.0,1.1119,7.0147,0.0424,354.0,0.0,0.8835,low
23,169,158.0,145.0,0.108,7,1295.0,0.1783,156.0,883.0,18.0,2.8971,15.0405,0.2863,489.0,0.0,0.3966,high
42,187,118.0,116.0,0.0655,5,1081.0,0.1722,316.0,2545.0,12.0,1.463,10.3554,0.1221,388.0,0.0,0.6501,medium
29,123,166.0,108.0,0.1187,5,1602.0,0.2044,116.0,743.0,23.0,3.0871,9.8461,0.3506,604.0,0.0,0.3835,high
63,288,91.0,79.0,0.0111,1,912.0,0.0846,525.0,3525.0,9.0,1.1658,5.8274,0.076,285.0,0.0,0.8862,low
71,268,95.0,87.0,0.0214,1,599.0,0.0673,322.0,2498.0,12.0,0.4142,7.1488,0.1018,400.0,0.0,0.7607,low
13,98,158.0,134.0,0.0955,9,1701.0,0.2439,213.0,1563.0,21.0,2.9067,12.8984,0.2995,618.0,0.0,0.3695,high
61,359,116.0,91.0,0.0119,2,597.0,0.0577,432.0,3849.0,5.0,1.1407,4.6626,0.1078,345.0,0.0,0.7822,low
60,180,110.0,102.0,0.0338,2,1289.0,0.2412,245.0,2190.0,9.0,1.6244,7.4251,0.1453,400.0,0.0,0.6798,medium
54,210,142.0,110.0,0.0355,3,1149.0,0.1372,348.0,2753.0,13.0,3.0333,6.0335,0.1884,374.0,0.0,0.733,medium
66,277,109.0,92.0,0.0302,2,591.0,0.0913,444.0,3897.0,5.0,0.7974,4.6162,0.0656,253.0,0.0,0.7877,low
75,290,93.0,85.0,0.0085,2,663.0,0.0754,432.0,3109.0,10.0,0.8973,5.6476,0.0445,325.0,0.0,0.8082,low
28,114,150.0,125.0,0.1443,7,1895.0,0.4295,75.0,1198.0,19.0,4.7826,12.7149,0.3433,638.0,0.0,0.5822,high
43,299,108.0,80.0,0.0224,1,1108.0,0.0669,504.0,2566.0,12.0,1.2162,2.1998,0.0554,294.0,0.0,0.8637,low
35,87,160.0,134.0,0.0672,6,2551.0,0.3006,96.0,899.0,15.0,2.5527,13.012,0.4131,883.0,0.0,0.4501,high
56,304,96.0,74.0,0.021,1,992.0,0.1215,440.0,3164.0,9.0,0.6977,3.5863,0.082,307.0,0.0,0.883,low
66,334,86.0,79.0,0.0097,1,796.0,0.0583,435.0,3337.0,10.0,1.0636,4.6904,0.0564,389.0,0.0,0.8187,low
27,142,129.0,163.0,0.1121,6,1400.0,0.3585,148.0,853.0,21.0,3.2892,21.0812,0.2673,569.0,0.0,0.433,high
69,300,77.0,92.0,0.0136,2,740.0,0.0916,429.0,2774.0,8.0,0.7882,5.3099,0.097,340.0,0.0,0.8389,low
19,128,159.0,104.0,0.1231,8,2085.0,0.3658,165.0,1204.0,24.0,3.1956,17.6575,0.4155,455.0,0.0,0.338,high
25,133,164.0,139.0,0.0691,9,2354.0,0.3112,113.0,945.0,22.0,3.4331,14.7095,0.426,801.0,0.0,0.4288,high
72,289,100.0,81.0,0.0208,0,760.0,0.0771,465.0,3321.0,12.0,0.8974,3.6913,0.0849,242.0,0.0,0.8458,low
34,109,165.0,181.0,0.1095,7,1923.0,0.3237,155.0,1324.0,21.0,5.2336,17.9731,0.3365,678.0,0.0,0.515,high
35,166,117.0,107.0,0.0613,5,1709.0,0.1984,227.0,1995.0,11.0,1.3716,9.5782,0.1391,383.0,0.0,0.8044,medium
64,252,86.0,72.0,0.0228,1,771.0,0.0989,388.0,3324.0,7.0,0.6594,4.5389,0.0781,145.0,0.0,0.8525,low
19,109,163.0,111.0,0.1063,7,3181.0,0.3915,178.0,977.0,21.0,3.425,18.1053,0.3674,607.0,0.0,0.3686,high
58,310,109.0,78.0,0.0322,1,1004.0,0.0777,466.0,3593.0,10.0,1.3903,3.4337,0.0718,278.0,0.0,0.8319,low
42,217,89.0,87.0,0.0446,4,1415.0,0.1146,283.0,2240.0,11.0,2.057,10.744,0.1544,456.0,0.0,0.7106,medium
19,142,128.0,139.0,0.1116,9,1426.0,0.2554,14.0,638.0,18.0,1.5731,18.0669,0.3726,788.0,0.0,0.4247,high
67,290,80.0,78.0,0.0089,1,831.0,0.097,430.0,3223.0,5.0,1.1612,4.9271,0.081,197.0,0.0,0.8237,low
28,247,122.0,94.0,0.0614,4,1463.0,0.1176,312.0,2449.0,11.0,1.4129,8.6977,0.2027,370.0,0.0,0.6248,medium
45,245,117.0,92.0,0.056,4,1395.0,0.1743,318.0,2404.0,8.0,1.5214,8.5195,0.1673,483.0,0.0,0.7855,medium
66,281,97.0,74.0,0.0176,2,747.0,0.0658,354.0,3244.0,8.0,0.4602,6.5997,0.1043,323.0,0.0,0.7531,low
59,327,91.0,65.0,0.0131,0,858.0,0.0638,499.0,3026.0,9.0,1.6833,6.4149,0.0258,246.0,0.0,0.8711,low
49,200,111.0,105.0,0.0591,5,728.0,0.1847,268.0,1731.0,14.0,2.0628,11.2357,0.1714,457.0,0.0,0.7293,medium
23,117,180.0,146.0,0.1327,7,2116.0,0.3341,233.0,1071.0,16.0,3.714,17.2911,0.3082,665.0,0.0,0.3101,high
27,108,137.0,130.0,0.1374,8,2354.0,0.4221,214.0,1086.0,20.0,2.1997,15.3881,0.3722,589.0,0.0,0.4037,high
28,89,142.0,193.0,0.1352,9,2433.0,0.305,239.0,896.0,12.0,3.0766,18.2117,0.3102,629.0,0.0,0.3717,high
51,242,108.0,89.0,0.0712,4,1619.0,0.1501,348.0,2150.0,17.0,1.6445,10.313,0.1597,449.0,0.0,0.4857,medium
72,288,82.0,85.0,0.0111,1,875.0,0.0775,410.0,2956.0,7.0,0.7386,5.3392,0.0573,298.0,0.0,0.7675,low
72,350,84.0,63.0,0.0196,2,761.0,0.072,313.0,3196.0,5.0,1.302,5.5019,0.1029,232.0,0.0,0.8482,low
62,308,98.0,86.0,0.0219,1,1123.0,0.1017,389.0,3467.0,6.0,0.339,4.5333,0.04,261.0,0.0,0.8748,low
82,266,104.0,82.0,0.0116,1,827.0,0.0794,455.0,3044.0,6.0,0.9081,5.6816,0.0672,188.0,0.0,0.7768,low
42,189,128.0,116.0,0.0582,4,1439.0,0.1671,384.0,1596.0,15.0,1.8398,9.4637,0.182,499.0,0.0,0.6544,medium
27,122,161.0,173.0,0.0934,5,1395.0,0.2531,166.0,1558.0,14.0,3.0263,14.7492,0.4741,693.0,0.0,0.5657,high
69,307,112.0,85.0,0.0325,1,718.0,0.0569,458.0,2518.0,5.0,0.946,8.1547,0.0586,223.0,0.0,0.7987,low
32,99,171.0,146.0,0.0688,8,2071.0,0.2619,161.0,970.0,18.0,1.9744,17.0073,0.3311,792.0,0.0,0.4344,high
33,230,107.0,112.0,0.066,1,1086.0,0.1375,301.0,1979.0,15.0,0.9451,6.872,0.1512,469.0,0.0,0.6094,medium
20,122,162.0,113.0,0.1257,9,1979.0,0.3908,89.0,970.0,15.0,3.0328,14.8804,0.448,508.0,0.0,0.4711,high
32,111,167.0,117.0,0.1073,8,2013.0,0.2391,94.0,956.0,13.0,3.5124,12.1786,0.3005,603.0,0.0,0.414,high
47,336,75.0,81.0,0.0188,1,973.0,0.1108,410.0,2887.0,6.0,0.6987,6.7246,0.0455,325.0,0.0,0.8363,low
52,337,84.0,84.0,0.0202,2,670.0,0.0645,425.0,2664.0,10.0,1.3923,6.1399,0.0666,380.0,0.0,0.82,low
69,311,92.0,78.0,0.0085,1,771.0,0.1199,413.0,3171.0,11.0,0.8251,4.795,0.0608,387.0,0.0,0.7696,low
39,235,108.0,130.0,0.0465,3,971.0,0.2093,183.0,2571.0,12.0,1.5531,10.1994,0.1579,510.0,0.0,0.7194,medium
49,198,118.0,97.0,0.06,3,1427.0,0.2624,299.0,2871.0,16.0,1.7204,5.2779,0.1916,630.0,0.0,0.7526,medium
35,250,118.0,83.0,0.0578,4,1576.0,0.1655,181.0,1844.0,9.0,1.1919,8.3668,0.1803,250.0,0.0,0.5998,medium
58,253,139.0,65.0,0.0645,5,993.0,0.2185,271.0,2161.0,12.0,1.8523,3.2172,0.088,594.0,0.0,0.5344,medium
42,169,91.0,133.0,0.0708,3,1016.0,0.1616,197.0,1564.0,12.0,1.554,6.9601,0.1994,347.0,0.0,0.352,medium
23,193,127.0,177.0,0.1163,7,1978.0,0.2819,191.0,1224.0,27.0,3.4162,17.7686,0.3236,691.0,0.0,0.4091,high
67,315,92.0,76.0,0.0136,1,905.0,0.0881,497.0,2953.0,10.0,1.4514,4.6088,0.0422,217.0,0.0,0.8037,low
64,342,88.0,84.0,0.0198,1,982.0,0.0791,479.0,3137.0,9.0,0.7674,7.5437,0.0855,266.0,0.0,0.8853,low
52,230,109.0,146.0,0.0431,4,1190.0,0.226,359.0,2183.0,12.0,1.6374,9.3947,0.1695,401.0,0.0,0.6917,medium
39,211,86.0,102.0,0.0404,3,1135.0,0.1502,284.0,2282.0,14.0,2.1534,14.1248,0.2269,176.0,0.0,0.6724,medium
77,339,79.0,93.0,0.0047,1,1042.0,0.0829,350.0,3887.0,5.0,0.9871,1.9309,0.0431,287.0,0.0,0.8114,low
24,121,143.0,149.0,0.118,5,2825.0,0.2582,80.0,910.0,13.0,3.525,11.5401,0.268,559.0,0.0,0.4032,high
60,280,98.0,92.0,0.0139,1,835.0,0.0571,456.0,3255.0,6.0,0.9526,6.9616,0.0724,374.0,0.0,0.7938,low
51,264,114.0,89.0,0.0273,2,981.0,0.0998,407.0,2503.0,7.0,1.2187,5.3349,0.0544,257.0,0.0,0.8164,low
63,281,72.0,67.0,0.0103,1,1227.0,0.076,474.0,3342.0,6.0,0.8014,5.4015,0.0498,298.0,0.0,0.7615,low
50,230,98.0,103.0,0.0398,5,840.0,0.1439,346.0,1447.0,10.0,0.9908,8.3476,0.1985,429.0,0.0,0.7104,medium
61,268,91.0,87.0,0.0168,1,879.0,0.1184,503.0,2949.0,8.0,0.5293,6.1651,0.0768,359.0,0.0,0.8716,low
70,331,87.0,76.0,0.0185,2,857.0,0.0761,501.0,2845.0,8.0,1.0475,5.2955,0.0875,353.0,0.0,0.9128,low
58,286,78.0,79.0,0.0099,1,674.0,0.0955,482.0,3253.0,7.0,1.3141,4.0283,0.0846,240.0,0.0,0.8504,low
64,315,88.0,76.0,0.0252,1,904.0,0.0748,402.0,3240.0,13.0,0.9827,4.5301,0.0806,326.0,0.0,0.7952,low
49,185,115.0,95.0,0.0553,4,940.0,0.245,183.0,3168.0,12.0,0.9528,10.8431,0.23,427.0,0.0,0.5561,medium
42,247,94.0,70.0,0.0447,2,1318.0,0.1707,317.0,1991.0,15.0,2.2468,10.3331,0.1701,439.0,0.0,0.6255,medium
16,113,164.0,164.0,0.1208,4,1386.0,0.3185,170.0,876.0,26.0,2.795,14.9389,0.3336,657.0,0.0,0.4106,high
36,206,113.0,74.0,0.0304,3,1193.0,0.1722,267.0,1723.0,15.0,1.9733,7.2413,0.1811,446.0,0.0,0.6417,medium
44,193,112.0,135.0,0.0437,3,1376.0,0.1992,285.0,2194.0,14.0,1.9343,8.8226,0.1034,480.0,0.0,0.7612,medium
19,92,129.0,131.0,0.1013,8,2539.0,0.3702,132.0,922.0,16.0,1.5199,16.2239,0.3899,738.0,0.0,0.5929,high
61,334,92.0,96.0,0.0192,2,800.0,0.0632,426.0,4072.0,7.0,1.3869,2.0444,0.0631,268.0,0.0,0.7617,low
57,225,139.0,94.0,0.051,2,1471.0,0.1855,268.0,2483.0,13.0,0.79,5.348,0.144,475.0,0.0,0.6688,medium
55,362,96.0,74.0,0.0133,2,831.0,0.0753,511.0,3157.0,8.0,0.6571,2.8183,0.0608,269.0,0.0,0.7679,low
33,179,108.0,97.0,0.0554,3,824.0,0.2318,359.0,2253.0,18.0,1.4944,10.4245,0.1065,433.0,0.0,0.49,medium
23,103,129.0,134.0,0.1362,5,1919.0,0.3209,156.0,1258.0,17.0,3.0772,13.2782,0.3353,563.0,0.0,0.523,high
28,111,147.0,137.0,0.1398,8,1833.0,0.3231,241.0,1276.0,16.0,4.0587,12.8995,0.2546,830.0,0.0,0.2681,high
41,151,142.0,125.0,0.0511,5,976.0,0.1843,293.0,2233.0,12.0,1.5023,8.073,0.1572,473.0,0.0,0.5796,medium
33,81,156.0,135.0,0.1259,5,1669.0,0.2995,247.0,995.0,15.0,2.4733,13.2734,0.3882,601.0,0.0,0.375,high
60,295,112.0,83.0,0.0136,1,615.0,0.0506,362.0,3810.0,9.0,0.5566,3.0224,0.0599,284.0,0.0,0.7641,low
63,329,100.0,81.0,0.0159,2,680.0,0.0829,450.0,3085.0,7.0,0.7338,3.4848,0.106,261.0,0.0,0.7379,low
72,309,107.0,70.0,0.0193,0,749.0,0.0448,422.0,2962.0,11.0,1.0568,4.3838,0.0646,298.0,0.0,0.8842,low
29,128,173.0,121.0,0.0983,7,1728.0,0.3737,205.0,1156.0,20.0,2.162,14.2809,0.3608,558.0,0.0,0.3344,high
55,288,94.0,77.0,0.015,2,780.0,0.0259,431.0,3025.0,7.0,1.1868,4.408,0.0645,373.0,0.0,0.8508,low
57,236,79.0,80.0,0.0238,1,969.0,0.1214,470.0,3525.0,7.0,0.3836,3.5735,0.0446,223.0,0.0,0.8054,low
18,116,163.0,157.0,0.1731,8,1539.0,0.2097,199.0,1134.0,12.0,4.1132,19.5962,0.263,607.0,0.0,0.6224,high
28,135,167.0,163.0,0.1699,9,1500.0,0.2735,228.0,1346.0,12.0,3.517,15.2568,0.2742,608.0,0.0,0.5372,high
33,248,135.0,80.0,0.0571,5,1085.0,0.1788,311.0,1877.0,15.0,0.693,9.0126,0.1574,542.0,0.0,0.7063,medium
23,128,171.0,144.0,0.0529,7,1635.0,0.477,217.0,1332.0,17.0,2.3387,11.1589,0.3189,556.0,0.0,0.4515,high
48,312,81.0,75.0,0.0149,2,913.0,0.0996,389.0,3146.0,6.0,0.6581,2.9361,0.0712,323.0,0.0,0.7093,low
63,295,86.0,66.0,0.0194,1,501.0,0.0955,389.0,2986.0,8.0,0.7931,4.1872,0.0488,239.0,0.0,0.8399,low
53,247,123.0,108.0,0.0502,3,1793.0,0.1547,295.0,1860.0,22.0,2.0387,6.387,0.1256,413.0,0.0,0.5285,medium
47,310,82.0,81.0,0.009,1,628.0,0.0558,413.0,3333.0,10.0,0.3428,6.3109,0.047,283.0,0.0,0.8095,low
21,108,157.0,116.0,0.0898,12,1531.0,0.2378,144.0,1120.0,19.0,2.2675,12.5053,0.3133,564.0,0.0,0.3733,high
45,184,136.0,94.0,0.0408,3,1609.0,0.1546,246.0,2216.0,14.0,1.9221,7.9264,0.1577,465.0,0.0,0.6422,medium
57,236,96.0,102.0,0.0646,3,1831.0,0.2282,325.0,2782.0,15.0,2.3123,7.8952,0.1702,355.0,0.0,0.706,medium
62,334,92.0,82.0,0.0136,2,603.0,0.0656,409.0,3180.0,6.0,0.9297,9.2934,0.0671,257.0,0.0,0.8505,low
18,121,157.0,162.0,0.1086,9,1577.0,0.2915,212.0,1169.0,18.0,3.0501,15.6274,0.307,611.0,0.0,0.3749,high
65,287,116.0,62.0,0.0164,1,914.0,0.0725,353.0,2653.0,7.0,1.2107,5.8692,0.0692,285.0,0.0,0.8428,low
51,198,102.0,103.0,0.06,5,1573.0,0.1342,290.0,2252.0,13.0,1.2465,9.1998,0.1203,331.0,0.0,0.6562,medium
32,225,107.0,104.0,0.0648,4,1372.0,0.2605,318.0,2308.0,8.0,1.5521,7.5602,0.1244,552.0,0.0,0.7157,medium
42,249,119.0,105.0,0.0602,4,988.0,0.1568,300.0,2455.0,21.0,0.9569,7.9821,0.1602,358.0,0.0,0.6286,medium
46,260,137.0,85.0,0.061,4,1377.0,0.1868,281.0,2455.0,12.0,1.4435,7.0813,0.1542,428.0,0.0,0.635,medium
58,193,105.0,110.0,0.0585,2,1687.0,0.2182,326.0,1946.0,12.0,3.1004,7.1778,0.1498,450.0,0.0,0.6238,medium
74,367,96.0,76.0,0.0277,2,849.0,0.0337,462.0,3033.0,4.0,0.7695,1.148,0.1074,229.0,0.0,0.7606,low
44,204,116.0,112.0,0.0565,5,907.0,0.1546,302.0,2248.0,14.0,1.9714,8.994,0.1393,542.0,0.0,0.7869,medium
64,328,80.0,88.0,0.025,2,883.0,0.0653,442.0,3232.0,5.0,0.8693,2.896,0.0445,197.0,0.0,0.8164,low
47,236,128.0,90.0,0.0313,3,1095.0,0.1726,316.0,2204.0,12.0,0.9788,9.6759,0.128,401.0,0.0,0.6014,medium
48,230,133.0,129.0,0.0712,3,1193.0,0.166,260.0,1667.0,12.0,1.8237,9.3555,0.1946,423.0,0.0,0.6393,medium
22,76,112.0,127.0,0.1321,7,2221.0,0.3196,221.0,1163.0,19.0,2.1926,15.7027,0.3972,480.0,0.0,0.3043,high
32,189,179.0,133.0,0.1122,5,2536.0,0.3899,216.0,950.0,15.0,1.7124,16.2355,0.3064,857.0,0.0,0.3741,high
43,229,113.0,116.0,0.0578,5,1056.0,0.1705,220.0,1923.0,11.0,2.1551,11.9768,0.2039,462.0,0.0,0.5405,medium
37,218,143.0,106.0,0.0546,4,1546.0,0.1933,138.0,1977.0,9.0,2.315,10.1897,0.1502,398.0,0.0,0.7941,medium
32,110,156.0,149.0,0.0936,5,2001.0,0.3772,184.0,1066.0,21.0,3.8279,14.0786,0.3736,630.0,0.0,0.6182,high
66,315,82.0,96.0,0.0249,1,873.0,0.0626,369.0,3295.0,11.0,0.6558,7.3319,0.0473,218.0,0.0,0.8982,low
31,142,146.0,134.0,0.0825,8,2163.0,0.2929,152.0,785.0,12.0,3.7131,17.9022,0.3282,593.0,0.0,0.4073,high
69,282,91.0,86.0,0.0207,1,641.0,0.1013,514.0,3011.0,7.0,0.5502,6.6995,0.0689,284.0,0.0,0.892,low
43,232,112.0,86.0,0.044,1,967.0,0.236,265.0,2360.0,5.0,0.6646,11.7842,0.1563,283.0,0.0,0.6842,medium
53,199,141.0,104.0,0.0531,4,1485.0,0.1686,274.0,1935.0,11.0,2.4396,10.4682,0.1684,476.0,0.0,0.7463,medium
49,248,104.0,99.0,0.0403,4,1435.0,0.1886,279.0,2364.0,10.0,2.4877,8.196,0.2299,272.0,0.0,0.6863,medium
23,131,177.0,178.0,0.0903,7,2310.0,0.3007,228.0,1294.0,25.0,1.6552,10.0226,0.393,676.0,0.0,0.3275,high
43,191,137.0,87.0,0.0431,4,1103.0,0.2446,407.0,2437.0,11.0,1.6843,7.8683,0.2084,578.0,0.0,0.6534,medium
29,261,125.0,111.0,0.0686,2,1310.0,0.1638,306.0,2024.0,16.0,2.3365,7.768,0.1466,426.0,0.0,0.6227,medium
19,123,175.0,133.0,0.1404,7,2070.0,0.21,140.0,1247.0,18.0,2.1266,10.6213,0.3432,594.0,0.0,0.3172,high
20,123,151.0,146.0,0.1168,9,2378.0,0.2589,241.0,933.0,23.0,3.4645,14.7261,0.3188,675.0,0.0,0.3697,high
25,159,141.0,132.0,0.0761,10,1715.0,0.2101,135.0,1404.0,17.0,3.8147,11.1667,0.3909,502.0,0.0,0.2464,high
40,252,115.0,101.0,0.0593,2,1209.0,0.1361,281.0,2472.0,11.0,1.8861,9.4392,0.1476,395.0,0.0,0.6651,medium
41,218,115.0,130.0,0.0394,5,1265.0,0.1741,346.0,2661.0,10.0,2.458,11.5977,0.1267,416.0,0.0,0.5754,medium
33,130,164.0,151.0,0.0566,8,1850.0,0.3665,161.0,1346.0,18.0,3.5569,18.997,0.2608,636.0,0.0,0.4609,high
26,148,186.0,144.0,0.1648,9,1635.0,0.4017,154.0,912.0,10.0,3.2664,8.9741,0.3082,619.0,0.0,0.4648,high
47,222,125.0,94.0,0.0524,2,1371.0,0.1954,286.0,2109.0,15.0,1.2991,5.7783,0.1702,346.0,0.0,0.7095,medium
76,340,88.0,90.0,0.0063,2,547.0,0.0739,504.0,4112.0,5.0,0.5719,2.6844,0.0676,342.0,0.0,0.9178,low
66,304,102.0,80.0,0.0147,1,906.0,0.0937,343.0,3586.0,8.0,1.4236,1.8993,0.084,283.0,0.0,0.82,low
32,87,150.0,145.0,0.1481,7,1512.0,0.2951,122.0,877.0,23.0,4.3317,21.0726,0.3586,511.0,0.0,0.38,high
59,302,84.0,81.0,0.0168,1,606.0,0.0779,452.0,2836.0,9.0,0.6877,4.5712,0.0655,253.0,0.0,0.8083,low
56,176,101.0,94.0,0.0477,3,1274.0,0.122,333.0,1818.0,15.0,2.0281,9.8447,0.1229,499.0,0.0,0.6553,medium
60,327,93.0,62.0,0.0069,1,947.0,0.0922,394.0,3235.0,9.0,0.5801,3.8087,0.0859,360.0,0.0,0.793,low
26,156,121.0,121.0,0.0915,6,1023.0,0.3474,131.0,416.0,26.0,2.4793,13.8719,0.5488,423.0,0.0,0.4544,high
23,109,162.0,163.0,0.1068,6,2659.0,0.3871,192.0,772.0,12.0,3.53,19.8233,0.341,438.0,0.0,0.3384,high
21,118,154.0,158.0,0.1279,6,2181.0,0.3709,119.0,1052.0,15.0,3.3483,15.4395,0.362,508.0,0.0,0.5335,high
20,127,123.0,127.0,0.1314,6,1773.0,0.2928,141.0,918.0,11.0,4.0158,12.5885,0.2891,728.0,0.0,0.416,high
59,277,63.0,71.0,0.0251,1,901.0,0.0952,343.0,2586.0,5.0,0.9917,3.4315,0.0542,359.0,0.0,0.7909,low
61,290,90.0,96.0,0.0176,1,745.0,0.1015,371.0,3646.0,7.0,0.3317,4.0773,0.0737,391.0,0.0,0.8664,low
64,335,102.0,85.0,0.0217,1,663.0,0.0693,361.0,2918.0,15.0,0.3484,5.326,0.0799,268.0,0.0,0.8297,low
19,68,160.0,100.0,0.1053,6,2257.0,0.2747,168.0,1192.0,17.0,1.4512,16.8585,0.28,909.0,0.0,0.3966,high
51,282,93.0,116.0,0.0493,4,1605.0,0.1052,299.0,2089.0,18.0,1.6948,9.0624,0.2017,465.0,0.0,0.5675,medium
28,126,176.0,154.0,0.0713,5,1753.0,0.388,167.0,1057.0,16.0,1.7353,13.4553,0.3634,694.0,0.0,0.4716,high
57,366,101.0,71.0,0.0238,1,1058.0,0.0697,418.0,3264.0,7.0,0.8411,2.9318,0.0689,225.0,0.0,0.8148,low
24,175,154.0,199.0,0.1485,6,2739.0,0.2258,180.0,980.0,14.0,2.8883,13.6921,0.2595,648.0,0.0,0.4857,high
49,188,102.0,119.0,0.0503,4,1297.0,0.2187,350.0,2774.0,12.0,1.3988,11.3158,0.1609,445.0,0.0,0.691,medium
38,168,144.0,103.0,0.0811,4,1468.0,0.2259,185.0,1258.0,13.0,1.8721,3.6558,0.1177,378.0,0.0,0.5757,medium
51,218,106.0,101.0,0.0785,3,1370.0,0.1662,335.0,1720.0,6.0,2.9816,8.5823,0.221,329.0,0.0,0.584,medium
23,134,158.0,122.0,0.076,7,2693.0,0.3676,201.0,1189.0,23.0,1.8222,8.9699,0.2686,662.0,0.0,0.34,high
50,230,116.0,128.0,0.0523,3,1462.0,0.1563,248.0,2564.0,11.0,1.5194,11.0577,0.2392,417.0,0.0,0.5942,medium
58,305,106.0,85.0,0.0127,1,683.0,0.0732,296.0,3620.0,9.0,0.9136,5.2444,0.0926,268.0,0.0,0.8511,low
63,296,89.0,87.0,0.0151,2,608.0,0.0953,429.0,2812.0,7.0,1.0201,3.7136,0.0658,214.0,0.0,0.9027,low
50,314,75.0,68.0,0.0,0,711.0,0.1218,275.0,3964.0,12.0,1.2565,3.5924,0.087,282.0,0.0,0.7979,low
44,216,119.0,96.0,0.043,3,1066.0,0.2232,242.0,2140.0,10.0,2.1441,11.5299,0.1482,400.0,0.0,0.6536,medium
60,324,94.0,78.0,0.0121,0,1003.0,0.0607,503.0,2292.0,6.0,1.6073,6.6002,0.1129,326.0,0.0,0.9071,low
55,348,105.0,70.0,0.0122,1,572.0,0.0639,437.0,3111.0,6.0,0.6077,4.82,0.0293,267.0,0.0,0.8927,low
68,289,112.0,98.0,0.0155,1,629.0,0.0941,318.0,3208.0,6.0,0.842,6.4693,0.0759,295.0,0.0,0.8754,low
62,306,113.0,87.0,0.0059,2,607.0,0.052,376.0,2962.0,13.0,0.8408,2.9208,0.0843,306.0,0.0,0.871,low
27,179,237.0,145.0,0.093,7,1621.0,0.3795,173.0,1315.0,15.0,3.068,16.2831,0.3555,761.0,0.0,0.36,high
70,311,100.0,69.0,0.0158,1,825.0,0.102,503.0,3495.0,9.0,1.0177,5.6448,0.0647,299.0,0.0,0.825,low
26,230,114.0,125.0,0.0612,3,1318.0,0.1835,340.0,2207.0,10.0,1.015,11.8912,0.2152,476.0,0.0,0.5235,medium
72,263,102.0,63.0,0.0143,1,1061.0,0.0658,410.0,3356.0,9.0,0.5921,4.7769,0.0692,173.0,0.0,0.9183,low
21,114,182.0,141.0,0.1297,8,1941.0,0.2089,145.0,1185.0,15.0,3.4139,12.6151,0.3247,589.0,0.0,0.4388,high
17,201,167.0,171.0,0.1283,6,2122.0,0.1816,222.0,637.0,18.0,5.2327,15.6971,0.3127,755.0,0.0,0.607,high
57,301,99.0,72.0,0.0204,3,825.0,0.1021,423.0,2760.0,5.0,1.3641,4.3531,0.0739,257.0,0.0,0.8869,low
23,151,158.0,169.0,0.077,8,1960.0,0.3898,104.0,1116.0,20.0,2.8933,14.4579,0.3728,549.0,0.0,0.4385,high
32,164,158.0,175.0,0.1523,7,1772.0,0.141,226.0,1285.0,11.0,2.7,14.1221,0.3665,469.0,0.0,0.2675,high
53,274,94.0,82.0,0.0133,2,899.0,0.1003,374.0,3218.0,4.0,0.6735,5.1233,0.075,263.0,0.0,0.7598,low
62,305,95.0,67.0,0.0229,1,825.0,0.078,419.0,3352.0,8.0,0.0,4.6438,0.0403,205.0,0.0,0.8294,low
77,325,73.0,73.0,0.0086,2,978.0,0.0701,352.0,3371.0,8.0,0.8762,3.1504,0.089,257.0,0.0,0.8646,low
42,176,106.0,92.0,0.0557,3,1526.0,0.1939,309.0,2079.0,10.0,1.3475,7.5662,0.1189,448.0,0.0,0.7366,medium
57,283,92.0,84.0,0.0129,1,860.0,0.1057,472.0,3435.0,9.0,1.2699,5.7015,0.0709,227.0,0.0,0.8406,low
53,291,95.0,62.0,0.0264,1,652.0,0.0655,322.0,3110.0,8.0,0.8029,4.3056,0.0815,325.0,0.0,0.8851,low
54,295,65.0,75.0,0.0216,1,1091.0,0.122,451.0,2806.0,8.0,1.1384,5.6973,0.1039,292.0,0.0,0.8394,low
30,161,188.0,154.0,0.0893,7,1705.0,0.315,165.0,1533.0,22.0,2.6078,14.2146,0.3235,720.0,0.0,0.4602,high
29,118,175.0,124.0,0.077,6,2092.0,0.3495,156.0,764.0,21.0,2.9256,10.3365,0.3119,583.0,0.0,0.4037,high
54,331,73.0,72.0,0.0279,3,566.0,0.0872,573.0,3232.0,5.0,1.1265,0.0,0.0201,316.0,0.0,0.9136,low
19,143,149.0,155.0,0.0799,4,2441.0,0.3357,92.0,1145.0,23.0,2.6545,13.2092,0.3482,602.0,0.0,0.488,high
57,211,122.0,114.0,0.0802,4,1639.0,0.1776,264.0,1993.0,7.0,0.7277,9.8796,0.2276,450.0,0.0,0.6862,medium
52,163,97.0,111.0,0.0475,4,1402.0,0.094,235.0,1641.0,11.0,2.2136,6.099,0.0808,289.0,0.0,0.649,medium
38,268,123.0,113.0,0.046,3,1124.0,0.1197,177.0,1925.0,8.0,2.3478,9.2456,0.1381,264.0,0.0,0.6528,medium
28,116,156.0,135.0,0.1178,7,1341.0,0.3815,102.0,658.0,14.0,2.9847,15.0346,0.3272,494.0,0.0,0.3966,high
39,198,134.0,90.0,0.0498,3,1589.0,0.2332,366.0,1778.0,13.0,1.4349,13.5256,0.1159,309.0,0.0,0.5847,medium
35,90,166.0,135.0,0.0991,4,2195.0,0.367,198.0,813.0,15.0,2.5989,11.7606,0.4379,604.0,0.0,0.3968,high
23,129,156.0,128.0,0.1129,9,2496.0,0.3765,143.0,1082.0,16.0,3.1935,11.5117,0.4481,567.0,0.0,0.3777,high
69,354,71.0,91.0,0.0141,2,671.0,0.0924,398.0,2895.0,9.0,0.7234,4.8065,0.0711,222.0,0.0,0.8036,low
54,287,99.0,85.0,0.0167,1,912.0,0.0739,464.0,3834.0,5.0,0.7778,4.1598,0.0766,329.0,0.0,0.8395,low
35,62,168.0,137.0,0.1344,7,2291.0,0.3014,169.0,789.0,17.0,4.6786,13.3128,0.353,762.0,0.0,0.3902,high
13,151,166.0,167.0,0.0901,9,2192.0,0.3566,194.0,911.0,20.0,4.572,17.7314,0.2714,557.0,0.0,0.3602,high
41,203,128.0,118.0,0.0542,4,1279.0,0.1517,189.0,2660.0,13.0,0.8448,8.457,0.1281,484.0,0.0,0.6488,medium
22,121,125.0,156.0,0.1264,6,2679.0,0.3352,192.0,1376.0,15.0,2.9003,11.0992,0.3438,554.0,0.0,0.4187,high
53,337,99.0,91.0,0.0,0,651.0,0.0698,448.0,3768.0,3.0,0.5409,1.2571,0.0996,283.0,0.0,0.6993,low
39,221,115.0,119.0,0.0622,4,1309.0,0.1685,353.0,2069.0,12.0,1.7258,10.8395,0.1105,372.0,0.0,0.8156,medium
40,224,138.0,108.0,0.0427,3,1174.0,0.2161,212.0,2213.0,11.0,2.0196,7.0874,0.1932,566.0,0.0,0.5992,medium
47,199,98.0,105.0,0.0413,4,1599.0,0.2331,298.0,1737.0,8.0,1.8222,6.6438,0.1985,528.0,0.0,0.7645,medium
26,94,202.0,141.0,0.1248,9,1622.0,0.3434,192.0,1048.0,19.0,2.6034,9.0932,0.3801,472.0,0.0,0.4585,high
63,321,106.0,82.0,0.0136,2,589.0,0.0883,401.0,2968.0,11.0,1.0498,4.2133,0.0527,254.0,0.0,0.785,low
30,99,168.0,144.0,0.0986,6,2937.0,0.173,113.0,1223.0,12.0,3.121,14.5934,0.357,515.0,0.0,0.3704,high
42,232,130.0,96.0,0.0534,5,1809.0,0.1732,300.0,2287.0,10.0,1.1979,10.9632,0.1934,463.0,0.0,0.4783,medium
49,348,74.0,87.0,0.0175,2,1049.0,0.0902,407.0,2372.0,10.0,0.7646,2.9383,0.0613,338.0,0.0,0.8802,low
64,331,69.0,91.0,0.0072,1,786.0,0.1054,408.0,3538.0,8.0,0.9301,4.2703,0.0792,307.0,0.0,0.8313,low
28,133,152.0,153.0,0.1169,7,1929.0,0.357,167.0,1199.0,21.0,1.9879,14.4407,0.3496,692.0,0.0,0.293,high
54,225,97.0,88.0,0.0128,0,910.0,0.0535,421.0,3602.0,9.0,0.5946,3.3502,0.0683,347.0,0.0,0.803,low
25,117,167.0,130.0,0.1197,8,2001.0,0.2798,102.0,881.0,16.0,2.7304,13.8402,0.4062,392.0,0.0,0.3365,high
39,210,107.0,69.0,0.0508,3,1591.0,0.1801,319.0,1387.0,8.0,1.9719,10.0031,0.1648,341.0,0.0,0.5542,medium
25,117,155.0,141.0,0.1154,7,1765.0,0.2801,244.0,1006.0,18.0,4.1935,17.4352,0.3541,524.0,0.0,0.4808,high
50,228,89.0,89.0,0.0198,1,943.0,0.1045,508.0,3056.0,10.0,0.8846,4.5576,0.0529,281.0,0.0,0.8511,low
71,300,103.0,68.0,0.0145,1,856.0,0.0898,391.0,2696.0,11.0,0.7264,4.8661,0.0578,86.0,0.0,0.8419,low
28,149,178.0,131.0,0.0635,8,2622.0,0.3081,144.0,1479.0,10.0,4.0939,11.7687,0.4352,763.0,0.0,0.3215,high
45,254,124.0,112.0,0.0445,5,1146.0,0.1503,267.0,2111.0,10.0,1.8258,7.3994,0.1464,445.0,0.0,0.7274,medium
65,312,83.0,77.0,0.0191,1,880.0,0.0688,394.0,3324.0,9.0,0.8277,6.6989,0.0773,252.0,0.0,0.8786,low
48,245,145.0,112.0,0.0592,3,1785.0,0.1795,244.0,2537.0,8.0,2.1831,12.9006,0.126,381.0,0.0,0.7051,medium
32,123,160.0,186.0,0.1305,4,1625.0,0.4375,190.0,1248.0,18.0,2.737,15.0797,0.3337,818.0,0.0,0.442,high
71,361,123.0,90.0,0.0197,1,542.0,0.0826,465.0,3162.0,7.0,1.1775,4.0611,0.0473,253.0,0.0,0.8413,low
24,136,149.0,156.0,0.1353,8,1920.0,0.3129,110.0,1108.0,13.0,3.6491,13.2819,0.289,474.0,0.0,0.3574,high
22,111,172.0,162.0,0.0687,7,2051.0,0.3684,182.0,885.0,8.0,1.1572,14.3067,0.3189,432.0,0.0,0.322,high
51,196,124.0,115.0,0.0562,6,1449.0,0.158,192.0,1577.0,8.0,2.9747,13.0949,0.177,322.0,0.0,0.7209,medium
41,236,118.0,94.0,0.0519,2,1561.0,0.1736,301.0,1888.0,10.0,1.9656,5.5897,0.2217,502.0,0.0,0.716,medium
55,305,86.0,67.0,0.0081,1,796.0,0.0994,429.0,3299.0,9.0,0.7481,6.7373,0.0542,335.0,0.0,0.8916,low
35,93,153.0,118.0,0.149,5,1544.0,0.2978,110.0,1611.0,17.0,3.7746,14.2884,0.3337,471.0,0.0,0.5289,high
17,107,134.0,117.0,0.1018,6,1197.0,0.28,160.0,983.0,18.0,3.6894,18.6867,0.3345,577.0,0.0,0.4198,high
59,318,97.0,84.0,0.018,1,845.0,0.0438,461.0,3758.0,10.0,0.9907,4.8917,0.065,217.0,0.0,0.8091,low
43,184,145.0,88.0,0.069,3,1437.0,0.2049,297.0,1772.0,7.0,2.0328,8.8553,0.2126,360.0,0.0,0.6638,medium
60,316,87.0,76.0,0.0162,2,845.0,0.0813,358.0,3226.0,9.0,0.6226,3.0248,0.0925,258.0,0.0,0.8339,low
55,276,106.0,94.0,0.0194,2,937.0,0.0857,377.0,2975.0,8.0,0.5939,3.8112,0.1125,337.0,0.0,0.8755,low
26,154,144.0,146.0,0.097,7,2033.0,0.2687,176.0,1089.0,26.0,3.718,19.1375,0.2628,764.0,0.0,0.4171,high
69,333,124.0,108.0,0.0119,1,537.0,0.0934,418.0,3567.0,6.0,0.7586,2.9783,0.0702,267.0,0.0,0.7699,low
65,317,96.0,75.0,0.0072,1,775.0,0.0942,444.0,3424.0,9.0,0.9883,4.306,0.0607,286.0,0.0,0.9084,low
60,155,124.0,100.0,0.0687,4,1318.0,0.2236,322.0,2230.0,8.0,1.1132,7.7968,0.1912,386.0,0.0,0.6161,medium
30,162,164.0,146.0,0.1252,7,2202.0,0.3868,221.0,767.0,17.0,2.9788,6.9654,0.3521,707.0,0.0,0.4448,high
46,225,119.0,93.0,0.0327,4,1419.0,0.1943,387.0,2380.0,10.0,2.3856,10.3098,0.1468,440.0,0.0,0.6644,medium
63,319,105.0,89.0,0.0223,1,1039.0,0.0426,368.0,2881.0,9.0,1.0752,5.3384,0.0357,272.0,0.0,0.8453,low
25,122,145.0,114.0,0.0918,8,2487.0,0.337,147.0,1018.0,23.0,2.1489,14.8678,0.3713,566.0,0.0,0.3139,high
75,284,111.0,91.0,0.0257,2,817.0,0.0838,400.0,3135.0,9.0,0.46,4.1926,0.0461,313.0,0.0,0.7865,low
46,243,122.0,92.0,0.016,0,1792.0,0.1403,250.0,2417.0,10.0,2.6161,12.7052,0.2237,378.0,0.0,0.7164,medium
26,86,141.0,149.0,0.1062,6,2170.0,0.2959,257.0,1252.0,20.0,1.8426,12.8164,0.3529,569.0,0.0,0.3071,high
30,149,158.0,165.0,0.0999,7,1922.0,0.368,143.0,920.0,15.0,3.9241,14.6905,0.3707,477.0,0.0,0.4796,high
68,337,102.0,63.0,0.0127,1,871.0,0.0233,426.0,3261.0,6.0,0.5876,3.8876,0.0633,250.0,0.0,0.7393,low
41,210,112.0,103.0,0.0388,3,1290.0,0.1953,290.0,1485.0,4.0,2.6691,8.9343,0.1726,536.0,0.0,0.557,medium
23,143,120.0,170.0,0.0968,9,2562.0,0.2443,203.0,2069.0,22.0,3.0466,14.6541,0.3953,270.0,0.0,0.5378,high
48,215,115.0,126.0,0.0396,3,1574.0,0.231,264.0,1503.0,15.0,2.7286,7.7995,0.1394,422.0,0.0,0.6561,medium
12,124,173.0,135.0,0.1321,6,2446.0,0.2654,168.0,1147.0,11.0,3.3454,18.7129,0.4159,601.0,0.0,0.4652,high
51,304,103.0,80.0,0.0311,1,971.0,0.1048,523.0,2843.0,6.0,1.0862,4.2292,0.0939,365.0,0.0,0.7545,low
60,327,72.0,74.0,0.0199,1,1104.0,0.087,389.0,3401.0,7.0,0.972,8.8291,0.0637,256.0,0.0,0.8042,low
34,212,141.0,117.0,0.0553,3,1591.0,0.1776,279.0,2381.0,13.0,2.6531,9.1346,0.2154,423.0,0.0,0.6474,medium
52,335,99.0,75.0,0.0129,1,820.0,0.0813,356.0,2950.0,7.0,0.5398,4.1544,0.0496,313.0,0.0,0.9012,low
53,218,132.0,112.0,0.069,4,1288.0,0.19,241.0,2591.0,8.0,2.172,11.3572,0.1735,402.0,0.0,0.6888,medium
54,279,86.0,73.0,0.0228,2,775.0,0.0789,494.0,3628.0,6.0,1.1697,4.0518,0.0712,286.0,0.0,0.8681,low
40,251,123.0,118.0,0.0608,3,1473.0,0.1421,381.0,2039.0,13.0,2.1868,5.9443,0.107,482.0,0.0,0.6244,medium
21,160,166.0,175.0,0.0815,10,2278.0,0.1597,170.0,1357.0,17.0,2.0673,14.7202,0.3125,495.0,0.0,0.5227,high
64,313,100.0,76.0,0.0207,1,720.0,0.0583,530.0,3407.0,10.0,0.4637,4.6762,0.0884,230.0,0.0,0.7628,low
55,323,110.0,95.0,0.0221,1,667.0,0.0791,527.0,2605.0,8.0,0.7307,7.2687,0.0545,278.0,0.0,0.8347,low
50,246,112.0,108.0,0.064,3,1095.0,0.188,303.0,2056.0,13.0,1.9164,9.8005,0.1739,374.0,0.0,0.6305,medium
34,124,176.0,149.0,0.0985,7,1928.0,0.3227,106.0,870.0,18.0,2.1588,16.5119,0.2836,600.0,0.0,0.5158,high
62,327,102.0,75.0,0.0123,1,707.0,0.0759,460.0,3356.0,8.0,1.0899,6.179,0.072,285.0,0.0,0.799,low
60,333,97.0,71.0,0.0094,1,543.0,0.099,338.0,3515.0,11.0,1.452,4.627,0.0626,232.0,0.0,0.8419,low
41,224,146.0,115.0,0.0462,4,1271.0,0.1852,281.0,2137.0,14.0,1.6617,5.4142,0.1553,320.0,0.0,0.7532,medium
42,214,93.0,111.0,0.0545,5,1811.0,0.1194,267.0,1600.0,10.0,2.5907,8.7507,0.1373,432.0,0.0,0.5724,medium
73,252,83.0,70.0,0.004,2,839.0,0.0792,320.0,3138.0,11.0,1.3785,2.7683,0.0481,280.0,0.0,0.7639,low
66,329,94.0,85.0,0.0146,1,672.0,0.081,422.0,3637.0,13.0,1.0286,4.7994,0.0529,270.0,0.0,0.844,low
49,234,129.0,91.0,0.0588,3,1150.0,0.1746,323.0,1914.0,11.0,1.6643,8.8696,0.1121,387.0,0.0,0.689,medium
50,338,90.0,71.0,0.0026,2,937.0,0.1152,467.0,4025.0,6.0,0.7393,2.4776,0.0937,328.0,0.0,0.8286,low
27,136,173.0,113.0,0.1207,6,2280.0,0.2606,156.0,558.0,16.0,3.0617,15.7314,0.4409,541.0,0.0,0.362,high
58,350,104.0,90.0,0.0162,0,904.0,0.0848,472.0,3154.0,8.0,0.8492,4.0126,0.088,227.0,0.0,0.8209,low
33,139,160.0,146.0,0.1042,6,1759.0,0.3372,115.0,994.0,13.0,3.5841,14.3503,0.3961,554.0,0.0,0.342,high
47,185,123.0,119.0,0.0453,3,1082.0,0.1259,267.0,2271.0,15.0,1.112,9.821,0.1595,435.0,0.0,0.5657,medium
59,285,95.0,82.0,0.0295,2,634.0,0.0802,376.0,3013.0,10.0,1.4998,4.5237,0.077,235.0,0.0,0.881,low
62,275,113.0,78.0,0.0252,0,730.0,0.065,358.0,3438.0,12.0,0.8836,4.396,0.0717,309.0,0.0,0.8513,low
63,359,76.0,81.0,0.0057,1,792.0,0.0849,346.0,3213.0,8.0,0.2687,3.8774,0.0752,230.0,0.0,0.8149,low
32,117,173.0,124.0,0.1006,8,1780.0,0.1618,142.0,703.0,26.0,2.6113,15.7279,0.3024,778.0,0.0,0.5624,high
18,92,144.0,188.0,0.1379,7,2190.0,0.3962,191.0,964.0,15.0,3.5587,11.4752,0.1501,711.0,0.0,0.4162,high
35,242,88.0,98.0,0.0577,6,1181.0,0.1602,332.0,2093.0,12.0,1.9896,11.1806,0.1983,397.0,0.0,0.8068,medium
27,261,140.0,108.0,0.0555,3,1443.0,0.1091,342.0,2217.0,11.0,1.3889,8.509,0.2228,488.0,0.0,0.6328,medium
76,291,113.0,87.0,0.008,2,836.0,0.0766,456.0,3067.0,7.0,0.7843,0.4614,0.0961,216.0,0.0,0.7547,low
66,355,69.0,86.0,0.0232,1,802.0,0.0818,477.0,4192.0,9.0,0.8124,7.1357,0.063,231.0,0.0,0.7902,low
23,102,145.0,115.0,0.1131,6,2125.0,0.2975,250.0,1426.0,23.0,3.0563,13.0288,0.3198,692.0,0.0,0.45,high
18,128,164.0,151.0,0.0541,7,2239.0,0.2783,95.0,1436.0,20.0,2.5735,16.4379,0.2684,588.0,0.0,0.5291,high
56,266,141.0,89.0,0.0467,2,966.0,0.1111,211.0,1645.0,16.0,2.0146,9.9417,0.1867,268.0,0.0,0.7425,medium
54,193,127.0,105.0,0.0508,3,1506.0,0.1361,346.0,1519.0,6.0,1.9237,7.9961,0.2415,485.0,0.0,0.8142,medium
31,70,173.0,156.0,0.1068,7,1705.0,0.2921,240.0,1186.0,20.0,2.6129,14.6928,0.324,607.0,0.0,0.2964,high
59,282,105.0,61.0,0.0275,1,686.0,0.1164,456.0,3766.0,10.0,0.7185,5.8579,0.0536,243.0,0.0,0.8785,low
52,271,121.0,110.0,0.0446,3,1119.0,0.2003,289.0,2531.0,17.0,0.9642,5.73,0.2447,684.0,0.0,0.6966,medium
59,311,99.0,76.0,0.0142,1,620.0,0.0676,496.0,3126.0,7.0,0.851,6.462,0.0513,237.0,0.0,0.8413,low
71,293,58.0,99.0,0.0163,1,867.0,0.0632,410.0,2955.0,6.0,0.5373,5.1455,0.0226,250.0,0.0,0.7117,low
68,295,93.0,78.0,0.0288,2,919.0,0.1002,509.0,3167.0,7.0,0.4606,6.632,0.0554,235.0,0.0,0.8107,low
23,127,146.0,170.0,0.1069,7,3249.0,0.2799,158.0,1050.0,19.0,1.4206,15.2767,0.3158,777.0,0.0,0.3156,high
44,212,122.0,121.0,0.0537,4,1262.0,0.2047,375.0,2548.0,14.0,1.3594,8.0369,0.2167,477.0,0.0,0.6177,medium
26,101,161.0,130.0,0.1344,7,2041.0,0.2736,118.0,866.0,17.0,2.1979,14.3512,0.3806,424.0,0.0,0.4185,high
54,331,100.0,86.0,0.0203,1,846.0,0.12,435.0,2671.0,9.0,0.597,3.6505,0.0781,306.0,0.0,0.8128,low
26,193,168.0,132.0,0.1402,8,2036.0,0.4414,192.0,1472.0,22.0,3.0237,14.9719,0.3859,757.0,0.0,0.3076,high
24,110,132.0,150.0,0.1276,6,1905.0,0.3572,162.0,1463.0,19.0,3.4046,11.3536,0.2761,713.0,0.0,0.5426,high
16,123,143.0,151.0,0.1158,5,2329.0,0.3461,148.0,982.0,19.0,2.9559,15.1172,0.3657,660.0,0.0,0.3264,high
30,115,197.0,142.0,0.0881,6,2544.0,0.1897,188.0,1306.0,17.0,4.5439,16.4558,0.4324,478.0,0.0,0.4428,high
21,97,148.0,143.0,0.0796,5,2835.0,0.2198,144.0,895.0,23.0,2.1521,17.5061,0.3688,634.0,0.0,0.554,high
32,213,105.0,104.0,0.0549,3,1523.0,0.1602,285.0,2210.0,13.0,2.5412,10.0522,0.1913,445.0,0.0,0.707,medium
50,303,80.0,84.0,0.0047,1,808.0,0.0785,445.0,3912.0,9.0,0.7635,5.3054,0.0782,275.0,0.0,0.9137,low
35,100,190.0,151.0,0.1295,5,1799.0,0.349,159.0,1221.0,22.0,3.0919,14.3099,0.305,688.0,0.0,0.4368,high
18,176,168.0,160.0,0.1279,7,1989.0,0.2734,165.0,1468.0,20.0,2.9401,15.4623,0.4168,708.0,0.0,0.5019,high
78,263,66.0,70.0,0.0174,2,924.0,0.0687,385.0,2709.0,7.0,0.6455,3.7628,0.085,271.0,0.0,0.7539,low
29,118,134.0,158.0,0.0827,9,1645.0,0.2401,145.0,1136.0,22.0,2.9032,11.7568,0.3122,774.0,0.0,0.3649,high
34,179,105.0,113.0,0.0629,3,1472.0,0.1936,240.0,2290.0,13.0,0.962,6.517,0.1693,507.0,0.0,0.6013,medium
43,210,124.0,102.0,0.0531,4,1600.0,0.1217,347.0,2384.0,5.0,2.1412,8.676,0.1803,474.0,0.0,0.6177,medium
32,227,122.0,114.0,0.0873,3,1391.0,0.1796,293.0,2294.0,18.0,1.1594,10.9441,0.1244,425.0,0.0,0.6479,medium
23,111,182.0,123.0,0.141,6,1158.0,0.3711,127.0,853.0,19.0,3.1408,13.6688,0.3502,547.0,0.0,0.4012,high
39,95,143.0,153.0,0.1333,10,1937.0,0.3537,136.0,911.0,21.0,2.62,8.6666,0.4231,738.0,0.0,0.5373,high
28,124,154.0,105.0,0.1215,7,2571.0,0.3764,132.0,1105.0,23.0,3.8521,13.6142,0.373,668.0,0.0,0.4923,high
69,259,80.0,67.0,0.0345,1,937.0,0.0472,444.0,3561.0,11.0,1.1597,5.6272,0.0706,290.0,0.0,0.7686,low
47,199,110.0,99.0,0.0533,5,1408.0,0.2451,317.0,1772.0,10.0,2.1134,10.0481,0.197,426.0,0.0,0.7676,medium
77,356,98.0,56.0,0.0244,1,823.0,0.0856,386.0,3528.0,12.0,1.2253,5.3033,0.0812,274.0,0.0,0.8177,low
56,230,86.0,108.0,0.0653,2,1398.0,0.2373,355.0,2159.0,11.0,1.4104,5.4034,0.1814,319.0,0.0,0.6803,medium
41,220,112.0,118.0,0.0371,4,1499.0,0.1318,260.0,1929.0,16.0,1.2242,8.7681,0.1338,350.0,0.0,0.7082,medium
44,237,130.0,84.0,0.0833,6,1753.0,0.0729,289.0,1833.0,12.0,2.165,11.9393,0.1574,419.0,0.0,0.5322,medium
66,238,106.0,73.0,0.0163,1,784.0,0.0674,417.0,3528.0,6.0,1.0266,5.6634,0.2018,218.0,0.0,0.8294,low
14,108,141.0,177.0,0.0914,5,2194.0,0.2969,90.0,1326.0,13.0,1.5584,11.5034,0.3593,760.0,0.0,0.4737,high
56,302,86.0,59.0,0.0165,1,857.0,0.0926,399.0,2973.0,7.0,1.1757,6.7216,0.0625,281.0,0.0,0.848,low
32,112,153.0,136.0,0.0724,6,1561.0,0.2537,137.0,1403.0,26.0,4.0631,9.7578,0.2728,468.0,0.0,0.4017,high
69,281,90.0,100.0,0.0137,1,838.0,0.1279,442.0,3020.0,7.0,0.7027,5.0296,0.0783,245.0,0.0,0.7669,low
36,69,152.0,106.0,0.1441,8,2286.0,0.2993,135.0,1207.0,14.0,2.518,16.3345,0.3107,779.0,0.0,0.4383,high
51,249,102.0,95.0,0.0516,3,1311.0,0.1716,131.0,2077.0,11.0,1.8024,10.1472,0.1788,358.0,0.0,0.6825,medium
24,114,155.0,163.0,0.1181,7,2465.0,0.2933,98.0,733.0,17.0,3.1367,17.4073,0.249,610.0,0.0,0.5321,high
37,100,186.0,164.0,0.1633,8,1942.0,0.2254,174.0,994.0,19.0,3.0337,17.4062,0.4342,935.0,0.0,0.4012,high
35,129,184.0,135.0,0.1018,11,2275.0,0.1686,46.0,1031.0,17.0,3.9067,8.5025,0.2908,575.0,0.0,0.3155,high
44,282,115.0,97.0,0.0578,3,1581.0,0.1472,270.0,2533.0,11.0,1.9446,7.1348,0.1507,497.0,0.0,0.7023,medium
41,182,142.0,102.0,0.0491,4,1355.0,0.2154,313.0,1890.0,8.0,2.7157,8.9785,0.213,301.0,0.0,0.6605,medium
46,164,87.0,112.0,0.0393,5,1034.0,0.1506,332.0,2187.0,16.0,2.7855,5.3905,0.1894,298.0,0.0,0.6497,medium
32,145,141.0,164.0,0.1641,6,1457.0,0.2066,196.0,1662.0,13.0,3.5809,14.2406,0.3069,660.0,0.0,0.2959,high
72,317,69.0,77.0,0.0229,1,403.0,0.0872,515.0,3275.0,6.0,1.0043,4.8543,0.0658,224.0,0.0,0.8856,low
18,122,158.0,134.0,0.1296,7,1851.0,0.2137,183.0,925.0,15.0,3.7362,17.9704,0.2759,412.0,0.0,0.3278,high
58,284,88.0,63.0,0.0124,1,577.0,0.0877,406.0,2725.0,5.0,1.0668,4.0876,0.0546,262.0,0.0,0.8658,low
55,310,107.0,72.0,0.0095,2,944.0,0.059,409.0,4221.0,8.0,0.7857,4.472,0.0723,265.0,0.0,0.8421,low
66,311,105.0,83.0,0.0271,1,956.0,0.0569,409.0,2709.0,4.0,0.7756,3.5319,0.1046,302.0,0.0,0.8049,low
43,284,98.0,90.0,0.0495,3,1050.0,0.1952,247.0,2709.0,12.0,2.3799,9.7896,0.2664,490.0,0.0,0.5894,medium
33,229,103.0,91.0,0.0539,4,1405.0,0.1586,324.0,2345.0,12.0,2.8494,6.1879,0.1257,311.0,0.0,0.6779,medium
49,248,97.0,90.0,0.0539,2,1338.0,0.1687,369.0,1858.0,14.0,2.1408,8.5899,0.161,407.0,0.0,0.6203,medium
61,326,91.0,79.0,0.0195,0,846.0,0.1085,340.0,2541.0,10.0,0.1933,5.5046,0.0465,360.0,0.0,0.7921,low
54,364,104.0,88.0,0.0209,1,894.0,0.0753,475.0,3948.0,8.0,0.734,4.3236,0.0721,325.0,0.0,0.8336,low
34,241,122.0,131.0,0.0622,2,1534.0,0.1231,299.0,1866.0,9.0,2.4155,9.692,0.1914,401.0,0.0,0.6084,medium
71,274,120.0,60.0,0.003,1,688.0,0.079,432.0,3412.0,5.0,0.5031,5.6002,0.0509,263.0,0.0,0.736,low
64,301,96.0,80.0,0.0196,2,790.0,0.0566,416.0,2950.0,8.0,1.209,5.6373,0.0693,298.0,0.0,0.8338,low
43,235,107.0,97.0,0.0624,3,1070.0,0.1635,275.0,2292.0,14.0,2.2252,9.7433,0.1417,387.0,0.0,0.7494,medium
41,273,103.0,110.0,0.0629,3,1384.0,0.2007,244.0,2247.0,16.0,1.7562,8.9888,0.2423,447.0,0.0,0.5386,medium
31,165,108.0,105.0,0.0458,5,1135.0,0.1745,317.0,2231.0,9.0,1.8969,5.9819,0.1873,367.0,0.0,0.5982,medium
26,136,143.0,132.0,0.0894,8,2441.0,0.2812,95.0,1310.0,27.0,2.5349,8.8349,0.2797,491.0,0.0,0.425,high
41,196,132.0,113.0,0.0719,3,675.0,0.1621,256.0,1651.0,13.0,1.3533,11.8909,0.1464,313.0,0.0,0.7528,medium
42,244,123.0,117.0,0.0594,2,1577.0,0.2375,185.0,1649.0,15.0,1.4599,8.0717,0.2039,483.0,0.0,0.5449,medium
57,369,101.0,108.0,0.0163,1,939.0,0.0876,490.0,3315.0,8.0,0.6876,3.5303,0.0749,220.0,0.0,0.7203,low
18,122,196.0,149.0,0.079,6,2141.0,0.2921,128.0,1046.0,15.0,2.5678,13.9096,0.3507,793.0,0.0,0.5827,high
49,198,109.0,103.0,0.0722,2,1103.0,0.1778,280.0,2151.0,7.0,2.5235,8.6598,0.2192,392.0,0.0,0.6621,medium
32,249,91.0,94.0,0.0601,4,1805.0,0.1587,301.0,2192.0,11.0,2.001,9.2719,0.1541,428.0,0.0,0.6425,medium
48,330,105.0,82.0,0.0123,1,911.0,0.0656,371.0,2991.0,8.0,1.0814,6.8913,0.1115,314.0,0.0,0.8806,low
39,267,123.0,88.0,0.0592,3,737.0,0.127,326.0,2362.0,11.0,1.5473,8.3093,0.1714,464.0,0.0,0.6174,medium
42,173,94.0,111.0,0.0572,3,1291.0,0.2397,283.0,2251.0,11.0,2.3665,8.1927,0.1654,354.0,0.0,0.5996,medium
55,256,137.0,104.0,0.0545,4,1013.0,0.1724,283.0,2636.0,15.0,1.9284,5.9567,0.1419,408.0,0.0,0.6527,medium
54,307,98.0,63.0,0.0225,1,958.0,0.03,551.0,3088.0,5.0,0.8241,3.0595,0.072,275.0,0.0,0.7677,low
47,222,139.0,92.0,0.0538,3,1006.0,0.1986,335.0,2267.0,8.0,1.797,10.5508,0.1548,369.0,0.0,0.6735,medium
46,209,125.0,94.0,0.0718,3,1070.0,0.1908,402.0,2224.0,18.0,1.7341,9.8476,0.1997,498.0,0.0,0.7586,medium
64,315,85.0,70.0,0.0154,1,1026.0,0.0788,442.0,3339.0,8.0,0.4102,4.7773,0.0689,241.0,0.0,0.8747,low
24,128,160.0,159.0,0.1378,10,1905.0,0.2946,159.0,1041.0,17.0,3.8681,13.3558,0.3336,553.0,0.0,0.551,high
49,223,116.0,92.0,0.0464,3,1509.0,0.1851,262.0,1974.0,17.0,2.315,8.0126,0.1816,592.0,0.0,0.5974,medium
34,118,160.0,179.0,0.0914,9,2247.0,0.355,183.0,955.0,17.0,3.8695,14.6098,0.2904,773.0,0.0,0.3024,high
25,128,160.0,179.0,0.078,8,2095.0,0.1883,61.0,640.0,20.0,3.539,6.0366,0.2909,786.0,0.0,0.3731,high
60,242,82.0,90.0,0.0586,5,1243.0,0.1067,271.0,2796.0,11.0,2.3634,10.6762,0.1397,443.0,0.0,0.5862,medium
65,304,107.0,62.0,0.0321,1,678.0,0.1,419.0,2976.0,7.0,1.8136,7.7591,0.0892,252.0,0.0,0.7978,low
68,220,86.0,84.0,0.0068,1,924.0,0.0526,462.0,3051.0,10.0,0.8894,2.2989,0.0627,264.0,0.0,0.8013,low
66,367,105.0,83.0,0.0225,1,665.0,0.1044,427.0,2701.0,6.0,0.7038,5.7518,0.0776,279.0,0.0,0.8388,low
20,151,187.0,148.0,0.0621,11,2610.0,0.3806,91.0,379.0,24.0,2.7622,15.406,0.3726,632.0,0.0,0.4853,high
30,129,164.0,154.0,0.1162,5,2323.0,0.373,55.0,1370.0,15.0,3.9477,12.2214,0.315,634.0,0.0,0.4682,high
21,98,119.0,131.0,0.1279,6,2104.0,0.3059,216.0,1169.0,14.0,2.9954,11.7345,0.4071,630.0,0.0,0.3318,high
57,319,97.0,84.0,0.0097,1,638.0,0.0598,422.0,3434.0,6.0,1.4228,5.1636,0.0715,282.0,0.0,0.7665,low
44,148,130.0,103.0,0.045,4,1287.0,0.2293,239.0,2423.0,15.0,2.3949,10.0847,0.1779,430.0,0.0,0.561,medium
62,310,103.0,79.0,0.0162,1,896.0,0.1034,352.0,2961.0,14.0,0.7235,3.1774,0.0857,334.0,0.0,0.8289,low
33,74,123.0,150.0,0.1635,8,1829.0,0.2737,197.0,1042.0,13.0,4.6563,16.3182,0.3403,527.0,0.0,0.4522,high
16,139,128.0,109.0,0.0959,9,2175.0,0.2761,164.0,884.0,16.0,1.5098,17.3893,0.3363,748.0,0.0,0.3549,high
49,313,91.0,65.0,0.0311,1,720.0,0.0946,507.0,2904.0,9.0,1.4863,6.555,0.0734,299.0,0.0,0.8369,low
65,316,117.0,63.0,0.0137,1,655.0,0.0267,352.0,3065.0,7.0,0.836,5.3859,0.0747,287.0,0.0,0.733,low
71,361,95.0,91.0,0.0192,0,722.0,0.0821,309.0,3547.0,5.0,1.1495,5.3252,0.0703,291.0,0.0,0.8019,low
57,295,134.0,100.0,0.0503,4,1826.0,0.1615,389.0,2507.0,15.0,2.8691,10.7566,0.154,430.0,0.0,0.5988,medium
37,205,122.0,133.0,0.0587,4,1535.0,0.1191,289.0,1720.0,6.0,2.0611,8.5082,0.1194,490.0,0.0,0.687,medium
38,237,120.0,121.0,0.0707,3,1352.0,0.169,319.0,2213.0,11.0,1.3995,9.372,0.1177,456.0,0.0,0.5956,medium
41,207,103.0,111.0,0.0526,2,1190.0,0.0888,301.0,1877.0,11.0,1.7695,9.4755,0.1408,273.0,0.0,0.5787,medium
61,197,123.0,68.0,0.0561,3,1015.0,0.1306,329.0,2257.0,7.0,1.8416,7.1869,0.2167,385.0,0.0,0.6056,medium
46,238,113.0,109.0,0.0622,2,907.0,0.1262,297.0,2150.0,11.0,1.8394,10.216,0.2134,362.0,0.0,0.6255,medium
25,117,125.0,157.0,0.1152,8,1898.0,0.264,115.0,1317.0,16.0,2.862,13.6243,0.4188,516.0,0.0,0.4155,high
22,115,174.0,143.0,0.0821,10,1692.0,0.4,221.0,1187.0,16.0,1.8943,16.0741,0.3723,664.0,0.0,0.4573,high
31,100,126.0,125.0,0.132,9,1740.0,0.3126,135.0,1132.0,21.0,2.8866,12.7353,0.147,679.0,0.0,0.4394,high
60,276,78.0,75.0,0.0154,0,826.0,0.0526,411.0,3861.0,8.0,1.5961,4.8777,0.0355,343.0,0.0,0.7742,low
68,299,87.0,68.0,0.0204,2,632.0,0.0985,429.0,2630.0,5.0,1.0142,5.5942,0.0686,227.0,0.0,0.8306,low
54,374,102.0,71.0,0.0244,1,710.0,0.0593,445.0,3243.0,8.0,1.059,2.267,0.0719,358.0,0.0,0.7624,low
50,298,77.0,86.0,0.0071,2,758.0,0.0911,473.0,3906.0,8.0,0.9745,5.6365,0.0647,246.0,0.0,0.7891,low
33,279,115.0,87.0,0.0448,3,1180.0,0.2297,319.0,2433.0,12.0,1.3525,11.7927,0.1655,337.0,0.0,0.6073,medium
41,324,69.0,76.0,0.0219,2,1184.0,0.0688,431.0,3684.0,5.0,0.8215,4.0688,0.0697,334.0,0.0,0.8305,low
53,227,104.0,84.0,0.0508,4,1263.0,0.1803,282.0,1837.0,14.0,0.989,8.8447,0.2069,281.0,0.0,0.6206,medium
29,254,115.0,93.0,0.0507,4,1006.0,0.185,264.0,2072.0,8.0,2.6095,7.0581,0.1252,541.0,0.0,0.7063,medium
21,123,140.0,159.0,0.1794,7,1999.0,0.3426,135.0,1049.0,20.0,3.2473,14.1038,0.4083,594.0,0.0,0.3784,high
14,107,173.0,185.0,0.0962,9,2130.0,0.4007,222.0,1132.0,20.0,4.3661,3.8278,0.2514,669.0,0.0,0.2857,high
59,326,77.0,94.0,0.0161,1,989.0,0.0681,450.0,2793.0,10.0,0.9861,3.4198,0.0573,262.0,0.0,0.8154,low
17,124,155.0,129.0,0.1015,6,2214.0,0.2799,235.0,1209.0,23.0,4.7746,17.1849,0.2814,666.0,0.0,0.7099,high
52,224,124.0,92.0,0.0647,5,1270.0,0.1791,374.0,2450.0,12.0,1.3357,9.5594,0.2445,516.0,0.0,0.8076,medium
47,273,84.0,80.0,0.0157,2,536.0,0.0855,466.0,2909.0,8.0,1.0561,4.5833,0.0755,161.0,0.0,0.8432,low
64,385,110.0,81.0,0.0095,0,1085.0,0.0579,446.0,3588.0,8.0,0.1389,5.4915,0.0417,264.0,0.0,0.842,low
55,287,83.0,82.0,0.014,1,757.0,0.0604,489.0,3584.0,8.0,0.6879,4.7533,0.0675,259.0,0.0,0.8243,low
71,302,122.0,73.0,0.0188,2,912.0,0.1072,476.0,3258.0,8.0,0.3847,2.0518,0.0631,227.0,0.0,0.8931,low
56,304,100.0,84.0,0.0133,1,1019.0,0.0694,274.0,3732.0,7.0,0.9227,2.6478,0.0663,275.0,0.0,0.8234,low
41,257,126.0,114.0,0.0682,3,1298.0,0.1514,305.0,2314.0,16.0,2.296,4.3915,0.1501,503.0,0.0,0.7336,medium
67,265,103.0,83.0,0.0175,1,651.0,0.0951,519.0,2922.0,7.0,0.9281,5.0037,0.0751,393.0,0.0,0.8267,low
49,276,92.0,85.0,0.0192,2,840.0,0.0488,471.0,3423.0,6.0,0.9734,7.7375,0.0783,287.0,0.0,0.7822,low
45,189,128.0,124.0,0.0462,6,1324.0,0.2144,255.0,2588.0,18.0,2.2246,4.6893,0.2209,434.0,0.0,0.6675,medium
47,256,119.0,121.0,0.0557,4,1354.0,0.2545,175.0,2280.0,14.0,2.4575,11.066,0.1983,432.0,0.0,0.7336,medium
30,108,172.0,140.0,0.1326,6,2680.0,0.3021,70.0,653.0,10.0,4.201,11.6099,0.2227,729.0,0.0,0.3849,high
31,204,119.0,101.0,0.0374,4,1384.0,0.1543,280.0,2623.0,10.0,1.3112,11.6754,0.1942,389.0,0.0,0.5616,medium
19,151,144.0,152.0,0.062,5,2500.0,0.3228,139.0,1139.0,20.0,4.1335,21.9296,0.3022,500.0,0.0,0.3635,high
41,257,84.0,103.0,0.0588,3,1373.0,0.1302,298.0,1534.0,17.0,1.9026,11.6983,0.1816,237.0,0.0,0.6387,medium
52,173,112.0,117.0,0.0436,4,1373.0,0.2037,281.0,1899.0,15.0,1.28,6.953,0.1908,522.0,0.0,0.6829,medium
20,145,206.0,157.0,0.1599,6,1912.0,0.3294,189.0,906.0,25.0,2.2065,13.1297,0.3583,508.0,0.0,0.3042,high
62,308,82.0,85.0,0.0175,1,1017.0,0.0553,438.0,3406.0,5.0,1.048,5.0822,0.0835,245.0,0.0,0.7883,low
65,282,94.0,84.0,0.0211,1,636.0,0.0822,332.0,3045.0,8.0,1.2278,6.1827,0.0406,264.0,0.0,0.8156,low
42,272,129.0,107.0,0.0617,5,1588.0,0.0681,285.0,1782.0,12.0,1.2534,9.3938,0.1724,329.0,0.0,0.736,medium
24,139,152.0,145.0,0.1382,8,1598.0,0.3093,214.0,945.0,18.0,2.8635,12.8851,0.3361,657.0,0.0,0.2839,high
30,134,168.0,145.0,0.1252,10,1448.0,0.2905,220.0,1004.0,9.0,2.1689,18.5817,0.3873,748.0,0.0,0.4425,high
50,247,143.0,113.0,0.0308,3,1440.0,0.1681,232.0,1358.0,11.0,2.3495,12.727,0.1709,413.0,0.0,0.5917,medium
60,212,110.0,106.0,0.0756,4,1500.0,0.221,285.0,2042.0,9.0,2.3483,6.7403,0.0829,546.0,0.0,0.7437,medium
44,214,117.0,95.0,0.0661,2,1715.0,0.123,311.0,1788.0,8.0,1.4893,11.3605,0.1294,365.0,0.0,0.6356,medium
31,122,158.0,144.0,0.0934,4,2181.0,0.3043,222.0,939.0,20.0,3.7814,14.167,0.3384,553.0,0.0,0.509,high
51,288,111.0,88.0,0.0509,1,1513.0,0.1807,360.0,2353.0,9.0,1.2218,9.8481,0.2424,479.0,0.0,0.6907,medium
49,375,92.0,88.0,0.0235,1,854.0,0.0925,399.0,3333.0,11.0,1.0277,5.8665,0.0494,358.0,0.0,0.7965,low
38,221,131.0,113.0,0.0622,3,1896.0,0.2019,286.0,2697.0,14.0,1.352,5.8805,0.156,346.0,0.0,0.6572,medium
48,225,135.0,112.0,0.0651,4,1573.0,0.2523,358.0,2129.0,14.0,2.4055,8.0555,0.2732,369.0,0.0,0.6504,medium
50,209,147.0,88.0,0.0508,3,1411.0,0.1467,351.0,2239.0,15.0,1.5728,7.556,0.1232,419.0,0.0,0.6728,medium
49,223,143.0,73.0,0.0501,4,1421.0,0.1491,207.0,1688.0,10.0,2.7617,10.316,0.0694,551.0,0.0,0.6782,medium
22,121,118.0,174.0,0.0785,8,2144.0,0.3351,174.0,1232.0,21.0,2.9924,18.9522,0.4302,630.0,0.0,0.407,high
39,239,127.0,94.0,0.065,3,1840.0,0.1832,222.0,2288.0,18.0,1.8707,9.5755,0.125,373.0,0.0,0.6551,medium
31,131,139.0,138.0,0.0683,9,1912.0,0.3141,179.0,1329.0,14.0,2.2724,14.4106,0.3889,538.0,0.0,0.3275,high
55,272,133.0,96.0,0.0473,6,1410.0,0.1423,369.0,2241.0,14.0,1.2069,6.7558,0.2182,555.0,0.0,0.5747,medium
61,300,107.0,86.0,0.019,1,781.0,0.1178,481.0,3103.0,9.0,0.1986,5.1802,0.0692,402.0,0.0,0.8041,low
32,94,174.0,162.0,0.0922,6,1639.0,0.4768,134.0,1081.0,11.0,1.8995,12.7675,0.3468,513.0,0.0,0.4463,high
55,328,116.0,86.0,0.0166,1,693.0,0.0709,423.0,3023.0,6.0,1.1045,5.6616,0.0982,302.0,0.0,0.776,low
26,99,149.0,166.0,0.1213,8,2763.0,0.2333,128.0,769.0,14.0,3.891,14.7609,0.4755,578.0,0.0,0.3823,high
50,270,80.0,117.0,0.0546,5,1616.0,0.1829,275.0,2409.0,16.0,1.7718,7.9802,0.1976,398.0,0.0,0.6693,medium
65,319,89.0,67.0,0.023,2,1092.0,0.075,363.0,2711.0,9.0,1.2751,7.1726,0.0705,277.0,0.0,0.7744,low
24,185,153.0,169.0,0.0849,5,1765.0,0.2915,163.0,924.0,14.0,2.3481,15.806,0.2761,757.0,0.0,0.5245,high
68,339,76.0,80.0,0.0235,1,694.0,0.0699,460.0,3001.0,7.0,1.2487,7.6541,0.083,332.0,0.0,0.8818,low
26,76,115.0,119.0,0.1066,6,3047.0,0.3154,137.0,872.0,15.0,2.761,14.3134,0.3204,449.0,0.0,0.4864,high
73,251,114.0,95.0,0.0115,2,200.0,0.075,349.0,4053.0,8.0,0.8543,4.6624,0.0967,268.0,0.0,0.8227,low
48,260,118.0,101.0,0.0671,3,1666.0,0.1755,321.0,1845.0,10.0,2.3638,11.2716,0.1777,377.0,0.0,0.6572,medium
30,102,144.0,156.0,0.1129,7,2065.0,0.1626,110.0,662.0,24.0,3.9703,11.079,0.3812,659.0,0.0,0.5005,high
65,308,86.0,96.0,0.0211,1,748.0,0.0948,285.0,3936.0,9.0,0.8992,3.0607,0.0735,228.0,0.0,0.7486,low
81,246,70.0,95.0,0.0167,2,743.0,0.0688,402.0,3386.0,7.0,0.9558,7.7634,0.0603,244.0,0.0,0.8809,low
25,170,139.0,147.0,0.1184,7,1939.0,0.3064,159.0,574.0,18.0,3.4052,14.05,0.4045,754.0,0.0,0.3312,high
24,100,144.0,116.0,0.1265,8,994.0,0.2937,132.0,1066.0,15.0,2.7035,9.5975,0.2959,673.0,0.0,0.5174,high
20,160,180.0,143.0,0.1316,6,2212.0,0.3259,128.0,797.0,14.0,2.0978,5.5302,0.3729,708.0,0.0,0.3376,high
48,166,133.0,124.0,0.0603,4,1348.0,0.1442,314.0,2002.0,15.0,1.4216,9.4722,0.1828,325.0,0.0,0.7236,medium
53,205,108.0,93.0,0.0758,3,663.0,0.1822,265.0,2223.0,14.0,1.7728,8.1086,0.166,417.0,0.0,0.6603,medium
29,67,200.0,155.0,0.1128,10,1007.0,0.3653,182.0,957.0,20.0,2.5949,6.9862,0.2805,447.0,0.0,0.619,high
30,148,143.0,152.0,0.1056,6,3124.0,0.4041,138.0,1069.0,16.0,3.5688,13.5289,0.3781,499.0,0.0,0.3816,high
66,318,93.0,74.0,0.0086,1,908.0,0.094,376.0,3771.0,9.0,1.3222,5.2196,0.0617,246.0,0.0,0.8209,low
47,246,120.0,97.0,0.0373,3,1339.0,0.1368,239.0,2435.0,9.0,1.4469,12.7099,0.1461,436.0,0.0,0.7049,medium
22,86,180.0,137.0,0.1251,7,1763.0,0.2891,111.0,934.0,16.0,3.6047,15.498,0.3069,715.0,0.0,0.4635,high
31,128,148.0,140.0,0.1213,5,2047.0,0.2885,98.0,967.0,17.0,3.3505,13.639,0.3953,791.0,0.0,0.4005,high
52,189,120.0,111.0,0.0592,3,968.0,0.1403,279.0,2401.0,13.0,1.463,7.6083,0.1688,521.0,0.0,0.6432,medium
28,131,192.0,188.0,0.1017,5,1698.0,0.3238,114.0,934.0,19.0,2.4011,9.3751,0.3458,566.0,0.0,0.4202,high
24,94,129.0,142.0,0.1027,6,1989.0,0.2336,134.0,863.0,22.0,2.0217,17.4464,0.3114,650.0,0.0,0.3855,high
53,292,76.0,92.0,0.0193,2,689.0,0.0848,431.0,2485.0,14.0,1.1015,3.7876,0.0547,341.0,0.0,0.7835,low
27,172,132.0,119.0,0.0684,2,1431.0,0.1918,252.0,1924.0,7.0,2.072,9.9331,0.1977,396.0,0.0,0.6276,medium
26,113,176.0,121.0,0.1062,7,1763.0,0.2648,165.0,1189.0,15.0,2.3311,16.3587,0.3844,461.0,0.0,0.5562,high
27,149,149.0,133.0,0.1346,6,1640.0,0.1736,163.0,1254.0,16.0,3.0034,11.2795,0.2476,651.0,0.0,0.4887,high
66,245,99.0,97.0,0.0124,0,784.0,0.1095,587.0,3479.0,10.0,0.5423,5.1397,0.0703,131.0,0.0,0.7982,low
51,257,128.0,131.0,0.0431,5,895.0,0.1433,199.0,1886.0,13.0,0.7032,3.3318,0.1591,321.0,0.0,0.6294,medium
45,255,90.0,90.0,0.0165,2,2133.0,0.0816,320.0,2027.0,18.0,1.864,7.2512,0.1295,526.0,0.0,0.5628,medium
61,309,90.0,105.0,0.0214,0,864.0,0.0695,434.0,3018.0,4.0,0.5341,2.7854,0.073,228.0,0.0,0.7811,low
28,109,157.0,139.0,0.0897,7,2090.0,0.2372,185.0,1052.0,21.0,3.5334,14.4458,0.3337,496.0,0.0,0.3918,high
31,99,150.0,125.0,0.0903,6,1952.0,0.326,210.0,1032.0,16.0,2.9232,17.646,0.1675,648.0,0.0,0.5149,high
38,186,147.0,111.0,0.0609,4,1898.0,0.156,249.0,2095.0,12.0,1.7378,8.3358,0.1695,275.0,0.0,0.7068,medium
53,226,127.0,90.0,0.07,5,1014.0,0.226,277.0,1680.0,15.0,1.9037,8.4095,0.1776,347.0,0.0,0.6818,medium
47,190,126.0,139.0,0.0503,2,1324.0,0.2011,286.0,1588.0,18.0,2.9818,8.4612,0.1517,311.0,0.0,0.739,medium
51,213,112.0,96.0,0.0866,4,1227.0,0.1747,412.0,1984.0,9.0,1.3964,6.9597,0.1574,410.0,0.0,0.8588,medium
65,347,104.0,98.0,0.0235,0,1163.0,0.0748,492.0,3316.0,5.0,1.2578,6.0427,0.0654,312.0,0.0,0.8949,low
40,188,151.0,111.0,0.0762,4,1595.0,0.1877,234.0,2573.0,11.0,1.3901,7.4074,0.1834,420.0,0.0,0.5755,medium
60,307,85.0,82.0,0.0264,1,847.0,0.0667,360.0,2923.0,9.0,0.9845,3.3392,0.0625,228.0,0.0,0.7365,low
51,196,79.0,117.0,0.0375,6,1368.0,0.1293,216.0,2014.0,14.0,2.1982,6.8154,0.0755,355.0,0.0,0.4391,medium
49,174,139.0,83.0,0.0556,3,1691.0,0.1229,285.0,2316.0,6.0,2.8854,8.269,0.1891,449.0,0.0,0.6542,medium
34,210,114.0,102.0,0.0603,2,968.0,0.1595,265.0,1574.0,10.0,2.1773,7.2699,0.1002,426.0,0.0,0.5936,medium
53,205,121.0,116.0,0.0453,3,822.0,0.1786,250.0,1820.0,9.0,1.9242,12.2423,0.1195,407.0,0.0,0.7355,medium
47,177,148.0,112.0,0.039,2,1538.0,0.2344,314.0,1893.0,12.0,1.4842,11.3159,0.1874,489.0,0.0,0.613,medium
53,186,108.0,99.0,0.0776,3,1563.0,0.1876,318.0,2253.0,9.0,2.0837,14.3388,0.1735,470.0,0.0,0.6397,medium
24,138,114.0,145.0,0.1074,5,2068.0,0.4253,107.0,957.0,20.0,2.8165,14.8217,0.3738,674.0,0.0,0.4708,high
58,348,90.0,70.0,0.0134,1,732.0,0.098,465.0,3637.0,6.0,0.6581,5.7614,0.0748,293.0,0.0,0.8113,low
64,261,99.0,91.0,0.0072,0,680.0,0.0693,447.0,2644.0,9.0,0.9486,6.4635,0.1059,327.0,0.0,0.8204,low
24,149,177.0,156.0,0.1447,7,2765.0,0.2431,112.0,549.0,11.0,2.5522,13.9795,0.2892,587.0,0.0,0.5008,high
18,112,167.0,134.0,0.0972,4,1880.0,0.4068,162.0,1226.0,21.0,2.9798,12.0779,0.3787,480.0,0.0,0.498,high
42,210,138.0,90.0,0.0391,4,1314.0,0.1479,295.0,2068.0,9.0,1.7756,9.7968,0.1956,500.0,0.0,0.8103,medium
27,174,168.0,143.0,0.0986,7,2537.0,0.3206,168.0,1357.0,14.0,2.6817,17.5626,0.4239,447.0,0.0,0.499,high
47,241,124.0,87.0,0.0549,2,1502.0,0.2593,306.0,2219.0,18.0,1.6253,8.3952,0.232,458.0,0.0,0.6486,medium
46,211,102.0,121.0,0.0521,5,1966.0,0.2122,272.0,1575.0,13.0,1.8812,9.6792,0.2135,432.0,0.0,0.5426,medium
22,104,160.0,142.0,0.1146,9,1841.0,0.2851,142.0,1205.0,13.0,2.9322,11.1018,0.3294,640.0,0.0,0.4722,high
44,195,104.0,93.0,0.0574,3,1438.0,0.2483,245.0,1941.0,10.0,1.8009,10.0696,0.1694,387.0,0.0,0.5864,medium
26,114,194.0,136.0,0.0971,7,1379.0,0.1908,129.0,1739.0,18.0,3.5499,6.8864,0.281,538.0,0.0,0.5264,high
42,236,86.0,87.0,0.0349,2,1512.0,0.2319,318.0,2415.0,10.0,2.328,10.6244,0.1466,366.0,0.0,0.7089,medium
71,263,88.0,88.0,0.0095,2,782.0,0.1002,437.0,2615.0,9.0,1.0271,6.2812,0.1127,298.0,0.0,0.7933,low
46,213,95.0,56.0,0.0215,1,657.0,0.0574,481.0,3214.0,11.0,1.2088,6.5866,0.0562,277.0,0.0,0.785,low
64,310,78.0,79.0,0.0137,2,989.0,0.0708,308.0,3622.0,10.0,0.4556,4.5742,0.0649,257.0,0.0,0.7997,low
21,55,177.0,144.0,0.0531,4,2467.0,0.5074,129.0,1839.0,25.0,3.2021,15.0977,0.3953,696.0,0.0,0.4713,high
43,235,104.0,128.0,0.0633,3,1116.0,0.1379,299.0,1834.0,8.0,1.5334,9.3485,0.1686,509.0,0.0,0.5762,medium
19,101,148.0,190.0,0.1118,7,1982.0,0.3395,176.0,970.0,22.0,4.1325,16.2479,0.3043,514.0,0.0,0.5027,high
41,203,131.0,91.0,0.066,4,1141.0,0.1653,334.0,1888.0,14.0,2.1785,10.5662,0.1764,466.0,0.0,0.6985,medium
55,348,110.0,92.0,0.0258,1,947.0,0.1027,349.0,3003.0,7.0,0.7612,4.5498,0.0581,263.0,0.0,0.8832,low
29,127,177.0,126.0,0.1603,8,2218.0,0.2843,173.0,1516.0,15.0,1.6129,14.2531,0.3064,623.0,0.0,0.3231,high
57,351,81.0,89.0,0.0293,1,822.0,0.0829,389.0,3659.0,9.0,0.8549,3.7492,0.079,350.0,0.0,0.8368,low
48,351,73.0,91.0,0.0077,2,671.0,0.0813,430.0,3145.0,8.0,1.4587,3.0123,0.0787,308.0,0.0,0.8309,low
37,204,153.0,98.0,0.0781,4,1390.0,0.2325,272.0,1741.0,12.0,2.9092,5.7212,0.1467,521.0,0.0,0.6537,medium
29,106,161.0,178.0,0.1254,7,2030.0,0.3694,158.0,1236.0,17.0,2.7519,13.5762,0.3783,611.0,0.0,0.4455,high
43,230,96.0,99.0,0.0514,2,1571.0,0.1408,193.0,2706.0,13.0,1.6633,9.6518,0.0947,447.0,0.0,0.7333,medium
22,173,147.0,145.0,0.1184,7,1781.0,0.2922,217.0,887.0,18.0,3.9906,14.8801,0.3594,833.0,0.0,0.3803,high
50,203,114.0,104.0,0.0376,4,1163.0,0.2016,374.0,2675.0,14.0,2.4844,6.2848,0.2511,396.0,0.0,0.6829,medium
28,230,152.0,115.0,0.0723,3,1196.0,0.1562,315.0,2109.0,11.0,1.2483,6.4041,0.2031,510.0,0.0,0.6425,medium
24,92,176.0,163.0,0.1035,7,3029.0,0.2289,129.0,1070.0,21.0,4.56,12.7058,0.3179,507.0,0.0,0.4281,high
40,209,91.0,104.0,0.0587,4,1185.0,0.2801,385.0,2053.0,8.0,2.2656,7.7209,0.1486,335.0,0.0,0.6568,medium
33,172,161.0,136.0,0.0811,6,1769.0,0.28,238.0,853.0,19.0,3.5809,16.5978,0.2677,653.0,0.0,0.5342,high
47,257,128.0,117.0,0.0523,4,1511.0,0.1519,299.0,1999.0,12.0,1.9658,9.0988,0.1441,496.0,0.0,0.6388,medium
46,198,141.0,105.0,0.0413,4,1489.0,0.1332,270.0,2252.0,15.0,1.8953,8.7759,0.1173,540.0,0.0,0.6439,medium
37,142,133.0,153.0,0.0465,5,1546.0,0.2856,137.0,989.0,17.0,3.7433,12.4929,0.4261,480.0,0.0,0.4121,high
46,292,87.0,91.0,0.021,2,572.0,0.0787,497.0,2611.0,7.0,1.4296,5.091,0.0644,274.0,0.0,0.7245,low
26,111,151.0,157.0,0.1085,7,1534.0,0.2885,182.0,1191.0,20.0,3.878,16.8623,0.3701,723.0,0.0,0.4166,high
60,294,76.0,70.0,0.0174,1,767.0,0.0888,402.0,3117.0,10.0,0.7163,5.9678,0.0679,258.0,0.0,0.8332,low
74,331,78.0,80.0,0.0084,1,854.0,0.051,347.0,3837.0,6.0,0.7538,4.8592,0.0823,254.0,0.0,0.7882,low
22,117,173.0,137.0,0.0811,8,2009.0,0.2606,162.0,1362.0,20.0,3.9061,11.6337,0.4064,291.0,0.0,0.2781,high
76,340,96.0,86.0,0.0126,1,689.0,0.1219,359.0,3983.0,8.0,1.2103,5.1973,0.0954,313.0,0.0,0.8648,low
75,292,93.0,75.0,0.0164,1,840.0,0.0893,454.0,3163.0,9.0,0.9,5.4782,0.0346,195.0,0.0,0.8522,low
19,116,177.0,126.0,0.0781,8,1748.0,0.3147,163.0,1005.0,18.0,3.8077,17.4542,0.3682,367.0,0.0,0.4887,high
68,346,101.0,88.0,0.0254,2,800.0,0.1148,500.0,3297.0,8.0,0.3841,5.0268,0.0734,281.0,0.0,0.8997,low
54,365,79.0,81.0,0.0133,1,1016.0,0.1089,353.0,2657.0,8.0,1.3978,5.0846,0.0392,300.0,0.0,0.8197,low
27,74,129.0,105.0,0.0937,5,2994.0,0.378,235.0,737.0,18.0,1.9894,16.2405,0.3629,491.0,0.0,0.5657,high
69,333,107.0,88.0,0.0189,2,1087.0,0.1122,361.0,2760.0,11.0,0.8952,3.2145,0.0849,171.0,0.0,0.8079,low
64,363,89.0,80.0,0.0185,1,770.0,0.0919,405.0,3871.0,8.0,1.439,6.9622,0.0917,284.0,0.0,0.8639,low
53,200,113.0,82.0,0.0694,3,1445.0,0.1691,362.0,1889.0,11.0,2.1954,9.5995,0.1921,307.0,0.0,0.7537,medium
66,323,101.0,83.0,0.0107,1,696.0,0.0798,350.0,3408.0,10.0,0.6898,3.687,0.0645,263.0,0.0,0.8516,low
25,148,179.0,130.0,0.1335,9,1783.0,0.3778,114.0,1096.0,22.0,2.1439,7.9312,0.4166,709.0,0.0,0.3496,high
33,172,113.0,116.0,0.0399,1,1089.0,0.1943,303.0,1956.0,14.0,1.3601,9.8861,0.1429,343.0,0.0,0.6197,medium
55,196,139.0,98.0,0.0707,4,1713.0,0.1995,310.0,1069.0,9.0,1.5696,8.3376,0.1236,314.0,0.0,0.652,medium
19,136,146.0,127.0,0.1194,8,2056.0,0.2932,103.0,1006.0,9.0,2.6106,12.1286,0.2906,842.0,0.0,0.3666,high
34,205,116.0,109.0,0.0441,4,1532.0,0.1319,276.0,2176.0,13.0,1.896,10.4196,0.0946,475.0,0.0,0.6634,medium
44,176,109.0,115.0,0.0566,3,1069.0,0.1069,311.0,2125.0,10.0,2.1868,8.6165,0.1581,355.0,0.0,0.6844,medium
72,311,104.0,78.0,0.0117,1,821.0,0.1014,458.0,2350.0,7.0,1.0508,5.2702,0.051,272.0,0.0,0.8351,low
41,263,106.0,82.0,0.0495,2,1451.0,0.1346,293.0,2356.0,10.0,1.9198,12.619,0.2168,466.0,0.0,0.5538,medium
25,124,160.0,138.0,0.1086,8,2008.0,0.1571,142.0,1388.0,17.0,2.9209,20.2072,0.2471,724.0,0.0,0.3722,high
59,321,67.0,94.0,0.0183,1,880.0,0.0902,386.0,2956.0,3.0,1.1898,4.5489,0.081,195.0,0.0,0.8314,low
40,181,118.0,96.0,0.0597,2,1272.0,0.1972,208.0,2498.0,11.0,2.218,10.5852,0.1344,392.0,0.0,0.6297,medium
62,291,74.0,73.0,0.0106,2,899.0,0.052,473.0,3913.0,5.0,1.02,6.0288,0.0441,305.0,0.0,0.9472,low
15,124,144.0,152.0,0.1439,8,2058.0,0.3125,187.0,698.0,25.0,2.6778,15.165,0.2642,614.0,0.0,0.4535,high
47,207,105.0,106.0,0.0582,4,1294.0,0.1957,295.0,1391.0,11.0,2.0672,9.1789,0.2193,281.0,0.0,0.6156,medium
51,176,135.0,103.0,0.0604,3,1119.0,0.133,304.0,1770.0,20.0,1.8589,9.5022,0.1515,426.0,0.0,0.717,medium
23,174,158.0,124.0,0.1061,10,1866.0,0.3075,103.0,1021.0,17.0,3.0157,11.1024,0.403,675.0,0.0,0.4023,high
24,146,141.0,153.0,0.1062,7,2201.0,0.3462,71.0,1322.0,20.0,3.2671,13.294,0.3607,828.0,0.0,0.4669,high
63,291,85.0,86.0,0.0,1,594.0,0.0886,500.0,2695.0,4.0,1.0592,2.4427,0.0642,210.0,0.0,0.8196,low
59,296,81.0,79.0,0.0016,1,1120.0,0.0524,346.0,3016.0,7.0,0.9422,6.661,0.058,311.0,0.0,0.772,low
58,228,98.0,105.0,0.0851,3,1602.0,0.2006,292.0,2484.0,15.0,2.7715,4.3221,0.2043,310.0,0.0,0.548,medium
31,197,115.0,103.0,0.0571,3,883.0,0.2276,206.0,1367.0,11.0,3.0423,11.3798,0.1452,491.0,0.0,0.6977,medium
24,102,157.0,169.0,0.1202,6,2122.0,0.375,88.0,1023.0,21.0,2.089,13.0958,0.3282,747.0,0.0,0.3561,high
48,240,132.0,124.0,0.074,3,1538.0,0.1771,233.0,1847.0,12.0,1.9683,7.6148,0.1642,278.0,0.0,0.6919,medium
44,198,101.0,141.0,0.0612,4,1208.0,0.1675,272.0,2449.0,14.0,1.659,6.6382,0.2229,405.0,0.0,0.6129,medium
66,317,82.0,87.0,0.0145,2,780.0,0.0499,514.0,2863.0,7.0,0.9234,3.7931,0.078,355.0,0.0,0.8887,low
55,232,123.0,122.0,0.0529,5,1226.0,0.2291,327.0,1924.0,11.0,2.0932,7.2701,0.2199,392.0,0.0,0.6046,medium
31,159,158.0,160.0,0.1171,5,2125.0,0.2825,164.0,1133.0,16.0,1.7607,9.8929,0.3461,912.0,0.0,0.473,high
27,127,154.0,141.0,0.1073,7,1840.0,0.5696,150.0,1327.0,20.0,2.3803,13.2353,0.3962,700.0,0.0,0.5289,high
38,220,104.0,97.0,0.0475,3,1106.0,0.1985,412.0,2358.0,12.0,1.1615,5.8807,0.1784,496.0,0.0,0.6551,medium
25,135,135.0,123.0,0.09,6,791.0,0.3488,169.0,1042.0,20.0,3.6201,14.2576,0.3387,708.0,0.0,0.5071,high
29,121,159.0,171.0,0.1354,7,2235.0,0.2585,94.0,960.0,16.0,2.3583,13.736,0.4538,648.0,0.0,0.4234,high
10,93,158.0,166.0,0.0734,10,2235.0,0.2539,109.0,1319.0,22.0,3.1617,12.4238,0.4006,509.0,0.0,0.4276,high
24,117,133.0,157.0,0.116,9,1880.0,0.3488,133.0,772.0,20.0,3.325,15.0009,0.3201,637.0,0.0,0.4109,high
35,139,162.0,147.0,0.0625,8,2076.0,0.2867,183.0,1154.0,14.0,3.5474,14.9182,0.3614,702.0,0.0,0.4435,high
64,339,74.0,89.0,0.0131,1,805.0,0.0794,208.0,3740.0,8.0,0.623,5.4432,0.0561,255.0,0.0,0.7856,low
62,284,87.0,96.0,0.0049,2,779.0,0.0802,335.0,3293.0,7.0,1.109,5.0128,0.0948,285.0,0.0,0.8336,low
61,303,114.0,99.0,0.0196,1,1199.0,0.0288,462.0,2987.0,8.0,0.6451,4.2438,0.0646,329.0,0.0,0.8233,low
61,277,83.0,72.0,0.012,1,715.0,0.0793,360.0,3814.0,9.0,0.8393,2.9371,0.0973,214.0,0.0,0.8316,low
46,235,96.0,87.0,0.055,3,1527.0,0.1872,248.0,1727.0,14.0,2.6503,8.689,0.1637,366.0,0.0,0.7129,medium
52,357,117.0,81.0,0.016,1,661.0,0.0433,415.0,2954.0,4.0,0.7281,2.5355,0.043,178.0,0.0,0.7804,low
40,190,113.0,128.0,0.0635,4,1383.0,0.1684,361.0,1729.0,9.0,1.2781,10.7703,0.1438,251.0,0.0,0.6091,medium
55,303,95.0,73.0,0.0152,2,568.0,0.0991,343.0,3250.0,10.0,0.9323,4.2037,0.042,233.0,0.0,0.7957,low
26,160,187.0,162.0,0.1127,8,1742.0,0.2985,110.0,1176.0,21.0,3.7402,7.9401,0.2256,530.0,0.0,0.3681,high
22,119,135.0,157.0,0.123,8,2377.0,0.3079,218.0,1263.0,27.0,3.9731,9.4447,0.367,716.0,0.0,0.4062,high
24,65,122.0,184.0,0.1189,9,1875.0,0.3285,240.0,1545.0,17.0,3.4941,11.0661,0.3514,539.0,0.0,0.405,high
72,246,110.0,80.0,0.0229,2,773.0,0.0731,458.0,3556.0,8.0,0.7711,4.1617,0.0737,269.0,0.0,0.7614,low
65,301,101.0,99.0,0.035,2,851.0,0.0681,327.0,2884.0,7.0,1.0115,4.8904,0.0651,329.0,0.0,0.8546,low
29,101,136.0,123.0,0.1047,6,2157.0,0.3402,221.0,1087.0,16.0,2.3351,7.5064,0.2715,619.0,0.0,0.3095,high
35,131,140.0,138.0,0.0899,9,1532.0,0.341,220.0,754.0,11.0,1.8646,17.8672,0.3609,495.0,0.0,0.3069,high
26,111,135.0,180.0,0.1267,5,2594.0,0.3559,219.0,1206.0,20.0,3.8465,21.0409,0.4006,640.0,0.0,0.4742,high
33,167,135.0,105.0,0.0802,4,1551.0,0.1542,251.0,2188.0,12.0,1.674,9.9124,0.1882,425.0,0.0,0.6268,medium
71,280,81.0,88.0,0.0145,1,673.0,0.0913,342.0,3116.0,8.0,0.8516,5.6843,0.0944,310.0,0.0,0.8913,low
49,259,98.0,102.0,0.071,4,1563.0,0.1898,210.0,1928.0,12.0,2.377,8.7734,0.1897,517.0,0.0,0.6293,medium
23,136,137.0,166.0,0.1405,6,2783.0,0.2698,92.0,1214.0,14.0,2.0318,19.0173,0.377,562.0,0.0,0.3535,high
23,104,136.0,156.0,0.1022,6,1721.0,0.2488,167.0,884.0,16.0,3.2924,14.9892,0.3934,385.0,0.0,0.3789,high
28,165,159.0,133.0,0.1381,8,2036.0,0.44,139.0,1533.0,21.0,2.8248,18.6336,0.1534,663.0,0.0,0.5728,high
63,267,93.0,77.0,0.0169,2,934.0,0.0788,449.0,3149.0,7.0,1.2757,1.2081,0.0692,288.0,0.0,0.8336,low
57,341,91.0,81.0,0.0202,2,889.0,0.0512,389.0,2959.0,9.0,1.1006,5.3707,0.069,294.0,0.0,0.7962,low
62,342,82.0,73.0,0.0208,1,857.0,0.1289,438.0,3148.0,8.0,0.5144,3.9044,0.0733,336.0,0.0,0.7842,low
36,187,144.0,99.0,0.0633,2,1565.0,0.1514,304.0,1947.0,16.0,1.7901,9.1487,0.188,271.0,0.0,0.5801,medium
63,296,74.0,70.0,0.0314,1,770.0,0.0757,326.0,3096.0,10.0,1.4784,5.3029,0.0504,186.0,0.0,0.7615,low
43,229,130.0,103.0,0.0427,3,1030.0,0.1851,255.0,2006.0,12.0,1.242,6.2851,0.1966,354.0,0.0,0.6317,medium
23,113,142.0,129.0,0.133,8,2196.0,0.1123,172.0,1655.0,8.0,4.61,16.8136,0.2435,886.0,0.0,0.4739,high
79,293,93.0,44.0,0.0098,2,1097.0,0.0,405.0,3511.0,6.0,0.3515,6.8254,0.047,278.0,0.0,0.7906,low
69,325,91.0,86.0,0.0181,1,942.0,0.0883,426.0,2722.0,8.0,0.5455,5.6269,0.0664,323.0,0.0,0.7571,low
62,296,104.0,79.0,0.0241,1,941.0,0.0932,425.0,3532.0,7.0,0.6094,5.6694,0.046,345.0,0.0,0.8113,low
24,160,128.0,117.0,0.1465,7,2329.0,0.2814,97.0,907.0,17.0,3.2599,12.7881,0.297,647.0,0.0,0.3889,high
59,176,142.0,97.0,0.0497,3,1786.0,0.113,438.0,2535.0,11.0,0.9189,6.63,0.2058,444.0,0.0,0.6559,medium
28,83,171.0,136.0,0.0601,7,2228.0,0.3103,169.0,754.0,22.0,3.3731,16.1964,0.4494,292.0,0.0,0.4338,high
78,310,88.0,81.0,0.0233,0,992.0,0.092,378.0,2993.0,9.0,0.5254,3.6438,0.0635,342.0,0.0,0.8963,low
46,268,123.0,119.0,0.0449,2,1212.0,0.1918,342.0,1772.0,8.0,1.5943,8.5729,0.1196,467.0,0.0,0.5955,medium
52,228,158.0,101.0,0.0368,5,1309.0,0.1567,325.0,2372.0,16.0,1.3927,9.1132,0.1729,417.0,0.0,0.5224,medium
36,217,117.0,85.0,0.0583,2,1553.0,0.1548,350.0,2359.0,17.0,2.2744,9.7088,0.1635,408.0,0.0,0.4744,medium
27,116,176.0,119.0,0.0692,6,1725.0,0.4172,136.0,909.0,19.0,1.8843,13.7425,0.2875,746.0,0.0,0.583,high
54,303,88.0,73.0,0.0108,1,1187.0,0.1032,508.0,3532.0,8.0,0.5061,4.4353,0.1078,289.0,0.0,0.7579,low
60,271,115.0,113.0,0.0669,3,1318.0,0.1236,290.0,1933.0,12.0,1.7052,7.8453,0.1458,438.0,0.0,0.6848,medium
35,244,118.0,102.0,0.0402,2,1184.0,0.2312,368.0,2085.0,11.0,1.6265,10.8497,0.1339,454.0,0.0,0.6586,medium
36,82,172.0,127.0,0.1193,8,2124.0,0.2844,139.0,1205.0,28.0,1.8055,10.9982,0.397,523.0,0.0,0.3841,high
70,325,94.0,88.0,0.0208,1,804.0,0.0571,436.0,2978.0,5.0,0.8193,6.2417,0.0767,223.0,0.0,0.8122,low
23,150,125.0,105.0,0.0672,9,1704.0,0.3629,197.0,403.0,19.0,3.7115,17.6963,0.2984,601.0,0.0,0.3637,high
60,302,89.0,69.0,0.0118,1,992.0,0.1147,347.0,3420.0,11.0,0.6122,7.4311,0.0841,211.0,0.0,0.7511,low
62,298,104.0,92.0,0.0161,1,698.0,0.0762,409.0,3376.0,3.0,0.393,3.7363,0.0574,316.0,0.0,0.7498,low
57,251,60.0,58.0,0.0088,1,797.0,0.1228,451.0,3605.0,9.0,1.0704,4.4785,0.0583,410.0,0.0,0.8168,low
50,289,70.0,71.0,0.0324,2,699.0,0.0656,384.0,3976.0,6.0,1.2777,7.0287,0.1138,243.0,0.0,0.8535,low
27,157,164.0,117.0,0.1305,8,1946.0,0.3389,165.0,1369.0,17.0,2.8348,15.769,0.2618,565.0,0.0,0.6056,high
53,205,112.0,98.0,0.0474,4,1587.0,0.1321,242.0,1761.0,11.0,1.8377,7.9998,0.279,521.0,0.0,0.6665,medium
12,133,157.0,162.0,0.0845,9,2495.0,0.1951,162.0,1337.0,15.0,1.6702,14.5277,0.2866,606.0,0.0,0.6118,high
58,319,93.0,93.0,0.0364,1,910.0,0.1099,398.0,3666.0,7.0,0.5375,7.8198,0.0885,329.0,0.0,0.7117,low
33,124,129.0,125.0,0.0815,6,1678.0,0.3478,102.0,1455.0,16.0,4.6591,11.768,0.4874,709.0,0.0,0.3267,high
11,167,176.0,152.0,0.1507,7,2364.0,0.3344,233.0,977.0,19.0,1.8964,11.1642,0.4386,618.0,0.0,0.4857,high
51,236,122.0,102.0,0.0495,4,940.0,0.245,292.0,2607.0,13.0,1.3187,8.0182,0.2,624.0,0.0,0.5742,medium
47,196,122.0,130.0,0.081,2,1147.0,0.1393,204.0,2548.0,12.0,2.282,11.0204,0.1188,384.0,0.0,0.6665,medium
40,242,114.0,96.0,0.0822,3,1862.0,0.1434,379.0,2122.0,12.0,2.236,8.6528,0.1244,380.0,0.0,0.6643,medium
40,207,103.0,102.0,0.0726,5,1009.0,0.1662,225.0,1400.0,15.0,3.1742,13.2354,0.1493,458.0,0.0,0.6283,medium
50,274,82.0,86.0,0.023,2,1001.0,0.0541,448.0,3156.0,4.0,0.9417,5.5878,0.049,310.0,0.0,0.8895,low
44,243,121.0,104.0,0.0619,3,1427.0,0.1841,292.0,1336.0,15.0,2.5406,12.5756,0.1855,494.0,0.0,0.6852,medium
39,191,127.0,111.0,0.062,3,1396.0,0.116,296.0,1959.0,19.0,2.3094,4.8423,0.1988,352.0,0.0,0.6179,medium
48,225,132.0,94.0,0.0546,3,1625.0,0.1896,353.0,1779.0,14.0,0.87,6.6614,0.2143,473.0,0.0,0.6851,medium
36,194,118.0,118.0,0.0604,4,1274.0,0.1888,229.0,1998.0,17.0,1.813,8.3405,0.2106,332.0,0.0,0.5603,medium
52,196,128.0,95.0,0.0818,3,1274.0,0.1791,284.0,2257.0,13.0,1.7633,5.1721,0.176,345.0,0.0,0.5291,medium
32,106,186.0,124.0,0.1309,7,2306.0,0.373,211.0,1187.0,17.0,1.6059,12.6341,0.3359,557.0,0.0,0.3204,high
59,362,91.0,65.0,0.0181,1,426.0,0.09,457.0,2930.0,6.0,0.7382,4.315,0.0872,221.0,0.0,0.8167,low
23,128,146.0,143.0,0.0861,8,2428.0,0.3343,143.0,869.0,17.0,3.2052,14.208,0.3284,521.0,0.0,0.4442,high
54,237,129.0,127.0,0.0447,4,1162.0,0.1785,343.0,2083.0,10.0,1.6958,11.1508,0.1475,394.0,0.0,0.6403,medium
39,190,137.0,107.0,0.0697,4,1511.0,0.2614,301.0,2260.0,16.0,1.496,6.5118,0.1805,496.0,0.0,0.7089,medium
65,331,86.0,96.0,0.0272,2,947.0,0.1191,286.0,2828.0,4.0,0.9124,7.3157,0.0932,263.0,0.0,0.696,low
35,112,153.0,144.0,0.0863,6,2777.0,0.3342,165.0,1142.0,23.0,2.3331,17.867,0.4256,592.0,0.0,0.3871,high
31,115,119.0,151.0,0.0935,8,2687.0,0.3209,124.0,1031.0,13.0,2.355,12.7705,0.2152,616.0,0.0,0.4447,high
23,109,111.0,166.0,0.0831,8,2946.0,0.4524,182.0,1574.0,11.0,2.4955,11.5057,0.3439,650.0,0.0,0.5251,high
47,192,114.0,118.0,0.0628,5,1446.0,0.1174,297.0,1466.0,11.0,2.2741,10.3024,0.1282,390.0,0.0,0.558,medium
68,319,89.0,62.0,0.0095,0,1050.0,0.0964,341.0,3013.0,9.0,0.4633,4.1554,0.0847,292.0,0.0,0.8079,low
73,271,112.0,87.0,0.0154,1,812.0,0.0782,436.0,3737.0,5.0,0.5137,7.0762,0.0837,337.0,0.0,0.8172,low
27,103,148.0,116.0,0.09,5,1979.0,0.247,179.0,763.0,21.0,3.5844,14.6801,0.3156,578.0,0.0,0.4745,high
41,123,175.0,170.0,0.141,6,2138.0,0.3104,205.0,1092.0,17.0,4.8044,9.0559,0.2731,590.0,0.0,0.4793,high
50,328,96.0,92.0,0.0117,1,984.0,0.0561,433.0,2785.0,6.0,0.5458,5.249,0.1222,225.0,0.0,0.834,low
35,168,163.0,137.0,0.1265,8,2075.0,0.2996,72.0,1602.0,8.0,2.9068,14.1846,0.2653,574.0,0.0,0.4123,high
31,116,181.0,102.0,0.1099,8,2483.0,0.365,117.0,910.0,17.0,4.0227,19.2954,0.3251,520.0,0.0,0.4282,high
25,107,131.0,146.0,0.1079,7,2473.0,0.3522,91.0,1366.0,13.0,4.1193,15.0854,0.3602,694.0,0.0,0.3183,high
41,212,122.0,100.0,0.0467,3,1426.0,0.1966,288.0,2018.0,5.0,1.818,9.164,0.1806,404.0,0.0,0.7006,medium
30,139,194.0,158.0,0.1156,7,2408.0,0.2104,155.0,600.0,17.0,2.7971,17.5582,0.4144,624.0,0.0,0.2959,high
31,188,162.0,125.0,0.1169,9,2352.0,0.2893,110.0,930.0,17.0,4.5437,17.5307,0.4718,551.0,0.0,0.3909,high
55,371,90.0,84.0,0.0167,1,972.0,0.0702,407.0,3473.0,9.0,0.2592,3.7538,0.1114,243.0,0.0,0.8216,low
50,317,112.0,76.0,0.0112,1,814.0,0.0841,492.0,3183.0,9.0,1.2084,2.9673,0.0567,324.0,0.0,0.8391,low
33,123,160.0,147.0,0.0502,6,2740.0,0.3832,159.0,795.0,12.0,2.6748,18.6088,0.3954,716.0,0.0,0.3322,high
23,131,153.0,173.0,0.1107,8,2688.0,0.4401,139.0,815.0,19.0,2.2376,13.6167,0.2735,610.0,0.0,0.4948,high
18,118,145.0,112.0,0.1161,6,1470.0,0.2487,167.0,964.0,19.0,2.8106,14.5406,0.2777,698.0,0.0,0.3586,high
47,248,127.0,88.0,0.0728,3,1038.0,0.1829,258.0,2247.0,11.0,1.782,11.2964,0.1849,520.0,0.0,0.7438,medium
38,181,98.0,108.0,0.072,2,1294.0,0.165,246.0,2146.0,13.0,1.9641,10.8881,0.2293,440.0,0.0,0.5833,medium
42,229,108.0,94.0,0.0434,3,1769.0,0.2463,339.0,1849.0,13.0,2.1893,9.9823,0.1124,568.0,0.0,0.6595,medium
32,147,140.0,143.0,0.0905,8,2169.0,0.38,221.0,897.0,20.0,4.2146,16.7539,0.2921,667.0,0.0,0.4569,high
22,137,168.0,132.0,0.0821,9,1854.0,0.2201,134.0,1417.0,19.0,1.6054,15.6985,0.3821,723.0,0.0,0.3535,high
59,369,97.0,75.0,0.022,1,943.0,0.1124,438.0,3060.0,13.0,1.0799,5.8726,0.0851,259.0,0.0,0.781,low
22,103,145.0,156.0,0.1341,11,2206.0,0.2119,201.0,1503.0,21.0,1.0921,16.3715,0.382,310.0,0.0,0.1963,high
66,255,73.0,80.0,0.0088,2,703.0,0.0798,354.0,3070.0,5.0,0.9061,7.6335,0.061,333.0,0.0,0.808,low
45,158,125.0,109.0,0.0753,3,1408.0,0.132,369.0,2483.0,8.0,2.4796,7.675,0.1704,463.0,0.0,0.719,medium
48,197,111.0,83.0,0.0581,5,1472.0,0.2393,274.0,1634.0,14.0,2.1584,11.4876,0.1894,487.0,0.0,0.5693,medium
23,114,162.0,144.0,0.0982,6,2114.0,0.1956,237.0,1028.0,20.0,2.1966,11.6691,0.3176,550.0,0.0,0.4586,high
40,115,149.0,138.0,0.1165,8,2524.0,0.3122,165.0,840.0,13.0,3.6434,13.9815,0.3949,578.0,0.0,0.3026,high
59,265,89.0,78.0,0.0129,1,710.0,0.0797,418.0,3820.0,8.0,0.4503,5.2893,0.063,279.0,0.0,0.8472,low
43,270,95.0,95.0,0.0415,4,1341.0,0.1903,231.0,1685.0,12.0,2.0193,10.8864,0.1428,382.0,0.0,0.5561,medium
41,206,123.0,91.0,0.0562,4,1084.0,0.1901,256.0,2093.0,10.0,2.0169,6.3984,0.171,383.0,0.0,0.6592,medium
40,250,123.0,100.0,0.0458,4,1315.0,0.2098,401.0,1761.0,17.0,1.9009,9.2318,0.1585,414.0,0.0,0.5917,medium
40,157,133.0,102.0,0.0735,3,967.0,0.1884,299.0,1519.0,10.0,1.5282,12.2211,0.2237,526.0,0.0,0.5008,medium
38,243,147.0,78.0,0.039,4,1478.0,0.1812,445.0,2721.0,6.0,1.9946,10.5221,0.1254,483.0,0.0,0.7028,medium
48,309,93.0,73.0,0.0262,1,840.0,0.0673,436.0,2856.0,6.0,0.7542,2.9014,0.0766,307.0,0.0,0.8235,low
70,279,93.0,77.0,0.0106,2,851.0,0.0877,489.0,3228.0,8.0,0.6215,4.959,0.0408,414.0,0.0,0.7712,low
15,101,229.0,165.0,0.1255,8,1744.0,0.3389,145.0,783.0,17.0,3.4593,18.5312,0.4204,599.0,0.0,0.4599,high
47,231,115.0,107.0,0.0567,4,1486.0,0.1538,227.0,2123.0,12.0,2.0033,10.0451,0.2217,445.0,0.0,0.5363,medium
39,231,101.0,124.0,0.0365,4,2102.0,0.2441,248.0,2674.0,13.0,1.4909,9.6577,0.1793,330.0,0.0,0.6358,medium
46,200,106.0,105.0,0.0497,3,1182.0,0.1887,268.0,2137.0,13.0,1.4239,7.547,0.2179,365.0,0.0,0.6316,medium
59,286,112.0,97.0,0.0194,2,940.0,0.0626,363.0,3218.0,11.0,0.6598,4.9062,0.047,314.0,0.0,0.8248,low
62,290,88.0,79.0,0.0213,1,950.0,0.1038,339.0,3262.0,5.0,0.9541,4.8716,0.045,213.0,0.0,0.7862,low
60,313,107.0,56.0,0.0188,1,898.0,0.0687,327.0,3155.0,9.0,0.48,4.2407,0.0807,223.0,0.0,0.7989,low
37,218,130.0,125.0,0.0526,3,1410.0,0.1708,189.0,2307.0,13.0,1.8668,12.0424,0.1276,500.0,0.0,0.6771,medium
74,313,100.0,95.0,0.009,2,1119.0,0.0731,419.0,2635.0,5.0,1.4047,4.6492,0.0813,285.0,0.0,0.8516,low
53,265,116.0,103.0,0.038,0,833.0,0.0354,477.0,3487.0,10.0,0.1537,4.2323,0.1178,370.0,0.0,0.679,low
37,186,146.0,95.0,0.0368,5,1169.0,0.1753,336.0,1498.0,12.0,1.9938,9.912,0.1151,395.0,0.0,0.6037,medium
37,154,136.0,139.0,0.1016,9,1768.0,0.3863,181.0,769.0,15.0,2.2931,15.0704,0.2854,668.0,0.0,0.3315,high
38,268,111.0,106.0,0.0676,5,1113.0,0.1586,364.0,1496.0,6.0,1.9474,8.9365,0.0881,330.0,0.0,0.6727,medium
22,112,140.0,146.0,0.129,4,1833.0,0.3173,154.0,1205.0,18.0,2.122,13.8756,0.3242,532.0,0.0,0.4865,high
81,285,99.0,56.0,0.0137,0,955.0,0.0829,475.0,4076.0,9.0,1.0899,1.6967,0.0881,184.0,0.0,0.8495,low
59,278,89.0,73.0,0.0254,2,821.0,0.0524,458.0,3357.0,9.0,0.467,4.5108,0.0822,269.0,0.0,0.7489,low
31,113,142.0,123.0,0.0818,6,1768.0,0.2649,156.0,1141.0,20.0,1.9253,14.2215,0.4315,646.0,0.0,0.4631,high
23,94,155.0,145.0,0.0962,6,2247.0,0.4686,243.0,1027.0,15.0,2.3044,12.9527,0.3402,695.0,0.0,0.4834,high
42,182,126.0,105.0,0.0577,4,1080.0,0.1172,261.0,1911.0,13.0,1.8584,8.5575,0.1605,568.0,0.0,0.5786,medium
20,140,147.0,180.0,0.1056,6,1879.0,0.2641,205.0,756.0,18.0,3.8403,16.3729,0.3084,689.0,0.0,0.3973,high
38,281,131.0,104.0,0.0655,3,1151.0,0.1813,266.0,1931.0,13.0,2.3105,10.7594,0.1329,507.0,0.0,0.6676,medium
46,286,114.0,102.0,0.0218,4,1272.0,0.1778,213.0,2621.0,14.0,1.9709,10.6849,0.1406,416.0,0.0,0.6532,medium
23,153,195.0,151.0,0.0556,8,2355.0,0.3436,113.0,1113.0,20.0,3.5726,11.8182,0.3513,729.0,0.0,0.362,high
64,264,85.0,94.0,0.0185,1,574.0,0.0597,402.0,3651.0,6.0,0.4057,6.4999,0.0355,241.0,0.0,0.847,low
62,319,105.0,95.0,0.0206,1,778.0,0.1031,416.0,2540.0,8.0,0.5377,6.9981,0.0879,293.0,0.0,0.8896,low
51,351,94.0,74.0,0.0139,1,718.0,0.0788,390.0,2763.0,10.0,1.3019,7.7841,0.0541,199.0,0.0,0.7983,low
22,104,171.0,147.0,0.1017,5,2023.0,0.2972,205.0,1190.0,20.0,1.7431,16.2793,0.3905,561.0,0.0,0.3434,high
26,125,147.0,147.0,0.0967,6,1935.0,0.27,137.0,917.0,22.0,2.4306,9.8326,0.4156,671.0,0.0,0.4222,high
45,231,114.0,123.0,0.0675,4,1327.0,0.1741,358.0,1931.0,13.0,1.3343,10.7908,0.1993,348.0,0.0,0.5754,medium
35,120,167.0,167.0,0.1363,7,1733.0,0.3446,164.0,1135.0,21.0,2.0749,14.2321,0.3451,655.0,0.0,0.3582,high
58,326,95.0,72.0,0.0324,2,893.0,0.0553,456.0,3219.0,12.0,0.993,3.3259,0.0681,315.0,0.0,0.7596,low
44,251,116.0,85.0,0.0652,5,1086.0,0.1991,367.0,1778.0,9.0,1.8546,10.4935,0.1728,329.0,0.0,0.6183,medium
32,130,157.0,141.0,0.1289,7,2229.0,0.3068,180.0,1107.0,19.0,3.8118,15.0249,0.3066,808.0,0.0,0.3991,high
44,228,133.0,118.0,0.0588,3,1469.0,0.2803,343.0,2644.0,14.0,1.7495,9.202,0.1179,427.0,0.0,0.5547,medium
44,245,112.0,97.0,0.0595,2,1574.0,0.2154,262.0,1985.0,11.0,2.2599,7.8491,0.1398,411.0,0.0,0.7366,medium
71,341,85.0,92.0,0.0205,2,783.0,0.0823,360.0,2874.0,7.0,0.6653,4.1481,0.0694,330.0,0.0,0.7658,low
34,144,175.0,125.0,0.068,7,2088.0,0.4357,195.0,1040.0,13.0,2.1485,15.3496,0.4359,595.0,0.0,0.4075,high
57,347,82.0,69.0,0.0286,2,582.0,0.0973,414.0,2865.0,8.0,0.9238,5.1577,0.0898,299.0,0.0,0.7777,low
63,225,82.0,75.0,0.0422,0,592.0,0.0883,293.0,3306.0,6.0,1.0479,5.1263,0.0636,265.0,0.0,0.7783,low
13,119,165.0,135.0,0.1437,9,2632.0,0.333,184.0,717.0,13.0,2.9522,15.2986,0.3238,604.0,0.0,0.5034,high
35,118,183.0,146.0,0.1494,6,1904.0,0.2392,73.0,810.0,15.0,3.5418,17.927,0.3576,503.0,0.0,0.5259,high
23,112,143.0,143.0,0.13,8,2362.0,0.203,209.0,1095.0,17.0,3.7445,13.2737,0.3309,517.0,0.0,0.2501,high
46,184,101.0,115.0,0.0449,4,1074.0,0.1955,327.0,1563.0,13.0,1.7124,4.5593,0.1944,556.0,0.0,0.5038,medium
47,229,133.0,85.0,0.0705,5,1239.0,0.2184,286.0,2765.0,13.0,1.0605,7.9624,0.1558,347.0,0.0,0.6103,medium
64,345,92.0,85.0,0.0265,2,785.0,0.0757,464.0,3437.0,10.0,0.5766,4.952,0.0465,323.0,0.0,0.8826,low
48,215,145.0,88.0,0.0272,2,1077.0,0.1951,312.0,2112.0,14.0,1.6766,7.6543,0.2532,489.0,0.0,0.6441,medium
48,235,117.0,133.0,0.0728,4,1240.0,0.1776,258.0,1473.0,16.0,1.0902,15.2221,0.1192,366.0,0.0,0.7657,medium
56,279,111.0,65.0,0.025,1,910.0,0.0661,452.0,3839.0,7.0,0.9484,3.909,0.0488,265.0,0.0,0.9088,low
29,150,190.0,119.0,0.068,8,2330.0,0.3116,143.0,855.0,20.0,3.491,8.9002,0.2777,584.0,0.0,0.5618,high
43,238,122.0,118.0,0.0145,2,1726.0,0.1368,309.0,1997.0,11.0,1.6075,16.365,0.122,360.0,0.0,0.6125,medium
37,228,121.0,113.0,0.0716,3,1154.0,0.1921,272.0,1632.0,7.0,2.0599,9.5377,0.156,341.0,0.0,0.677,medium
38,238,138.0,114.0,0.0532,2,1164.0,0.1221,248.0,2664.0,10.0,1.016,10.0646,0.2067,461.0,0.0,0.6807,medium
66,334,110.0,64.0,0.0178,1,632.0,0.1097,431.0,3659.0,9.0,0.4079,6.7551,0.0937,250.0,0.0,0.8466,low
49,232,98.0,136.0,0.0495,4,1058.0,0.2335,340.0,1921.0,10.0,2.2261,11.4856,0.2085,423.0,0.0,0.7188,medium
47,302,100.0,77.0,0.0151,1,991.0,0.1248,394.0,3329.0,6.0,0.5583,5.1814,0.0572,311.0,0.0,0.8791,low
55,271,100.0,83.0,0.0164,1,528.0,0.0719,352.0,3938.0,7.0,1.0603,5.0639,0.0835,228.0,0.0,0.8054,low
30,114,145.0,141.0,0.0625,9,2073.0,0.2656,152.0,943.0,23.0,3.2736,15.3905,0.4118,479.0,0.0,0.4663,high
27,150,146.0,145.0,0.136,5,2179.0,0.2707,247.0,817.0,23.0,3.2144,11.4399,0.3768,595.0,0.0,0.412,high
37,278,127.0,99.0,0.0831,3,1172.0,0.2113,302.0,2499.0,11.0,2.3701,8.1206,0.1444,413.0,0.0,0.6021,medium
71,317,118.0,68.0,0.0156,1,819.0,0.1111,375.0,2772.0,6.0,0.7099,3.268,0.0608,208.0,0.0,0.782,low
44,191,128.0,119.0,0.0656,3,1651.0,0.1145,279.0,2707.0,14.0,1.6973,10.79,0.1301,402.0,0.0,0.7418,medium
53,216,138.0,121.0,0.0651,4,1169.0,0.178,321.0,2176.0,12.0,1.4038,7.6967,0.1629,479.0,0.0,0.6967,medium
47,182,113.0,102.0,0.0386,3,1119.0,0.119,252.0,2007.0,12.0,1.3842,6.9941,0.1555,418.0,0.0,0.7736,medium
27,227,125.0,83.0,0.0714,3,1249.0,0.2137,217.0,2520.0,9.0,1.3835,7.9583,0.1905,446.0,0.0,0.7802,medium
74,384,96.0,90.0,0.033,0,851.0,0.0841,413.0,3142.0,10.0,0.5735,1.705,0.0832,269.0,0.0,0.8309,low
26,149,143.0,97.0,0.1406,8,1280.0,0.3569,159.0,1372.0,17.0,3.0676,13.1154,0.4166,575.0,0.0,0.422,high
61,314,99.0,80.0,0.0094,1,703.0,0.0781,510.0,3345.0,9.0,0.8267,6.6698,0.0747,239.0,0.0,0.7518,low
58,336,102.0,73.0,0.0203,1,1200.0,0.0772,482.0,2952.0,7.0,0.7258,5.1221,0.0818,250.0,0.0,0.8714,low
59,311,70.0,67.0,0.0168,1,756.0,0.0533,364.0,3599.0,10.0,1.2746,6.2845,0.0792,275.0,0.0,0.8529,low
30,119,138.0,146.0,0.1395,9,2155.0,0.3539,115.0,1600.0,18.0,2.6437,19.0521,0.4203,657.0,0.0,0.4388,high
47,276,133.0,107.0,0.0463,3,1227.0,0.1858,237.0,2434.0,12.0,0.9482,9.2554,0.1779,425.0,0.0,0.6897,medium
46,189,122.0,108.0,0.0655,4,917.0,0.2209,245.0,2137.0,12.0,1.5226,8.3381,0.2516,312.0,0.0,0.5884,medium
44,214,129.0,101.0,0.043,4,1571.0,0.231,260.0,2390.0,13.0,1.6776,7.34,0.2043,571.0,0.0,0.5787,medium
68,340,101.0,79.0,0.0297,1,541.0,0.0752,524.0,3332.0,7.0,1.2762,7.9042,0.0485,289.0,0.0,0.7857,low
63,330,100.0,81.0,0.0064,3,1023.0,0.0804,366.0,2195.0,8.0,0.6172,3.069,0.0726,317.0,0.0,0.808,low
28,127,155.0,186.0,0.1265,8,2408.0,0.4729,160.0,708.0,17.0,2.5515,11.0953,0.3592,794.0,0.0,0.2985,high
24,160,165.0,177.0,0.1243,7,1813.0,0.3248,163.0,1589.0,24.0,2.1801,16.8892,0.3508,403.0,0.0,0.3944,high
25,175,169.0,166.0,0.1525,5,2467.0,0.2661,196.0,980.0,17.0,2.9298,17.0269,0.1965,623.0,0.0,0.355,high
38,246,92.0,117.0,0.0627,4,1104.0,0.2004,283.0,2244.0,11.0,2.1688,7.7006,0.1284,433.0,0.0,0.7722,medium
30,169,167.0,135.0,0.1234,7,1316.0,0.2018,184.0,895.0,15.0,3.9336,12.453,0.3942,732.0,0.0,0.5581,high
49,249,134.0,113.0,0.0432,5,1353.0,0.1917,260.0,2440.0,16.0,2.0399,9.3455,0.1631,232.0,0.0,0.6406,medium
25,110,157.0,138.0,0.1411,9,1804.0,0.3479,156.0,1557.0,20.0,2.5218,9.9743,0.4081,419.0,0.0,0.4617,high
14,92,149.0,132.0,0.1148,9,1960.0,0.3061,183.0,747.0,9.0,4.7097,12.7716,0.331,878.0,0.0,0.3019,high
32,138,150.0,170.0,0.0856,5,2372.0,0.4249,197.0,1064.0,11.0,3.8505,15.9885,0.4358,620.0,0.0,0.4363,high
28,135,141.0,115.0,0.1194,7,2005.0,0.3921,163.0,933.0,16.0,3.0893,9.7995,0.34,545.0,0.0,0.3826,high
51,227,118.0,103.0,0.0608,3,1328.0,0.1781,293.0,2461.0,10.0,1.0571,10.3315,0.1883,274.0,0.0,0.7577,medium
22,86,138.0,133.0,0.084,7,2235.0,0.2973,108.0,1026.0,16.0,2.5412,17.2722,0.4832,654.0,0.0,0.5398,high
15,118,197.0,163.0,0.094,4,2282.0,0.3043,157.0,939.0,15.0,3.7954,15.8003,0.3409,698.0,0.0,0.4539,high
43,183,124.0,128.0,0.0569,3,1321.0,0.196,196.0,1467.0,19.0,1.9233,9.7842,0.1719,490.0,0.0,0.6087,medium
40,183,112.0,62.0,0.0552,6,1890.0,0.2604,235.0,1842.0,16.0,2.1588,6.7618,0.2372,414.0,0.0,0.7046,medium
25,96,154.0,140.0,0.1168,8,2067.0,0.1994,155.0,787.0,18.0,4.543,10.9703,0.423,689.0,0.0,0.3403,high
65,262,116.0,79.0,0.0167,1,793.0,0.1135,454.0,3509.0,9.0,1.1813,4.4484,0.0818,217.0,0.0,0.7649,low
35,86,153.0,176.0,0.1025,8,1507.0,0.2996,193.0,1356.0,16.0,2.8911,13.798,0.3986,642.0,0.0,0.3777,high
22,129,166.0,157.0,0.1335,7,2623.0,0.2227,223.0,1026.0,18.0,1.1024,17.0034,0.2678,606.0,0.0,0.5234,high
42,143,108.0,113.0,0.0882,4,1725.0,0.2274,362.0,2108.0,10.0,2.2244,10.8789,0.1811,469.0,0.0,0.659,medium
42,242,122.0,107.0,0.0501,4,1504.0,0.1379,386.0,2199.0,13.0,2.15,8.3743,0.1572,452.0,0.0,0.7274,medium
35,120,139.0,170.0,0.136,6,2910.0,0.3517,86.0,1072.0,5.0,3.5579,15.3657,0.2973,450.0,0.0,0.5517,high
49,189,86.0,107.0,0.0439,4,1225.0,0.2757,301.0,2041.0,18.0,2.1977,13.2398,0.1369,493.0,0.0,0.6917,medium
69,302,86.0,92.0,0.0154,1,950.0,0.0866,292.0,3421.0,10.0,0.9109,5.4382,0.0519,257.0,0.0,0.8806,low
31,136,112.0,129.0,0.1065,6,2267.0,0.218,192.0,715.0,8.0,3.1846,7.7882,0.3122,465.0,0.0,0.2326,high
50,191,127.0,116.0,0.0327,2,1131.0,0.1896,260.0,2388.0,17.0,1.9396,10.8563,0.1238,244.0,0.0,0.6096,medium
65,301,95.0,82.0,0.0121,1,944.0,0.0971,433.0,2749.0,9.0,0.6859,7.1161,0.0456,260.0,0.0,0.8004,low
28,106,155.0,176.0,0.0914,6,1938.0,0.3826,154.0,1066.0,21.0,2.7771,16.9442,0.2438,391.0,0.0,0.5159,high
54,306,99.0,56.0,0.0248,0,1042.0,0.0686,499.0,2751.0,9.0,1.203,6.6951,0.077,304.0,0.0,0.8257,low
43,237,122.0,76.0,0.0678,4,1472.0,0.1808,391.0,2232.0,14.0,1.3227,11.6634,0.1402,412.0,0.0,0.6574,medium
40,275,118.0,107.0,0.066,5,1262.0,0.1523,215.0,2076.0,21.0,1.6155,11.1539,0.1087,299.0,0.0,0.6884,medium
58,188,106.0,116.0,0.0599,3,1739.0,0.1301,318.0,2787.0,16.0,2.5855,7.3067,0.2012,463.0,0.0,0.6094,medium
39,219,110.0,81.0,0.0501,0,923.0,0.0151,379.0,2125.0,8.0,0.5933,5.4085,0.1139,314.0,0.0,0.8428,low
17,130,162.0,155.0,0.0897,5,2333.0,0.3306,142.0,922.0,22.0,2.7716,14.0628,0.4212,700.0,0.0,0.4253,high
24,119,156.0,119.0,0.0581,8,2607.0,0.3313,211.0,1093.0,22.0,3.0381,13.5722,0.2934,584.0,0.0,0.4042,high
71,366,64.0,69.0,0.0,1,1399.0,0.1398,333.0,3643.0,9.0,0.4983,6.8234,0.0204,153.0,0.0,0.7413,low
68,230,98.0,67.0,0.012,1,826.0,0.0281,368.0,3068.0,7.0,0.1467,0.3758,0.1155,350.0,0.0,0.8321,low
28,111,105.0,98.0,0.1412,8,1804.0,0.3765,116.0,1407.0,11.0,2.2212,15.3378,0.4288,636.0,0.0,0.2465,high
59,331,111.0,80.0,0.0179,0,882.0,0.1211,416.0,2824.0,6.0,1.419,8.6314,0.0981,228.0,0.0,0.819,low
28,128,145.0,132.0,0.0814,8,2222.0,0.3568,161.0,1410.0,24.0,1.5043,20.5631,0.2868,507.0,0.0,0.345,high
35,151,154.0,132.0,0.1301,7,1960.0,0.2902,232.0,1155.0,12.0,1.9608,16.2067,0.2595,666.0,0.0,0.3265,high
31,110,173.0,121.0,0.1074,5,1592.0,0.2245,114.0,1225.0,26.0,2.995,16.4997,0.257,547.0,0.0,0.4731,high
31,219,135.0,122.0,0.0605,3,1503.0,0.0976,359.0,2439.0,10.0,2.4725,8.0136,0.1799,451.0,0.0,0.6437,medium
33,96,119.0,152.0,0.113,9,2326.0,0.2227,151.0,1040.0,21.0,4.0892,12.9703,0.3314,610.0,0.0,0.4448,high
21,121,164.0,117.0,0.1091,5,1639.0,0.2097,158.0,1519.0,23.0,2.4204,14.0268,0.3094,837.0,0.0,0.364,high
56,343,100.0,90.0,0.0125,1,1150.0,0.0583,458.0,2882.0,9.0,1.1981,3.8043,0.0726,194.0,0.0,0.7846,low
39,241,109.0,115.0,0.0495,3,1802.0,0.1838,327.0,2442.0,15.0,2.9925,12.5256,0.1702,517.0,0.0,0.7354,medium
55,281,88.0,90.0,0.0173,1,704.0,0.0909,337.0,3415.0,11.0,0.6889,3.138,0.0949,239.0,0.0,0.9624,low
63,281,103.0,70.0,0.0135,1,1082.0,0.0591,310.0,3909.0,9.0,0.9488,0.6878,0.0656,256.0,0.0,0.8637,low
31,102,163.0,132.0,0.1001,10,2001.0,0.2638,74.0,1045.0,20.0,2.5191,3.6459,0.3072,649.0,0.0,0.3038,high
39,233,116.0,100.0,0.0704,3,1623.0,0.1888,329.0,1612.0,11.0,1.1863,10.1836,0.2142,278.0,0.0,0.6635,medium
40,199,132.0,78.0,0.0419,2,1170.0,0.1788,297.0,1882.0,13.0,1.1612,9.8502,0.284,420.0,0.0,0.5685,medium
63,258,96.0,85.0,0.02,1,1067.0,0.0888,464.0,3220.0,10.0,0.639,3.9782,0.0757,308.0,0.0,0.8562,low
21,152,191.0,146.0,0.0786,7,1977.0,0.2046,164.0,1151.0,22.0,2.5086,13.1034,0.3187,627.0,0.0,0.3139,high
32,151,148.0,108.0,0.1107,8,1868.0,0.2555,166.0,1211.0,8.0,3.6373,13.1439,0.3976,772.0,0.0,0.4095,high
55,202,124.0,81.0,0.0801,3,2034.0,0.0251,350.0,1747.0,14.0,1.5508,9.149,0.1877,288.0,0.0,0.6353,medium
34,110,153.0,176.0,0.09,8,1588.0,0.306,175.0,1225.0,25.0,3.9964,15.875,0.377,536.0,0.0,0.3574,high
77,310,88.0,78.0,0.0083,1,733.0,0.1155,301.0,3200.0,8.0,0.7624,5.2344,0.0465,357.0,0.0,0.759,low
20,136,109.0,137.0,0.0824,7,1626.0,0.4064,183.0,1397.0,14.0,2.2753,16.4196,0.3379,601.0,0.0,0.5148,high
62,373,91.0,74.0,0.0097,2,1155.0,0.1217,395.0,2781.0,10.0,0.7969,4.5385,0.0682,359.0,0.0,0.919,low
44,234,124.0,100.0,0.0704,4,1472.0,0.1743,261.0,2240.0,14.0,2.3252,8.9203,0.2331,494.0,0.0,0.6016,medium
69,279,76.0,96.0,0.0139,2,726.0,0.0825,503.0,2870.0,8.0,0.7169,6.6241,0.0574,307.0,0.0,0.7964,low
65,295,99.0,86.0,0.0183,0,621.0,0.0834,500.0,3638.0,5.0,1.4146,1.5615,0.0797,301.0,0.0,0.7693,low
67,278,88.0,58.0,0.0092,1,947.0,0.121,457.0,2358.0,7.0,1.0178,5.5151,0.0522,350.0,0.0,0.7431,low
55,204,109.0,86.0,0.0639,5,1396.0,0.2344,350.0,2014.0,15.0,2.2451,11.5744,0.2201,460.0,0.0,0.5681,medium
28,87,140.0,157.0,0.1337,7,1837.0,0.2713,201.0,985.0,13.0,2.076,18.576,0.3306,487.0,0.0,0.3649,high
52,234,123.0,107.0,0.0475,5,1521.0,0.1819,242.0,2366.0,10.0,1.9837,6.8862,0.1243,446.0,0.0,0.6483,medium
26,98,153.0,161.0,0.1323,7,2478.0,0.3386,157.0,1056.0,26.0,2.0697,13.97,0.2888,673.0,0.0,0.3755,high
36,134,147.0,153.0,0.1303,9,2081.0,0.2959,158.0,1067.0,11.0,3.9954,8.706,0.2613,607.0,0.0,0.3911,high
60,273,102.0,85.0,0.0224,0,818.0,0.0445,312.0,3448.0,7.0,0.9824,4.0651,0.089,320.0,0.0,0.8004,low
38,279,118.0,106.0,0.0583,3,1340.0,0.1467,304.0,2429.0,15.0,1.4531,6.785,0.2096,370.0,0.0,0.7216,medium
28,131,131.0,134.0,0.0619,6,1525.0,0.3711,141.0,738.0,19.0,2.9357,11.5076,0.3889,750.0,0.0,0.4576,high
41,245,122.0,113.0,0.065,3,1308.0,0.1676,265.0,1842.0,13.0,2.0581,7.3995,0.1636,439.0,0.0,0.7191,medium
24,148,129.0,136.0,0.1098,7,2371.0,0.2995,131.0,1210.0,11.0,2.8901,15.2608,0.3248,564.0,0.0,0.4887,high
61,332,99.0,86.0,0.0224,0,559.0,0.0279,408.0,3577.0,7.0,1.0256,7.1319,0.0965,264.0,0.0,0.7009,low
28,145,138.0,163.0,0.0938,8,1797.0,0.2481,148.0,1469.0,19.0,3.4249,14.1888,0.3568,738.0,0.0,0.3714,high
41,209,129.0,103.0,0.0352,3,1321.0,0.1659,312.0,2003.0,9.0,1.5859,14.3974,0.0966,436.0,0.0,0.6207,medium
23,142,166.0,148.0,0.1406,5,2515.0,0.3004,121.0,488.0,21.0,4.2506,12.6521,0.4205,553.0,0.0,0.482,high
55,210,118.0,112.0,0.066,5,952.0,0.229,360.0,2591.0,10.0,2.5777,8.1569,0.1947,345.0,0.0,0.6498,medium
45,198,107.0,104.0,0.0682,4,1224.0,0.1589,277.0,2546.0,13.0,2.8765,9.0781,0.1842,418.0,0.0,0.6021,medium
47,221,113.0,95.0,0.0525,5,1420.0,0.2028,401.0,2385.0,14.0,1.1201,10.8505,0.1008,357.0,0.0,0.6502,medium
32,102,166.0,149.0,0.0865,6,1950.0,0.3048,141.0,1441.0,15.0,3.2511,13.8538,0.3646,495.0,0.0,0.5138,high
55,254,135.0,106.0,0.0683,3,1107.0,0.1943,298.0,2388.0,11.0,1.3594,10.3283,0.1635,338.0,0.0,0.6396,medium
32,184,150.0,168.0,0.1387,8,2337.0,0.3461,232.0,1739.0,18.0,3.3941,14.6901,0.3533,771.0,0.0,0.2804,high
55,337,85.0,92.0,0.0204,1,715.0,0.0909,485.0,3062.0,9.0,0.6111,4.6341,0.0576,241.0,0.0,0.7932,low
44,258,119.0,103.0,0.0755,2,1182.0,0.1692,307.0,2298.0,15.0,1.2458,6.8983,0.155,261.0,0.0,0.7108,medium
54,219,134.0,112.0,0.0398,4,1479.0,0.2769,251.0,2158.0,12.0,1.9168,9.2827,0.168,438.0,0.0,0.6785,medium
66,319,94.0,75.0,0.0248,2,1073.0,0.0977,444.0,3196.0,8.0,1.2276,5.1513,0.1044,242.0,0.0,0.8596,low
63,345,100.0,69.0,0.028,1,973.0,0.0768,480.0,3347.0,7.0,1.056,5.4079,0.073,319.0,0.0,0.8134,low
45,222,122.0,119.0,0.0549,3,1327.0,0.2298,354.0,2334.0,9.0,3.0331,7.2625,0.1014,413.0,0.0,0.7471,medium
40,161,176.0,170.0,0.1282,6,2378.0,0.3367,158.0,1613.0,22.0,2.7277,11.9438,0.3982,653.0,0.0,0.5841,high
40,222,121.0,94.0,0.0578,3,1135.0,0.1936,257.0,1893.0,14.0,1.3515,6.1975,0.2135,440.0,0.0,0.6046,medium
26,174,131.0,161.0,0.12,9,1996.0,0.3333,143.0,1532.0,19.0,4.3628,12.9447,0.4337,756.0,0.0,0.3672,high
55,290,96.0,74.0,0.0114,1,1011.0,0.0853,386.0,2781.0,9.0,0.975,7.1202,0.0827,309.0,0.0,0.7909,low
39,237,120.0,116.0,0.0691,4,1294.0,0.1768,346.0,2387.0,12.0,1.9212,7.877,0.1159,358.0,0.0,0.7025,medium
58,419,104.0,71.0,0.0246,1,686.0,0.0566,440.0,3539.0,8.0,0.6329,5.1461,0.059,318.0,0.0,0.8187,low
43,231,125.0,99.0,0.0596,3,1090.0,0.14,251.0,2115.0,19.0,1.5828,9.2214,0.2091,475.0,0.0,0.6857,medium
79,271,108.0,85.0,0.0214,1,978.0,0.111,429.0,3130.0,8.0,1.2504,4.3085,0.0654,254.0,0.0,0.8094,low
32,140,139.0,148.0,0.1272,8,1777.0,0.3059,118.0,792.0,22.0,3.0266,14.7199,0.3687,523.0,0.0,0.4722,high
55,179,89.0,94.0,0.0455,4,1252.0,0.2223,365.0,2242.0,16.0,1.3137,9.5098,0.1687,354.0,0.0,0.7112,medium
46,241,126.0,112.0,0.0398,2,1146.0,0.2014,215.0,2039.0,17.0,1.5024,12.1853,0.1423,501.0,0.0,0.7274,medium
54,382,92.0,83.0,0.0216,1,1059.0,0.0756,415.0,3893.0,9.0,0.4908,6.9581,0.0761,371.0,0.0,0.8388,low
65,369,104.0,83.0,0.0135,0,893.0,0.0568,454.0,3746.0,8.0,0.8506,2.3283,0.059,317.0,0.0,0.857,low
53,316,78.0,82.0,0.0164,1,915.0,0.0379,543.0,3069.0,7.0,1.3984,5.4209,0.0671,242.0,0.0,0.8238,low
22,153,136.0,115.0,0.1061,7,2508.0,0.3541,171.0,675.0,16.0,2.8926,9.71,0.3484,698.0,0.0,0.3744,high
48,224,121.0,101.0,0.0312,4,1304.0,0.2096,259.0,1394.0,15.0,1.3735,9.4827,0.1692,479.0,0.0,0.6215,medium
44,262,116.0,114.0,0.0466,3,1572.0,0.1783,205.0,2098.0,8.0,2.3533,9.6807,0.0931,417.0,0.0,0.6768,medium
47,293,95.0,80.0,0.0171,0,961.0,0.0533,483.0,3373.0,8.0,1.8379,5.2655,0.1124,234.0,0.0,0.9141,low
41,233,107.0,98.0,0.0561,4,1416.0,0.1591,310.0,2367.0,12.0,2.2278,11.303,0.1617,450.0,0.0,0.7182,medium
53,301,114.0,99.0,0.0032,1,749.0,0.1129,401.0,3311.0,6.0,0.6784,6.1907,0.0515,137.0,0.0,0.8405,low
24,126,132.0,157.0,0.1079,8,2280.0,0.1245,170.0,1204.0,20.0,1.9255,13.3281,0.3634,625.0,0.0,0.3546,high
60,289,119.0,90.0,0.0152,1,959.0,0.0815,381.0,2724.0,10.0,0.8072,7.1443,0.0628,298.0,0.0,0.7325,low
71,316,78.0,93.0,0.0229,1,940.0,0.1024,557.0,3545.0,6.0,1.2465,4.3925,0.0474,291.0,0.0,0.8461,low
23,94,155.0,150.0,0.1789,6,2614.0,0.1978,188.0,916.0,18.0,2.858,10.2532,0.253,649.0,0.0,0.4535,high
42,201,115.0,104.0,0.0621,2,1455.0,0.222,230.0,2162.0,15.0,1.2792,10.6812,0.15,384.0,0.0,0.7024,medium
23,136,174.0,150.0,0.0985,6,1284.0,0.3153,167.0,1023.0,15.0,4.3376,15.5299,0.3278,642.0,0.0,0.5491,high
44,207,139.0,108.0,0.0559,4,1627.0,0.2187,260.0,2556.0,14.0,2.464,8.511,0.1859,501.0,0.0,0.6135,medium
50,211,112.0,101.0,0.0542,4,1543.0,0.1572,283.0,1849.0,11.0,0.2946,8.6564,0.1185,515.0,0.0,0.6627,medium
34,173,151.0,141.0,0.0723,5,1542.0,0.1728,314.0,2240.0,12.0,1.4583,9.1107,0.181,477.0,0.0,0.626,medium
24,128,187.0,104.0,0.1927,7,2133.0,0.4398,174.0,1237.0,14.0,2.2861,9.3178,0.4109,643.0,0.0,0.3461,high
14,120,166.0,159.0,0.1261,6,2184.0,0.2678,220.0,1174.0,14.0,2.9288,13.4599,0.342,808.0,0.0,0.4761,high
26,122,182.0,129.0,0.1243,7,1982.0,0.249,233.0,748.0,18.0,1.4326,16.451,0.308,575.0,0.0,0.3382,high
23,142,187.0,117.0,0.078,9,1305.0,0.3422,179.0,1228.0,13.0,3.0598,12.2771,0.3601,617.0,0.0,0.5541,high
31,170,171.0,160.0,0.1366,9,1616.0,0.2065,108.0,888.0,19.0,3.588,13.0036,0.3412,617.0,0.0,0.3156,high
75,297,99.0,82.0,0.0122,1,714.0,0.0703,339.0,2967.0,8.0,1.5748,4.244,0.0845,237.0,0.0,0.8415,low
30,103,155.0,123.0,0.0801,8,2388.0,0.1901,193.0,729.0,18.0,3.1678,10.6345,0.37,644.0,0.0,0.2472,high
32,92,201.0,151.0,0.1074,5,1905.0,0.2376,130.0,646.0,18.0,3.792,13.3918,0.3276,722.0,0.0,0.2816,high
17,132,154.0,154.0,0.1036,7,2871.0,0.3577,139.0,1020.0,15.0,3.7963,12.8308,0.308,611.0,0.0,0.4645,high
66,273,97.0,79.0,0.0203,2,707.0,0.1122,448.0,3555.0,5.0,1.0865,6.3774,0.074,259.0,0.0,0.8381,low
57,288,97.0,80.0,0.026,1,936.0,0.085,526.0,3475.0,9.0,1.5361,5.2911,0.078,336.0,0.0,0.7958,low
20,115,149.0,158.0,0.0919,5,2036.0,0.2686,190.0,684.0,18.0,2.7545,9.9254,0.378,661.0,0.0,0.4174,high
46,211,131.0,111.0,0.0547,3,1423.0,0.2425,340.0,2338.0,17.0,1.4187,6.2695,0.1455,477.0,0.0,0.625,medium
27,115,181.0,136.0,0.0817,6,2690.0,0.2407,215.0,1207.0,12.0,2.7723,14.4236,0.3417,537.0,0.0,0.5009,high
59,264,98.0,86.0,0.022,0,959.0,0.087,428.0,3035.0,7.0,0.7476,2.585,0.0592,355.0,0.0,0.8247,low
14,94,143.0,167.0,0.1077,6,2617.0,0.3083,180.0,1360.0,14.0,3.0002,15.2318,0.3569,531.0,0.0,0.3436,high
38,244,125.0,113.0,0.0513,5,893.0,0.1503,267.0,2427.0,11.0,1.429,7.4978,0.1753,502.0,0.0,0.5837,medium
39,212,154.0,104.0,0.0471,3,1375.0,0.216,235.0,2043.0,14.0,1.4351,8.3426,0.1487,350.0,0.0,0.5694,medium
54,239,87.0,64.0,0.0168,2,988.0,0.064,538.0,3021.0,9.0,0.8811,5.2746,0.0658,349.0,0.0,0.7465,low
30,135,160.0,147.0,0.1267,7,2612.0,0.3608,144.0,1427.0,16.0,3.6067,9.4539,0.3501,736.0,0.0,0.4471,high
87,330,95.0,74.0,0.0173,2,964.0,0.074,411.0,2950.0,11.0,0.4554,3.3369,0.0732,320.0,0.0,0.7558,low
52,209,120.0,121.0,0.0602,4,1506.0,0.1718,267.0,2109.0,17.0,1.122,8.3317,0.1701,324.0,0.0,0.6027,medium
60,308,108.0,92.0,0.009,0,468.0,0.0764,434.0,3320.0,8.0,0.6774,6.2632,0.0613,376.0,0.0,0.7366,low
55,317,97.0,81.0,0.0377,1,927.0,0.079,417.0,2928.0,6.0,0.5659,5.398,0.0736,320.0,0.0,0.7911,low
22,92,174.0,139.0,0.1387,6,2088.0,0.2419,162.0,757.0,16.0,3.0584,11.3466,0.2671,747.0,0.0,0.5472,high
32,120,180.0,162.0,0.1313,8,2137.0,0.1867,70.0,1085.0,19.0,4.2133,12.5267,0.3921,500.0,0.0,0.4519,high
63,303,100.0,59.0,0.0298,1,838.0,0.0924,346.0,3144.0,8.0,1.3776,2.9418,0.0859,299.0,0.0,0.7486,low
30,116,129.0,134.0,0.0904,9,2013.0,0.2724,149.0,1321.0,11.0,3.2237,12.0697,0.5248,593.0,0.0,0.4495,high
39,188,104.0,96.0,0.0568,4,1470.0,0.1553,355.0,2537.0,17.0,1.4862,10.9281,0.195,441.0,0.0,0.5941,medium
27,174,166.0,174.0,0.1361,7,2177.0,0.3824,170.0,1302.0,23.0,2.2174,19.2771,0.3488,704.0,0.0,0.2834,high
45,242,102.0,107.0,0.0543,3,1332.0,0.2122,239.0,2850.0,10.0,1.4362,8.5884,0.177,446.0,0.0,0.647,medium
23,109,179.0,180.0,0.0797,8,2490.0,0.3557,174.0,1054.0,15.0,2.9139,16.7426,0.3601,505.0,0.0,0.5589,high
53,266,78.0,73.0,0.0131,1,502.0,0.0998,408.0,3209.0,11.0,1.1684,6.3983,0.0854,342.0,0.0,0.8372,low
69,318,122.0,83.0,0.0091,2,792.0,0.0558,493.0,3246.0,11.0,1.2267,3.2053,0.0472,291.0,0.0,0.8763,low
39,220,97.0,99.0,0.0594,3,1442.0,0.1801,331.0,2018.0,17.0,1.6602,6.376,0.1768,466.0,0.0,0.7124,medium
64,333,100.0,78.0,0.0233,2,850.0,0.0631,418.0,3005.0,8.0,0.7559,4.9564,0.0421,269.0,0.0,0.801,low
61,282,112.0,72.0,0.0089,2,1012.0,0.08,392.0,3492.0,6.0,1.0295,4.5177,0.1026,312.0,0.0,0.9075,low
43,239,152.0,108.0,0.0535,3,1443.0,0.1934,221.0,2378.0,13.0,2.158,6.3802,0.1389,486.0,0.0,0.6876,medium
65,271,101.0,76.0,0.0229,1,689.0,0.0863,389.0,2942.0,7.0,0.6551,3.7051,0.0538,243.0,0.0,0.9043,low
32,138,183.0,168.0,0.1176,6,1858.0,0.3776,168.0,1136.0,16.0,2.8264,11.0996,0.3086,548.0,0.0,0.4971,high
39,204,131.0,116.0,0.0551,2,1307.0,0.1289,290.0,1739.0,10.0,1.7882,8.68,0.1784,469.0,0.0,0.5842,medium
28,144,187.0,148.0,0.1148,5,1891.0,0.2933,171.0,889.0,19.0,4.2522,17.0255,0.419,527.0,0.0,0.406,high
19,124,175.0,135.0,0.0832,11,2069.0,0.4437,62.0,1261.0,18.0,2.4371,13.7962,0.229,713.0,0.0,0.3149,high
28,121,150.0,118.0,0.1037,8,2111.0,0.219,220.0,981.0,18.0,2.5311,9.6989,0.3329,667.0,0.0,0.3764,high
61,272,92.0,73.0,0.0148,1,810.0,0.0891,327.0,2859.0,10.0,1.3879,4.475,0.0392,314.0,0.0,0.8249,low
34,116,173.0,142.0,0.1366,7,1043.0,0.2666,136.0,1572.0,24.0,2.5673,16.8381,0.2774,456.0,0.0,0.418,high
27,148,151.0,131.0,0.1209,7,1937.0,0.2965,78.0,696.0,16.0,3.6993,9.6041,0.3665,575.0,0.0,0.3698,high
28,214,126.0,109.0,0.0651,4,986.0,0.1801,165.0,2045.0,11.0,1.6942,10.9243,0.1789,346.0,0.0,0.7146,medium
23,124,149.0,136.0,0.1396,6,2243.0,0.3506,209.0,1113.0,19.0,3.6279,12.185,0.2239,505.0,0.0,0.5251,high
48,246,116.0,101.0,0.0664,3,1438.0,0.1896,371.0,2120.0,12.0,2.5294,9.3291,0.1475,418.0,0.0,0.4965,medium
66,350,107.0,87.0,0.0172,1,696.0,0.0788,428.0,2612.0,10.0,1.3619,5.4683,0.0814,344.0,0.0,0.7515,low
74,312,72.0,71.0,0.0181,2,878.0,0.1088,349.0,3757.0,7.0,1.1493,6.0864,0.0839,284.0,0.0,0.8811,low
36,222,119.0,106.0,0.0482,4,1616.0,0.1422,308.0,2001.0,14.0,2.0341,8.2321,0.1682,470.0,0.0,0.6567,medium
32,224,109.0,98.0,0.0684,3,1328.0,0.1762,333.0,1871.0,13.0,1.9995,9.0362,0.1905,424.0,0.0,0.7474,medium
45,235,121.0,112.0,0.0737,4,1728.0,0.1912,288.0,1545.0,9.0,1.5947,7.3054,0.117,462.0,0.0,0.6281,medium
45,209,136.0,120.0,0.0455,3,1425.0,0.1345,343.0,2241.0,10.0,2.1483,9.2415,0.1387,383.0,0.0,0.595,medium
51,210,140.0,101.0,0.0729,4,1272.0,0.1591,302.0,1947.0,12.0,2.0662,9.1083,0.2091,485.0,0.0,0.6744,medium
19,157,144.0,142.0,0.1106,10,1423.0,0.3105,177.0,942.0,21.0,3.1356,9.7575,0.4264,868.0,0.0,0.2762,high
81,303,107.0,96.0,0.0107,1,573.0,0.0773,249.0,3354.0,9.0,0.9302,5.0701,0.0905,254.0,0.0,0.8408,low
64,297,89.0,83.0,0.0143,1,811.0,0.0947,528.0,3603.0,6.0,0.8725,4.2345,0.0777,220.0,0.0,0.7924,low
28,130,155.0,148.0,0.1174,7,2161.0,0.3096,168.0,982.0,19.0,4.2037,17.2008,0.275,678.0,0.0,0.4081,high
42,222,123.0,98.0,0.0729,5,1311.0,0.2041,297.0,2484.0,8.0,1.6857,12.0633,0.1651,584.0,0.0,0.6471,medium
28,145,171.0,112.0,0.0892,7,1627.0,0.3464,158.0,1396.0,20.0,1.1391,13.5065,0.3233,502.0,0.0,0.4368,high
55,305,92.0,77.0,0.0172,2,640.0,0.0928,398.0,3473.0,7.0,0.7093,3.731,0.0788,214.0,0.0,0.7703,low
37,129,152.0,141.0,0.1129,7,1223.0,0.3411,159.0,584.0,20.0,3.5458,15.5416,0.3908,649.0,0.0,0.3936,high
37,244,117.0,79.0,0.0457,4,1534.0,0.1638,295.0,1952.0,9.0,2.1791,7.4318,0.2,561.0,0.0,0.6517,medium
39,149,155.0,112.0,0.1304,7,2153.0,0.3095,154.0,1208.0,11.0,2.7938,13.1445,0.3216,716.0,0.0,0.4172,high
19,111,135.0,134.0,0.1557,7,2259.0,0.1731,187.0,1102.0,16.0,2.6993,12.8112,0.258,472.0,0.0,0.4664,high
42,214,116.0,101.0,0.0336,4,1417.0,0.1718,301.0,1922.0,12.0,1.7844,9.9525,0.1376,315.0,0.0,0.6084,medium
56,256,87.0,61.0,0.005,1,936.0,0.1137,426.0,3441.0,11.0,1.0518,5.64,0.0877,225.0,0.0,0.7859,low
16,128,154.0,159.0,0.0887,7,2031.0,0.2446,135.0,1171.0,16.0,1.8307,12.2081,0.3977,429.0,0.0,0.3825,high
21,123,173.0,140.0,0.1154,7,2354.0,0.2273,161.0,1233.0,19.0,2.2541,11.5092,0.2395,666.0,0.0,0.5011,high
45,229,116.0,121.0,0.0514,3,1206.0,0.1248,374.0,2563.0,16.0,1.7648,9.598,0.2226,338.0,0.0,0.734,medium
38,171,136.0,91.0,0.0583,3,1156.0,0.1829,284.0,2027.0,12.0,1.4374,12.508,0.1056,510.0,0.0,0.6109,medium
26,128,162.0,123.0,0.1269,7,2678.0,0.2541,178.0,676.0,19.0,4.5179,12.3628,0.4325,448.0,0.0,0.2715,high
26,96,148.0,110.0,0.1027,7,2298.0,0.3492,177.0,1157.0,9.0,3.2769,6.5337,0.3141,628.0,0.0,0.2395,high
67,326,100.0,85.0,0.022,1,669.0,0.0609,529.0,3980.0,7.0,0.5118,6.0979,0.0587,268.0,0.0,0.7418,low
28,94,147.0,154.0,0.1197,8,2108.0,0.306,206.0,1314.0,22.0,3.1613,18.3278,0.307,569.0,0.0,0.4224,high
48,325,115.0,66.0,0.0198,1,938.0,0.0703,444.0,3118.0,4.0,0.8644,5.0938,0.07,243.0,0.0,0.8077,low
46,213,88.0,93.0,0.0406,4,1954.0,0.189,346.0,2094.0,8.0,2.3343,6.8032,0.1516,428.0,0.0,0.5119,medium
59,295,85.0,61.0,0.013,0,811.0,0.0412,445.0,3308.0,10.0,1.221,5.495,0.0819,245.0,0.0,0.8903,low
33,167,133.0,130.0,0.0753,9,2100.0,0.3561,207.0,955.0,18.0,2.6455,17.4309,0.4357,743.0,0.0,0.4986,high
62,286,86.0,84.0,0.016,2,878.0,0.0939,311.0,3283.0,7.0,0.7986,4.9893,0.0584,295.0,0.0,0.8613,low
38,198,132.0,114.0,0.0497,2,1686.0,0.1786,289.0,2309.0,6.0,2.0286,9.866,0.159,507.0,0.0,0.6609,medium
52,216,95.0,107.0,0.052,4,1515.0,0.1214,282.0,1803.0,11.0,1.674,8.8653,0.1879,495.0,0.0,0.6731,medium
45,278,71.0,107.0,0.0164,1,747.0,0.1192,449.0,2199.0,4.0,0.9585,5.644,0.0501,316.0,0.0,0.8624,low
50,184,124.0,117.0,0.0562,3,1543.0,0.2197,301.0,1307.0,12.0,1.8769,13.1895,0.2159,449.0,0.0,0.4969,medium
16,71,194.0,144.0,0.1184,7,2518.0,0.1653,71.0,1151.0,16.0,3.8977,19.3188,0.3386,701.0,0.0,0.5248,high
27,61,145.0,170.0,0.1114,6,2132.0,0.1511,255.0,1095.0,17.0,3.0775,14.1188,0.2623,624.0,0.0,0.3707,high
41,238,103.0,136.0,0.0557,3,1050.0,0.1396,216.0,1657.0,10.0,2.8928,9.4992,0.2143,373.0,0.0,0.6967,medium
55,304,100.0,86.0,0.0232,2,865.0,0.0882,319.0,3032.0,5.0,1.1309,5.4703,0.093,235.0,0.0,0.7805,low
55,293,74.0,84.0,0.0106,2,728.0,0.0735,492.0,3618.0,8.0,1.1251,5.3305,0.0323,294.0,0.0,0.8289,low
54,235,135.0,107.0,0.0727,3,996.0,0.1927,292.0,2784.0,13.0,3.413,10.4847,0.1276,520.0,0.0,0.66,medium
19,60,134.0,110.0,0.1086,8,2255.0,0.3222,130.0,964.0,16.0,3.2462,18.2535,0.3794,531.0,0.0,0.4595,high
38,213,123.0,81.0,0.0406,4,1102.0,0.1831,209.0,2673.0,10.0,2.5033,9.5596,0.1087,409.0,0.0,0.6247,medium
32,86,188.0,123.0,0.1341,7,2361.0,0.3643,111.0,1021.0,17.0,2.1903,8.6799,0.3917,847.0,0.0,0.377,high
59,311,84.0,81.0,0.0227,2,680.0,0.0772,371.0,2963.0,8.0,1.0589,2.5134,0.0656,283.0,0.0,0.8526,low
33,101,137.0,147.0,0.1561,7,2029.0,0.2474,156.0,1451.0,20.0,3.1188,13.4299,0.4074,542.0,0.0,0.39,high
60,217,112.0,97.0,0.0319,2,1222.0,0.1031,252.0,1939.0,10.0,1.5672,11.0276,0.1371,330.0,0.0,0.5413,medium
62,270,83.0,73.0,0.0115,2,960.0,0.056,447.0,3634.0,8.0,0.5841,6.8974,0.1731,226.0,0.0,0.814,low
46,244,97.0,73.0,0.016,1,773.0,0.0937,392.0,2085.0,8.0,0.6071,6.3721,0.0844,333.0,0.0,0.7873,low
56,297,106.0,83.0,0.0048,2,866.0,0.075,554.0,3172.0,8.0,0.8234,6.335,0.0737,327.0,0.0,0.8477,low
43,203,109.0,117.0,0.0417,2,943.0,0.1987,283.0,1848.0,7.0,1.1164,7.8112,0.1878,463.0,0.0,0.6053,medium
38,205,120.0,94.0,0.0789,4,1470.0,0.1258,316.0,2047.0,15.0,1.7194,8.562,0.1302,281.0,0.0,0.645,medium
23,79,182.0,148.0,0.079,6,2351.0,0.3057,155.0,1511.0,26.0,5.1103,13.2789,0.35,565.0,0.0,0.4535,high
65,332,103.0,78.0,0.0177,1,519.0,0.1026,349.0,2617.0,8.0,1.0325,2.579,0.0519,307.0,0.0,0.8409,low
64,214,89.0,75.0,0.0129,0,758.0,0.0809,393.0,2986.0,9.0,0.5838,4.8986,0.0778,234.0,0.0,0.7752,low
19,168,139.0,165.0,0.152,8,2564.0,0.3432,196.0,950.0,21.0,3.5325,14.5418,0.3172,403.0,0.0,0.461,high
47,268,132.0,100.0,0.0544,3,1459.0,0.2329,318.0,1678.0,11.0,2.0203,6.3687,0.1766,289.0,0.0,0.614,medium
57,322,109.0,82.0,0.0254,2,567.0,0.0878,469.0,3486.0,9.0,1.1803,6.8646,0.0362,325.0,0.0,0.7714,low
34,140,141.0,129.0,0.1044,10,1705.0,0.3013,200.0,1470.0,22.0,1.7848,13.2801,0.3143,649.0,0.0,0.3419,high
62,302,108.0,80.0,0.0157,0,900.0,0.0448,518.0,4085.0,8.0,0.7799,2.4104,0.0995,242.0,0.0,0.8698,low
33,126,144.0,155.0,0.044,9,1082.0,0.2489,184.0,921.0,18.0,4.0337,16.6135,0.3873,695.0,0.0,0.4135,high
28,161,180.0,120.0,0.1139,9,1876.0,0.3467,145.0,717.0,18.0,4.0843,14.2458,0.4617,413.0,0.0,0.4693,high
30,88,179.0,133.0,0.1091,5,2390.0,0.3515,140.0,1112.0,21.0,2.4115,17.9957,0.2199,616.0,0.0,0.5663,high
20,109,155.0,136.0,0.1326,7,2929.0,0.357,207.0,1327.0,17.0,2.5367,11.8527,0.3488,464.0,0.0,0.6156,high
44,222,120.0,96.0,0.0682,2,1554.0,0.1655,411.0,1972.0,8.0,1.7022,9.6452,0.1361,428.0,0.0,0.6512,medium
43,202,97.0,123.0,0.0645,3,1687.0,0.1687,351.0,2099.0,10.0,2.2158,12.8282,0.1501,375.0,0.0,0.7196,medium
42,188,116.0,106.0,0.0368,4,1738.0,0.1357,369.0,2105.0,12.0,2.297,8.9257,0.1629,303.0,0.0,0.7198,medium
26,141,171.0,134.0,0.119,8,1715.0,0.3273,186.0,568.0,17.0,4.4183,17.2215,0.3799,782.0,0.0,0.3938,high
45,208,118.0,99.0,0.0757,3,1327.0,0.2107,244.0,2018.0,14.0,1.8018,8.598,0.1481,583.0,0.0,0.7702,medium
59,244,87.0,104.0,0.0184,1,827.0,0.0468,404.0,3298.0,9.0,0.3971,4.4681,0.0725,297.0,0.0,0.7654,low
32,153,163.0,102.0,0.114,7,2411.0,0.3046,194.0,969.0,18.0,2.6694,11.1146,0.3441,712.0,0.0,0.4785,high
64,344,100.0,98.0,0.0145,1,921.0,0.0757,406.0,3738.0,7.0,0.983,6.3667,0.0788,270.0,0.0,0.8274,low
52,261,97.0,80.0,0.0107,1,690.0,0.0808,300.0,2645.0,10.0,0.9219,2.3071,0.0845,255.0,0.0,0.8139,low
44,243,140.0,105.0,0.0663,3,1085.0,0.2496,218.0,2166.0,9.0,1.5288,7.6802,0.2031,581.0,0.0,0.6583,medium
19,105,131.0,164.0,0.1664,7,2471.0,0.2606,107.0,1007.0,17.0,2.4329,13.4308,0.3743,730.0,0.0,0.3365,high
54,302,85.0,100.0,0.0253,2,968.0,0.1138,551.0,3282.0,5.0,1.1191,6.104,0.0475,260.0,0.0,0.8808,low
45,226,105.0,118.0,0.0588,2,1641.0,0.1053,422.0,2648.0,13.0,1.5916,7.9534,0.1214,487.0,0.0,0.739,medium
25,143,162.0,123.0,0.1097,9,1884.0,0.2512,166.0,1047.0,24.0,3.1216,15.3144,0.3295,671.0,0.0,0.5419,high
50,181,121.0,78.0,0.0551,4,1778.0,0.139,382.0,2285.0,9.0,2.479,10.5441,0.2026,416.0,0.0,0.7204,medium
76,304,66.0,85.0,0.0114,1,642.0,0.0569,429.0,2932.0,9.0,1.3293,5.9718,0.1197,267.0,0.0,0.8713,low
42,116,170.0,147.0,0.1305,8,2297.0,0.3258,185.0,672.0,23.0,2.104,15.8771,0.3771,651.0,0.0,0.3615,high
30,160,156.0,145.0,0.0914,8,2696.0,0.2939,136.0,868.0,15.0,2.5444,17.2592,0.2765,597.0,0.0,0.556,high
23,143,153.0,138.0,0.1236,6,2130.0,0.2307,143.0,985.0,21.0,3.315,13.2232,0.4407,731.0,0.0,0.3175,high
40,209,124.0,78.0,0.0602,3,1563.0,0.1577,191.0,2720.0,13.0,1.4326,8.5027,0.1692,421.0,0.0,0.5502,medium
61,339,82.0,72.0,0.0151,1,787.0,0.0827,423.0,3395.0,6.0,0.6314,5.1457,0.0399,232.0,0.0,0.7838,low
65,358,92.0,87.0,0.0185,1,735.0,0.0877,434.0,2984.0,11.0,0.6625,4.569,0.0463,328.0,0.0,0.8452,low
46,218,119.0,78.0,0.062,1,1782.0,0.1236,377.0,2098.0,13.0,1.334,10.3467,0.1228,438.0,0.0,0.5887,medium
20,171,145.0,130.0,0.0952,7,2827.0,0.2549,179.0,857.0,15.0,3.8678,16.856,0.2071,632.0,0.0,0.4484,high
31,121,129.0,124.0,0.1019,5,2077.0,0.2643,221.0,1086.0,13.0,2.4914,16.1907,0.2744,885.0,0.0,0.3597,high
29,117,154.0,134.0,0.1267,5,2307.0,0.3049,154.0,1123.0,21.0,2.409,19.6269,0.3466,884.0,0.0,0.4005,high
28,138,182.0,119.0,0.1332,8,1575.0,0.4016,67.0,1124.0,19.0,3.2695,10.5566,0.292,709.0,0.0,0.5728,high
57,351,85.0,70.0,0.0218,2,784.0,0.0752,402.0,3415.0,8.0,0.6557,4.546,0.0601,240.0,0.0,0.8356,low
35,222,88.0,119.0,0.0491,3,763.0,0.2178,287.0,1893.0,9.0,2.8329,9.8177,0.1836,504.0,0.0,0.6251,medium
36,125,148.0,103.0,0.0815,8,1779.0,0.2614,160.0,960.0,15.0,2.9896,11.8296,0.2555,541.0,0.0,0.3331,high
52,256,95.0,79.0,0.0288,0,824.0,0.0725,511.0,3389.0,9.0,0.3851,2.4453,0.0543,296.0,0.0,0.7656,low
68,285,90.0,84.0,0.0318,1,716.0,0.0973,493.0,4091.0,8.0,0.4583,5.4062,0.0452,324.0,0.0,0.8575,low
73,322,92.0,81.0,0.0218,1,808.0,0.0747,372.0,3119.0,9.0,1.14,3.9149,0.0806,265.0,0.0,0.8899,low
27,218,106.0,97.0,0.0668,3,1705.0,0.2358,405.0,1844.0,9.0,1.8132,14.3401,0.1561,367.0,0.0,0.5855,medium
16,94,192.0,126.0,0.121,6,2120.0,0.3189,112.0,1174.0,21.0,3.7219,12.4345,0.3994,704.0,0.0,0.48,high
31,163,163.0,113.0,0.149,7,2465.0,0.2553,141.0,1170.0,23.0,2.957,16.2265,0.3366,732.0,0.0,0.3849,high
67,274,92.0,88.0,0.0066,1,990.0,0.0806,510.0,3783.0,9.0,0.4873,5.4176,0.0959,245.0,0.0,0.7657,low
44,207,131.0,114.0,0.0499,3,1243.0,0.1611,318.0,2121.0,8.0,1.4979,13.9419,0.1367,448.0,0.0,0.6024,medium
66,245,82.0,72.0,0.0197,1,738.0,0.0791,461.0,2371.0,8.0,0.8444,4.2445,0.0752,289.0,0.0,0.7644,low
16,154,158.0,135.0,0.0518,10,1860.0,0.3359,113.0,683.0,9.0,2.8688,16.6088,0.4129,704.0,0.0,0.4184,high
64,329,76.0,85.0,0.024,1,849.0,0.0552,377.0,3554.0,8.0,1.1013,6.1382,0.0646,372.0,0.0,0.764,low
37,248,133.0,107.0,0.0594,3,1482.0,0.1914,229.0,1901.0,10.0,2.4048,8.6266,0.2024,565.0,0.0,0.8263,medium
32,287,101.0,114.0,0.046,3,757.0,0.1602,208.0,2250.0,15.0,0.0,9.0921,0.2028,191.0,0.0,0.6042,medium
65,309,99.0,94.0,0.0086,2,974.0,0.0898,520.0,3032.0,11.0,0.9339,4.9935,0.0876,234.0,0.0,0.8583,low
31,101,134.0,92.0,0.1277,6,2075.0,0.2882,192.0,1365.0,19.0,2.9235,12.1316,0.2704,470.0,0.0,0.3974,high
47,228,146.0,112.0,0.0502,2,1568.0,0.1797,167.0,2184.0,10.0,1.2022,9.6658,0.1443,460.0,0.0,0.7399,medium
18,139,164.0,148.0,0.1183,6,1996.0,0.2392,195.0,908.0,19.0,4.5904,9.0859,0.4294,674.0,0.0,0.4171,high
44,273,98.0,94.0,0.0643,4,1617.0,0.1114,300.0,2258.0,19.0,1.631,7.4466,0.1219,299.0,0.0,0.655,medium
25,102,174.0,107.0,0.0703,8,2404.0,0.3192,166.0,1600.0,21.0,2.7073,13.8461,0.2965,560.0,0.0,0.5374,high
25,117,162.0,195.0,0.1276,6,2016.0,0.4066,236.0,987.0,26.0,3.1479,14.7172,0.421,721.0,0.0,0.4927,high
62,274,112.0,72.0,0.0097,2,664.0,0.1109,397.0,3212.0,8.0,0.695,5.2399,0.0274,275.0,0.0,0.8813,low
46,255,111.0,104.0,0.0465,4,1436.0,0.2004,220.0,2206.0,14.0,1.4695,10.1097,0.1504,483.0,0.0,0.4294,medium
33,225,115.0,83.0,0.0412,4,725.0,0.1788,390.0,2125.0,14.0,1.7485,10.365,0.191,481.0,0.0,0.5502,medium
61,287,81.0,82.0,0.023,0,1021.0,0.1034,427.0,3452.0,4.0,0.8486,5.283,0.0412,295.0,0.0,0.7762,low
72,303,79.0,101.0,0.0111,2,720.0,0.0807,434.0,2750.0,5.0,0.7501,4.5253,0.0314,241.0,0.0,0.8674,low
24,158,138.0,184.0,0.1242,8,2348.0,0.3818,205.0,1297.0,19.0,3.7665,9.5927,0.3969,542.0,0.0,0.3805,high
53,286,118.0,82.0,0.0172,2,1032.0,0.0709,486.0,3471.0,4.0,0.6701,4.3386,0.1148,245.0,0.0,0.8314,low
46,216,127.0,107.0,0.0654,3,1027.0,0.1837,283.0,1787.0,10.0,1.983,11.9548,0.1909,345.0,0.0,0.689,medium
36,180,96.0,76.0,0.0595,3,1094.0,0.1825,187.0,2014.0,12.0,1.9876,6.6684,0.1755,335.0,0.0,0.7434,medium
48,309,105.0,78.0,0.0,2,1166.0,0.0636,343.0,3374.0,9.0,0.8877,8.8633,0.0877,238.0,0.0,0.8053,low
66,408,88.0,71.0,0.0074,1,855.0,0.0764,431.0,3129.0,5.0,0.7779,5.6933,0.0722,267.0,0.0,0.851,low
42,192,131.0,112.0,0.0564,2,1343.0,0.1619,318.0,2353.0,5.0,1.2242,6.8757,0.1297,395.0,0.0,0.6698,medium
35,218,120.0,81.0,0.0564,3,1256.0,0.1702,272.0,2041.0,10.0,2.281,5.8361,0.1726,268.0,0.0,0.5861,medium
75,274,88.0,81.0,0.0046,1,721.0,0.0775,488.0,4347.0,7.0,0.8158,4.8184,0.0524,339.0,0.0,0.8525,low
60,261,83.0,88.0,0.0093,1,918.0,0.0713,465.0,3360.0,6.0,1.0248,5.3649,0.0758,216.0,0.0,0.7464,low
41,152,146.0,86.0,0.0667,3,1559.0,0.1218,287.0,2613.0,11.0,2.6617,9.6037,0.2111,357.0,0.0,0.684,medium
58,245,110.0,73.0,0.0149,1,689.0,0.072,418.0,3391.0,10.0,1.1159,5.0934,0.0706,303.0,0.0,0.9169,low
60,230,122.0,106.0,0.0524,5,1858.0,0.1968,312.0,2956.0,11.0,2.4207,8.2989,0.0973,202.0,0.0,0.6845,medium
46,208,88.0,119.0,0.0599,4,1769.0,0.1719,231.0,2648.0,15.0,3.1431,6.3162,0.126,484.0,0.0,0.5884,medium
66,156,124.0,129.0,0.0605,5,1094.0,0.1588,204.0,2966.0,11.0,0.4806,10.815,0.1576,359.0,0.0,0.5397,medium
18,127,150.0,139.0,0.1183,8,2284.0,0.3171,188.0,1020.0,16.0,2.6596,20.219,0.4203,576.0,0.0,0.3408,high
49,183,110.0,107.0,0.0499,5,1168.0,0.1786,234.0,1785.0,15.0,2.4341,12.7902,0.2044,478.0,0.0,0.4803,medium
37,226,99.0,100.0,0.0721,3,1851.0,0.2094,294.0,2547.0,16.0,2.3346,7.7843,0.158,429.0,0.0,0.6271,medium
21,141,149.0,166.0,0.0993,9,2649.0,0.2582,148.0,909.0,16.0,3.2926,17.1464,0.2263,432.0,0.0,0.4545,high
61,272,107.0,71.0,0.0122,2,897.0,0.0971,522.0,3702.0,4.0,1.7087,4.0945,0.0784,339.0,0.0,0.818,low
18,74,131.0,147.0,0.0584,8,1900.0,0.2945,119.0,1275.0,17.0,3.1629,15.0129,0.3598,507.0,0.0,0.3873,high
48,245,123.0,126.0,0.0624,2,1485.0,0.2657,229.0,2391.0,15.0,1.7343,12.2765,0.194,355.0,0.0,0.7108,medium
26,68,166.0,138.0,0.0814,4,2219.0,0.4445,167.0,1287.0,14.0,2.6814,12.0189,0.3192,551.0,0.0,0.429,high
29,137,150.0,154.0,0.0913,9,1549.0,0.1692,138.0,828.0,13.0,3.3465,9.0128,0.4017,522.0,0.0,0.242,high
17,63,157.0,157.0,0.1293,7,2186.0,0.2995,138.0,1525.0,14.0,2.6753,17.817,0.2818,485.0,0.0,0.4575,high
64,347,105.0,62.0,0.0181,0,847.0,0.0779,507.0,2436.0,6.0,0.7425,5.6926,0.0701,258.0,0.0,0.826,low
57,247,113.0,86.0,0.01,1,817.0,0.0929,427.0,3239.0,7.0,0.906,7.662,0.0713,248.0,0.0,0.8533,low
47,195,128.0,108.0,0.0534,3,1251.0,0.2089,224.0,2082.0,17.0,2.2636,8.1791,0.1779,387.0,0.0,0.5508,medium
71,317,123.0,76.0,0.0151,1,580.0,0.1124,504.0,2867.0,6.0,0.8385,6.0597,0.055,290.0,0.0,0.7646,low
24,110,161.0,142.0,0.1072,6,1805.0,0.355,170.0,1092.0,20.0,4.7742,8.2983,0.4035,746.0,0.0,0.2483,high
62,270,91.0,81.0,0.0169,2,790.0,0.0574,353.0,3162.0,2.0,0.7536,2.8782,0.0631,175.0,0.0,0.87,low
61,228,91.0,75.0,0.0069,1,790.0,0.096,484.0,3254.0,9.0,0.8944,8.117,0.0525,388.0,0.0,0.8324,low
21,133,145.0,135.0,0.1286,8,3087.0,0.3837,168.0,461.0,7.0,3.0069,15.9105,0.3332,526.0,0.0,0.4483,high
41,202,136.0,109.0,0.036,3,1428.0,0.1251,317.0,2318.0,13.0,1.6376,11.9466,0.1258,401.0,0.0,0.5146,medium
59,205,128.0,109.0,0.0517,2,1491.0,0.2385,301.0,2177.0,8.0,0.7849,8.567,0.149,471.0,0.0,0.6166,medium
40,215,127.0,108.0,0.0696,4,1001.0,0.2079,266.0,2456.0,15.0,2.1547,8.0329,0.1206,546.0,0.0,0.7317,medium
72,315,81.0,73.0,0.0149,1,1182.0,0.0977,505.0,3667.0,10.0,1.066,6.4553,0.0749,293.0,0.0,0.8823,low
47,170,144.0,108.0,0.0757,3,1596.0,0.1917,257.0,2705.0,19.0,2.6829,10.7463,0.1295,515.0,0.0,0.6831,medium
70,331,103.0,90.0,0.0123,1,814.0,0.1054,508.0,3199.0,8.0,1.2848,3.8941,0.0933,316.0,0.0,0.8528,low
54,206,91.0,92.0,0.0523,3,1538.0,0.1476,241.0,2018.0,17.0,2.2939,10.2168,0.1713,362.0,0.0,0.6399,medium
39,174,114.0,117.0,0.0482,3,1731.0,0.1801,238.0,1468.0,11.0,1.6988,9.6387,0.2144,457.0,0.0,0.6774,medium
63,291,95.0,94.0,0.0216,0,429.0,0.0484,298.0,2285.0,6.0,0.1066,4.8259,0.0,104.0,0.0,0.8652,low
47,216,134.0,99.0,0.0576,4,1230.0,0.2002,300.0,1950.0,14.0,1.9055,7.8588,0.2003,367.0,0.0,0.5579,medium
58,298,94.0,77.0,0.0248,1,755.0,0.0737,400.0,2813.0,8.0,0.7659,5.4903,0.0699,242.0,0.0,0.8576,low
34,200,114.0,116.0,0.0401,4,1155.0,0.1209,209.0,2139.0,14.0,2.0436,8.2588,0.0818,328.0,0.0,0.6537,medium
27,153,181.0,142.0,0.1168,7,2003.0,0.3304,186.0,868.0,22.0,3.0019,10.2119,0.4025,559.0,0.0,0.4809,high
51,251,134.0,116.0,0.071,4,1291.0,0.2658,152.0,1687.0,10.0,1.5602,8.5065,0.1715,399.0,0.0,0.728,medium
20,155,126.0,161.0,0.0919,9,2583.0,0.2559,195.0,797.0,15.0,2.9325,14.2407,0.3557,645.0,0.0,0.4318,high
46,335,73.0,58.0,0.0208,1,987.0,0.0952,358.0,2951.0,4.0,0.7922,7.3119,0.0509,249.0,0.0,0.7889,low
49,322,87.0,81.0,0.0308,2,896.0,0.0893,342.0,3385.0,7.0,1.1331,4.191,0.0778,348.0,0.0,0.8302,low
62,288,76.0,75.0,0.0117,0,710.0,0.0942,457.0,3033.0,7.0,0.879,3.908,0.0622,321.0,0.0,0.7972,low
53,236,111.0,102.0,0.0595,1,1573.0,0.2264,373.0,2412.0,10.0,1.4203,9.0147,0.2005,537.0,0.0,0.6236,medium
53,315,110.0,87.0,0.0176,2,842.0,0.1269,403.0,3075.0,6.0,0.8969,2.8641,0.0863,249.0,0.0,0.8206,low
36,203,135.0,89.0,0.0608,4,912.0,0.1564,242.0,2087.0,11.0,1.693,12.4464,0.1079,514.0,0.0,0.6243,medium
52,215,100.0,118.0,0.0693,5,1080.0,0.1876,312.0,2089.0,14.0,0.9868,11.0673,0.0875,640.0,0.0,0.6723,medium
23,127,149.0,154.0,0.1406,8,1642.0,0.3289,162.0,1067.0,17.0,0.9866,19.3596,0.4055,478.0,0.0,0.2934,high
23,113,128.0,112.0,0.1227,8,1941.0,0.33,190.0,1063.0,22.0,3.4794,16.0358,0.3691,567.0,0.0,0.4203,high
69,272,98.0,83.0,0.014,1,713.0,0.0771,452.0,2558.0,7.0,0.854,3.0897,0.0537,302.0,0.0,0.8455,low
53,190,114.0,84.0,0.075,5,1046.0,0.1752,310.0,2535.0,11.0,1.9618,7.7015,0.1221,284.0,0.0,0.5514,medium
63,264,94.0,103.0,0.0163,2,1062.0,0.0591,324.0,2713.0,8.0,1.5108,6.2562,0.0659,294.0,0.0,0.8557,low
76,321,108.0,91.0,0.0164,2,689.0,0.0787,472.0,2834.0,6.0,1.3981,6.348,0.0514,340.0,0.0,0.7575,low
42,207,116.0,108.0,0.0692,5,1419.0,0.1619,310.0,2502.0,11.0,2.5023,11.9221,0.1454,495.0,0.0,0.6351,medium
25,150,152.0,155.0,0.0706,6,1963.0,0.3542,175.0,1302.0,20.0,3.1511,18.5538,0.3826,610.0,0.0,0.4345,high
42,135,108.0,103.0,0.0461,2,1043.0,0.1298,368.0,1739.0,17.0,1.4456,11.2796,0.131,401.0,0.0,0.6202,medium
56,215,148.0,98.0,0.0516,5,1574.0,0.2651,199.0,2026.0,10.0,1.9065,11.0488,0.1027,484.0,0.0,0.6885,medium
49,214,126.0,114.0,0.0602,3,1007.0,0.1671,311.0,2148.0,11.0,1.3735,9.2277,0.1354,401.0,0.0,0.623,medium
41,385,87.0,73.0,0.019,1,898.0,0.0618,422.0,3263.0,10.0,1.2312,4.5373,0.065,228.0,0.0,0.855,low
24,98,144.0,150.0,0.1088,8,1692.0,0.3225,78.0,872.0,18.0,4.08,19.1618,0.3024,635.0,0.0,0.3486,high
48,233,118.0,112.0,0.0489,4,1519.0,0.1246,398.0,2192.0,9.0,1.1993,12.2669,0.217,464.0,0.0,0.6896,medium
37,221,100.0,108.0,0.0618,4,1250.0,0.1677,235.0,1626.0,11.0,2.2517,10.4664,0.0848,434.0,0.0,0.5529,medium
26,138,152.0,157.0,0.092,7,2342.0,0.2074,112.0,1072.0,20.0,4.1117,15.3107,0.2895,526.0,0.0,0.2002,high
19,94,125.0,143.0,0.1404,9,1667.0,0.2959,204.0,959.0,20.0,2.967,8.7364,0.2796,532.0,0.0,0.5857,high
64,276,98.0,76.0,0.0143,1,906.0,0.081,445.0,2592.0,5.0,0.8568,5.4852,0.0586,309.0,0.0,0.9124,low
48,225,134.0,110.0,0.0611,3,1344.0,0.2018,304.0,2390.0,12.0,0.7405,6.2769,0.1523,285.0,0.0,0.7179,medium
54,221,103.0,124.0,0.0659,3,1460.0,0.1726,319.0,2521.0,14.0,2.2407,8.8789,0.1602,414.0,0.0,0.6646,medium
57,294,76.0,63.0,0.0189,2,740.0,0.06,374.0,3533.0,7.0,1.1188,4.1611,0.0494,187.0,0.0,0.7791,low
43,164,110.0,120.0,0.0662,2,1243.0,0.1722,331.0,2262.0,17.0,2.1829,6.2785,0.2217,323.0,0.0,0.5767,medium
59,190,128.0,94.0,0.0676,4,1435.0,0.163,302.0,1998.0,16.0,2.3684,8.2266,0.2009,365.0,0.0,0.6317,medium
67,338,86.0,80.0,0.0211,2,831.0,0.0571,301.0,3508.0,9.0,0.921,3.6722,0.0656,303.0,0.0,0.8132,low
17,144,164.0,159.0,0.0941,7,2130.0,0.2743,124.0,1258.0,18.0,1.9637,14.1454,0.34,684.0,0.0,0.4634,high
43,289,89.0,85.0,0.0131,2,857.0,0.0742,490.0,3710.0,7.0,1.0593,6.0032,0.0549,279.0,0.0,0.8049,low
32,187,104.0,98.0,0.0494,3,1609.0,0.2135,207.0,1981.0,13.0,1.8517,4.794,0.145,452.0,0.0,0.5879,medium
55,196,116.0,83.0,0.0466,5,689.0,0.1898,166.0,3631.0,8.0,1.3248,10.2561,0.1859,390.0,0.0,0.5785,medium
15,81,127.0,154.0,0.0677,10,2689.0,0.3155,134.0,1260.0,24.0,3.264,13.6447,0.3093,376.0,0.0,0.3857,high
52,205,149.0,121.0,0.0634,3,1496.0,0.1422,419.0,1937.0,15.0,1.945,9.0079,0.1206,437.0,0.0,0.6525,medium
41,216,110.0,121.0,0.0363,3,1105.0,0.2264,271.0,2485.0,12.0,2.0913,6.2833,0.2087,303.0,0.0,0.711,medium
56,253,86.0,92.0,0.0184,3,575.0,0.0824,489.0,2968.0,8.0,1.4949,9.6545,0.0191,172.0,0.0,0.919,low
48,184,101.0,106.0,0.0764,4,1450.0,0.1675,256.0,2090.0,12.0,2.297,8.6372,0.1503,600.0,0.0,0.7181,medium
50,286,96.0,87.0,0.0366,4,1314.0,0.1584,280.0,2080.0,11.0,1.0649,6.9847,0.2342,364.0,0.0,0.5461,medium
54,307,81.0,75.0,0.0176,0,812.0,0.0857,386.0,3114.0,7.0,0.6288,4.8074,0.044,245.0,0.0,0.8741,low
69,258,93.0,83.0,0.013,1,621.0,0.0805,396.0,2715.0,7.0,0.819,4.8282,0.0376,301.0,0.0,0.8285,low
16,122,182.0,189.0,0.1343,6,2206.0,0.3073,152.0,1120.0,18.0,3.4107,12.8748,0.4028,417.0,0.0,0.5452,high
59,352,87.0,74.0,0.0415,2,719.0,0.0,452.0,3182.0,9.0,0.7326,3.8047,0.0307,390.0,0.0,0.8183,low
31,124,134.0,139.0,0.128,7,2521.0,0.3045,120.0,1147.0,14.0,4.7186,13.2744,0.3437,741.0,0.0,0.4754,high
29,82,149.0,131.0,0.0953,8,2110.0,0.3059,132.0,966.0,20.0,1.847,10.1179,0.2443,565.0,0.0,0.498,high
29,119,157.0,141.0,0.1359,10,1321.0,0.3091,124.0,1587.0,19.0,4.073,14.2589,0.3635,545.0,0.0,0.4224,high
44,225,151.0,126.0,0.0659,3,1012.0,0.0788,317.0,2187.0,10.0,2.2321,10.9202,0.1904,276.0,0.0,0.5622,medium
76,300,91.0,83.0,0.0149,0,927.0,0.0511,421.0,3204.0,5.0,1.045,6.4214,0.0728,321.0,0.0,0.786,low
51,201,104.0,104.0,0.0368,4,1429.0,0.1852,181.0,1402.0,16.0,1.4622,4.7488,0.1384,372.0,0.0,0.6899,medium
36,226,128.0,121.0,0.056,3,1676.0,0.1759,336.0,1609.0,7.0,1.4722,2.4888,0.1057,471.0,0.0,0.6993,medium
51,207,133.0,82.0,0.0612,5,1461.0,0.1943,325.0,1530.0,13.0,1.3765,8.1583,0.12,605.0,0.0,0.6725,medium
54,238,101.0,72.0,0.006,1,908.0,0.0644,328.0,3363.0,6.0,0.9758,5.216,0.098,290.0,0.0,0.8528,low
52,206,109.0,89.0,0.029,3,1138.0,0.1961,251.0,2173.0,10.0,1.8153,7.5456,0.1409,477.0,0.0,0.5727,medium
60,309,117.0,84.0,0.024,1,981.0,0.119,447.0,3847.0,8.0,0.6475,4.8053,0.0703,186.0,0.0,0.8166,low
55,264,133.0,101.0,0.0421,4,1727.0,0.1184,226.0,2010.0,10.0,2.3041,10.9827,0.2413,473.0,0.0,0.6342,medium
29,139,129.0,111.0,0.1153,9,1953.0,0.2813,196.0,1419.0,22.0,2.0533,9.8046,0.3243,640.0,0.0,0.5773,high
60,357,68.0,93.0,0.0219,1,693.0,0.0479,518.0,3135.0,7.0,0.853,5.0117,0.081,252.0,0.0,0.9027,low
79,304,109.0,93.0,0.0173,0,994.0,0.0869,452.0,3509.0,8.0,0.9962,3.6178,0.088,323.0,0.0,0.722,low
43,102,146.0,98.0,0.1488,7,2070.0,0.2362,199.0,962.0,16.0,0.8586,14.2738,0.2953,478.0,0.0,0.4907,high
68,280,92.0,83.0,0.0084,2,926.0,0.0556,432.0,3650.0,8.0,0.6108,5.1507,0.0663,209.0,0.0,0.8358,low
29,172,168.0,131.0,0.0813,6,2102.0,0.4115,134.0,986.0,19.0,3.1572,14.286,0.2041,704.0,0.0,0.4598,high
30,125,129.0,122.0,0.1289,9,2050.0,0.304,127.0,742.0,17.0,3.9687,13.0361,0.3193,663.0,0.0,0.4686,high
56,205,109.0,104.0,0.0764,5,878.0,0.1834,317.0,2330.0,13.0,2.588,7.0453,0.1258,531.0,0.0,0.6032,medium
43,193,130.0,114.0,0.0706,6,1304.0,0.2062,370.0,2939.0,15.0,1.5826,9.6722,0.0373,308.0,0.0,0.6598,medium
79,326,99.0,89.0,0.0154,2,909.0,0.142,457.0,2259.0,9.0,1.2393,4.1547,0.0955,407.0,0.0,0.762,low
53,304,104.0,72.0,0.0051,0,879.0,0.0952,527.0,3757.0,6.0,0.8848,2.0501,0.0578,263.0,0.0,0.7488,low
39,186,143.0,119.0,0.0564,5,1098.0,0.1915,303.0,2070.0,11.0,1.9183,11.1436,0.2082,435.0,0.0,0.7336,medium
30,187,110.0,100.0,0.0429,4,1240.0,0.1311,369.0,2463.0,11.0,2.7796,7.384,0.1518,404.0,0.0,0.6566,medium
24,113,144.0,158.0,0.1054,6,1907.0,0.3162,183.0,1074.0,18.0,3.2725,8.5219,0.3588,704.0,0.0,0.3461,high
23,172,175.0,152.0,0.1273,6,2310.0,0.2662,171.0,1150.0,17.0,3.2926,13.8957,0.3213,403.0,0.0,0.5412,high
44,208,120.0,106.0,0.049,5,1436.0,0.219,264.0,2290.0,16.0,1.6084,9.8584,0.1643,410.0,0.0,0.5987,medium
54,362,103.0,79.0,0.017,2,877.0,0.0837,491.0,3201.0,6.0,1.2042,8.4889,0.0656,295.0,0.0,0.9115,low
55,326,111.0,76.0,0.016,1,1092.0,0.0599,388.0,3418.0,11.0,0.8631,4.883,0.0637,285.0,0.0,0.8488,low
38,184,109.0,95.0,0.0106,6,1406.0,0.1627,319.0,1988.0,8.0,1.344,10.1678,0.1223,539.0,0.0,0.6667,medium
27,142,160.0,145.0,0.1595,5,2632.0,0.3763,122.0,1521.0,14.0,1.3132,18.1746,0.3708,881.0,0.0,0.31,high
61,289,94.0,88.0,0.0208,1,639.0,0.1011,477.0,3114.0,7.0,1.0548,6.8249,0.0111,313.0,0.0,0.8429,low
42,222,124.0,98.0,0.0629,4,1393.0,0.1987,280.0,2277.0,16.0,2.4444,9.3784,0.203,422.0,0.0,0.5532,medium
37,108,155.0,115.0,0.0988,8,1477.0,0.2609,186.0,686.0,15.0,4.0151,11.0191,0.465,588.0,0.0,0.3441,high
15,117,136.0,144.0,0.1411,8,2434.0,0.3572,177.0,1035.0,14.0,2.5065,17.6385,0.2502,644.0,0.0,0.4003,high
42,219,132.0,94.0,0.0687,4,1097.0,0.1446,391.0,2186.0,14.0,1.9051,10.9326,0.1674,466.0,0.0,0.6704,medium
25,121,159.0,174.0,0.1055,8,2693.0,0.2602,227.0,1242.0,19.0,3.2535,10.1847,0.3629,760.0,0.0,0.4269,high
29,121,161.0,125.0,0.1233,9,1822.0,0.3149,218.0,1442.0,12.0,4.3343,7.7087,0.2818,709.0,0.0,0.4225,high
56,366,94.0,80.0,0.0261,2,817.0,0.0904,408.0,3132.0,8.0,0.7022,7.852,0.0673,200.0,0.0,0.7968,low
39,201,121.0,115.0,0.0504,3,1020.0,0.2162,316.0,2117.0,12.0,2.3238,7.4987,0.1423,226.0,0.0,0.5211,medium
45,224,106.0,96.0,0.0433,5,1336.0,0.1799,203.0,1625.0,16.0,1.9,7.9295,0.1302,611.0,0.0,0.6099,medium
70,303,103.0,83.0,0.0072,3,884.0,0.0921,393.0,3272.0,6.0,0.8144,6.0072,0.0422,252.0,0.0,0.842,low
64,296,101.0,72.0,0.0186,1,694.0,0.0716,536.0,3196.0,9.0,0.5099,3.9709,0.0781,300.0,0.0,0.8591,low
32,161,187.0,112.0,0.1265,10,2226.0,0.1991,200.0,1009.0,15.0,2.9231,16.7017,0.3917,441.0,0.0,0.3904,high
65,303,88.0,100.0,0.0122,1,1006.0,0.0762,343.0,2970.0,4.0,0.9208,5.2337,0.0838,271.0,0.0,0.7993,low
55,244,115.0,79.0,0.0507,2,1379.0,0.1832,242.0,1393.0,11.0,2.4527,10.1358,0.1928,420.0,0.0,0.6354,medium
29,131,165.0,117.0,0.1544,6,2556.0,0.2905,208.0,1099.0,9.0,1.4935,8.3017,0.4657,630.0,0.0,0.3905,high
66,336,80.0,80.0,0.0121,1,919.0,0.0688,487.0,2938.0,5.0,0.8301,7.824,0.0683,223.0,0.0,0.8798,low
37,265,130.0,115.0,0.0644,3,1152.0,0.2197,406.0,2137.0,18.0,1.5041,8.2074,0.1544,538.0,0.0,0.6146,medium
31,138,158.0,117.0,0.0384,4,2127.0,0.368,101.0,945.0,20.0,3.0034,11.1747,0.3516,680.0,0.0,0.5032,high
47,151,95.0,111.0,0.0852,4,1328.0,0.1173,350.0,1751.0,13.0,1.2517,8.0264,0.1929,408.0,0.0,0.7812,medium
29,131,156.0,152.0,0.0798,8,2435.0,0.2663,77.0,869.0,11.0,3.4474,14.9867,0.3202,816.0,0.0,0.3663,high
37,140,162.0,139.0,0.1435,7,3046.0,0.3483,162.0,1271.0,28.0,3.2688,15.2127,0.2354,558.0,0.0,0.3815,high
58,297,79.0,94.0,0.0116,2,746.0,0.0557,354.0,3155.0,11.0,0.6057,4.5481,0.0603,257.0,0.0,0.9081,low
49,168,125.0,88.0,0.0889,4,1029.0,0.2761,283.0,2073.0,10.0,2.0632,4.2943,0.1843,174.0,0.0,0.6201,medium
32,155,122.0,126.0,0.0605,4,1460.0,0.0932,255.0,1662.0,13.0,1.7534,9.4967,0.092,498.0,0.0,0.693,medium
49,195,144.0,86.0,0.0511,4,1418.0,0.1561,292.0,2062.0,12.0,1.6589,9.838,0.2264,344.0,0.0,0.5762,medium
22,108,133.0,124.0,0.0963,5,563.0,0.2569,112.0,709.0,21.0,3.8992,16.7025,0.3702,653.0,0.0,0.3737,high
38,157,158.0,159.0,0.1437,8,2725.0,0.2887,105.0,1281.0,19.0,3.2788,11.7402,0.2461,538.0,0.0,0.4574,high
55,219,135.0,126.0,0.0741,3,1409.0,0.1327,245.0,2022.0,13.0,1.238,8.7618,0.1723,292.0,0.0,0.5245,medium
23,130,132.0,119.0,0.1052,8,1767.0,0.2732,144.0,851.0,14.0,3.2024,16.7671,0.3703,639.0,0.0,0.4989,high
54,261,79.0,69.0,0.02,1,891.0,0.0791,423.0,3423.0,8.0,1.0119,5.418,0.0603,238.0,0.0,0.8663,low
54,271,103.0,65.0,0.0095,0,1000.0,0.0798,512.0,3125.0,8.0,0.9616,2.4604,0.0548,296.0,0.0,0.7607,low
58,329,98.0,84.0,0.0251,2,877.0,0.0544,470.0,3074.0,8.0,0.948,3.3239,0.0775,315.0,0.0,0.8028,low
71,316,108.0,82.0,0.028,0,1149.0,0.0588,441.0,3415.0,8.0,0.7205,4.7059,0.0576,169.0,0.0,0.9991,low
29,127,138.0,149.0,0.0654,8,2934.0,0.4209,147.0,1457.0,23.0,2.7296,12.0595,0.342,588.0,0.0,0.3769,high
18,100,202.0,179.0,0.0995,7,2035.0,0.313,171.0,799.0,20.0,3.602,11.2306,0.4024,752.0,0.0,0.2593,high
51,206,129.0,130.0,0.0669,4,1186.0,0.1457,299.0,1824.0,16.0,1.9735,11.7922,0.1098,353.0,0.0,0.6497,medium
54,302,116.0,114.0,0.0741,4,1813.0,0.1757,268.0,1662.0,6.0,1.888,10.4267,0.0886,369.0,0.0,0.7795,medium
74,290,100.0,62.0,0.0147,2,762.0,0.059,496.0,3482.0,7.0,0.5257,6.145,0.0664,291.0,0.0,0.8539,low
38,217,130.0,124.0,0.0319,3,1417.0,0.1952,307.0,2672.0,13.0,1.881,8.3852,0.1434,452.0,0.0,0.577,medium
29,92,141.0,106.0,0.0767,8,1809.0,0.3738,124.0,831.0,17.0,2.4083,10.925,0.3845,613.0,0.0,0.4263,high
42,215,110.0,96.0,0.0556,2,1249.0,0.1753,260.0,2044.0,4.0,1.6098,9.6569,0.1139,409.0,0.0,0.6253,medium
24,122,173.0,136.0,0.1391,7,1914.0,0.2681,65.0,1391.0,17.0,2.9281,11.6326,0.2316,580.0,0.0,0.308,high
48,217,89.0,107.0,0.045,4,1291.0,0.2086,249.0,2138.0,18.0,1.9833,12.1021,0.1486,556.0,0.0,0.6135,medium
66,283,102.0,74.0,0.005,1,556.0,0.0594,351.0,2814.0,7.0,0.9206,3.6047,0.0621,181.0,0.0,0.8016,low
50,189,119.0,109.0,0.0613,5,1407.0,0.2492,287.0,1835.0,11.0,1.1813,6.6417,0.2173,422.0,0.0,0.6229,medium
16,173,135.0,109.0,0.1455,8,2093.0,0.3624,129.0,1176.0,20.0,5.3963,10.94,0.4101,815.0,0.0,0.355,high
44,267,87.0,60.0,0.0105,1,1061.0,0.0786,398.0,3065.0,7.0,1.1732,5.2122,0.0332,272.0,0.0,0.8702,low
40,229,124.0,111.0,0.0723,3,1114.0,0.1839,332.0,1510.0,16.0,1.9848,11.1794,0.1796,363.0,0.0,0.7008,medium
43,225,110.0,86.0,0.05,5,1544.0,0.1768,322.0,1914.0,13.0,3.2027,8.1978,0.1549,539.0,0.0,0.5749,medium
38,264,122.0,112.0,0.0623,4,1287.0,0.2008,364.0,2065.0,15.0,2.3611,7.3499,0.1192,392.0,0.0,0.6025,medium
19,108,138.0,139.0,0.0859,7,1480.0,0.4315,163.0,799.0,15.0,2.8636,12.7,0.3272,638.0,0.0,0.4379,high
34,160,134.0,79.0,0.0473,3,1480.0,0.1848,406.0,2306.0,12.0,1.5073,6.617,0.1905,282.0,0.0,0.6303,medium
34,87,189.0,123.0,0.0844,6,2138.0,0.2208,143.0,958.0,19.0,2.7156,15.2449,0.3128,604.0,0.0,0.4248,high
58,311,70.0,65.0,0.0247,1,763.0,0.0774,465.0,2604.0,7.0,0.9719,4.2897,0.0388,347.0,0.0,0.8209,low
72,306,89.0,90.0,0.019,1,763.0,0.0523,504.0,3299.0,8.0,0.902,3.0933,0.0783,195.0,0.0,0.7584,low
35,229,125.0,114.0,0.0747,2,1301.0,0.1787,267.0,1746.0,12.0,1.7449,10.3068,0.118,336.0,0.0,0.5567,medium
23,148,159.0,159.0,0.099,9,1725.0,0.401,243.0,1386.0,16.0,5.1151,16.3872,0.3181,603.0,0.0,0.398,high
61,213,104.0,111.0,0.0462,3,1239.0,0.2352,256.0,1963.0,13.0,1.3567,8.1437,0.1384,324.0,0.0,0.6498,medium
18,57,140.0,166.0,0.1322,9,1804.0,0.2812,196.0,1403.0,17.0,2.2712,14.898,0.3508,648.0,0.0,0.4825,high
44,330,96.0,94.0,0.0147,1,990.0,0.0599,453.0,2336.0,10.0,0.5408,5.3733,0.0627,367.0,0.0,0.7935,low
57,163,101.0,97.0,0.064,4,1586.0,0.2003,291.0,1928.0,18.0,1.8332,9.9361,0.2275,405.0,0.0,0.4826,medium
49,347,85.0,78.0,0.0088,2,661.0,0.0745,339.0,2552.0,8.0,1.2121,5.0252,0.0759,359.0,0.0,0.8851,low
69,330,111.0,72.0,0.0089,2,781.0,0.1061,274.0,3066.0,8.0,0.7856,6.1803,0.0976,189.0,0.0,0.8551,low
50,177,125.0,95.0,0.062,3,1347.0,0.1975,255.0,2360.0,16.0,0.4375,9.541,0.1584,457.0,0.0,0.5925,medium
52,270,97.0,81.0,0.012,2,784.0,0.0571,494.0,3206.0,10.0,0.9477,4.1891,0.0528,255.0,0.0,0.8429,low
60,351,96.0,72.0,0.0104,2,956.0,0.0895,435.0,3707.0,8.0,1.0701,5.3973,0.0705,254.0,0.0,0.7917,low
45,200,87.0,129.0,0.0504,2,1681.0,0.1766,321.0,1675.0,15.0,1.6007,9.5663,0.2005,339.0,0.0,0.661,medium
68,259,87.0,71.0,0.0297,1,896.0,0.0918,366.0,3672.0,7.0,0.7322,5.8552,0.0641,333.0,0.0,0.8236,low
64,290,99.0,95.0,0.0205,1,585.0,0.1097,302.0,3369.0,8.0,0.7879,3.5196,0.0751,185.0,0.0,0.8608,low
29,141,167.0,120.0,0.1094,9,1502.0,0.392,224.0,882.0,24.0,2.3297,15.3553,0.3048,767.0,0.0,0.4254,high
43,179,123.0,135.0,0.0368,3,1358.0,0.0808,346.0,2095.0,16.0,1.6982,10.4455,0.2654,480.0,0.0,0.5994,medium
65,334,112.0,69.0,0.0157,1,986.0,0.0394,448.0,3090.0,8.0,0.7701,6.3452,0.0968,249.0,0.0,0.8155,low
30,112,152.0,161.0,0.1587,8,1604.0,0.2468,164.0,1384.0,14.0,4.3359,15.2428,0.2867,625.0,0.0,0.2825,high
25,79,151.0,121.0,0.128,8,1962.0,0.3654,271.0,558.0,19.0,3.7501,17.9061,0.3526,720.0,0.0,0.4997,high
63,351,84.0,81.0,0.0269,0,1006.0,0.0816,548.0,2821.0,7.0,0.5633,5.4599,0.0857,250.0,0.0,0.8953,low
55,268,96.0,79.0,0.02,1,523.0,0.0803,321.0,3757.0,5.0,0.83,4.8364,0.0689,261.0,0.0,0.8621,low
66,314,107.0,98.0,0.0134,1,841.0,0.0717,452.0,3314.0,9.0,1.2662,4.8717,0.0933,358.0,0.0,0.8322,low
33,125,124.0,140.0,0.0663,5,1953.0,0.2881,106.0,1103.0,15.0,2.5694,12.272,0.274,674.0,0.0,0.4987,high
46,204,108.0,102.0,0.0551,4,1609.0,0.2274,251.0,2604.0,12.0,2.367,9.9142,0.1816,255.0,0.0,0.7332,medium
51,278,102.0,100.0,0.0155,1,837.0,0.1143,460.0,2911.0,7.0,0.8764,3.8418,0.0798,263.0,0.0,0.8881,low
23,137,158.0,137.0,0.1477,9,2232.0,0.3021,170.0,1369.0,25.0,3.4099,19.7898,0.2811,593.0,0.0,0.4427,high
72,262,96.0,71.0,0.0249,1,773.0,0.0934,488.0,3040.0,9.0,0.7579,5.3723,0.0537,315.0,0.0,0.7685,low
75,308,129.0,88.0,0.0233,2,842.0,0.052,420.0,3395.0,4.0,1.0046,4.8641,0.0318,274.0,0.0,0.8393,low
67,284,62.0,93.0,0.0109,1,1023.0,0.1053,390.0,3849.0,7.0,0.4764,3.3452,0.0621,322.0,0.0,0.8149,low
52,324,95.0,61.0,0.0191,1,798.0,0.0648,404.0,3500.0,10.0,0.7922,2.7128,0.0965,253.0,0.0,0.7317,low
73,284,107.0,74.0,0.0246,1,964.0,0.0772,409.0,2969.0,8.0,0.8021,3.7437,0.099,283.0,0.0,0.7664,low
21,129,142.0,168.0,0.1481,7,2202.0,0.2787,185.0,1230.0,18.0,3.1519,12.6029,0.254,815.0,0.0,0.5146,high
46,223,131.0,95.0,0.0499,5,1753.0,0.201,295.0,1960.0,17.0,2.3397,9.5558,0.1522,262.0,0.0,0.5683,medium
38,120,153.0,128.0,0.0694,8,1958.0,0.2672,214.0,929.0,20.0,2.7475,13.2528,0.3804,378.0,0.0,0.4028,high
25,146,146.0,138.0,0.0587,10,1896.0,0.3794,179.0,774.0,21.0,3.3419,16.4214,0.4308,681.0,0.0,0.4419,high
77,205,89.0,69.0,0.028,1,879.0,0.0964,414.0,3405.0,11.0,0.2037,3.1309,0.069,349.0,0.0,0.7763,low
51,213,100.0,78.0,0.0434,4,1274.0,0.1736,278.0,2433.0,11.0,2.3474,9.7609,0.139,360.0,0.0,0.6449,medium
34,198,79.0,116.0,0.0536,3,1382.0,0.1571,449.0,2475.0,16.0,2.3235,6.8583,0.1532,438.0,0.0,0.5937,medium
45,262,123.0,99.0,0.0542,3,1361.0,0.0817,271.0,1125.0,14.0,1.9891,10.5193,0.1288,323.0,0.0,0.6926,medium
65,382,104.0,71.0,0.0112,0,654.0,0.0753,320.0,3634.0,7.0,0.7566,5.7111,0.0326,239.0,0.0,0.815,low
28,139,133.0,121.0,0.0738,7,1680.0,0.395,149.0,1124.0,21.0,3.0089,16.68,0.3578,474.0,0.0,0.4121,high
20,147,161.0,135.0,0.1418,9,2350.0,0.3405,168.0,1373.0,22.0,1.2723,12.5086,0.3077,600.0,0.0,0.4739,high
42,200,125.0,124.0,0.0637,2,1584.0,0.1776,299.0,1589.0,13.0,2.5592,6.9304,0.1163,495.0,0.0,0.6531,medium
58,300,114.0,77.0,0.0099,2,792.0,0.0694,432.0,2943.0,8.0,1.1245,5.2171,0.0807,210.0,0.0,0.8777,low
27,145,163.0,132.0,0.0867,5,1933.0,0.3303,177.0,725.0,21.0,1.7862,9.6628,0.3821,677.0,0.0,0.4023,high
58,306,96.0,77.0,0.0232,1,908.0,0.109,392.0,3361.0,6.0,0.6855,5.3856,0.0546,345.0,0.0,0.8285,low
43,175,117.0,87.0,0.0431,2,1606.0,0.1851,317.0,1957.0,10.0,1.8824,10.0295,0.0804,521.0,0.0,0.677,medium
59,306,104.0,76.0,0.0248,1,999.0,0.0584,439.0,2483.0,8.0,0.7208,1.0368,0.1021,317.0,0.0,0.8475,low
32,187,126.0,96.0,0.0456,4,1662.0,0.1018,294.0,2135.0,10.0,2.0093,8.6115,0.164,388.0,0.0,0.702,medium
40,151,114.0,94.0,0.0558,4,1510.0,0.2108,288.0,2399.0,12.0,0.3495,10.2808,0.2076,301.0,0.0,0.6764,medium
76,403,98.0,79.0,0.0159,1,856.0,0.0745,393.0,3438.0,7.0,0.4412,6.1845,0.0729,261.0,0.0,0.779,low
68,327,105.0,101.0,0.0207,1,717.0,0.0993,423.0,2635.0,6.0,0.6702,3.6783,0.0488,259.0,0.0,0.8322,low
23,131,138.0,150.0,0.0794,7,1055.0,0.3113,140.0,1037.0,14.0,2.4288,15.5185,0.3879,582.0,0.0,0.4098,high
62,216,148.0,96.0,0.0827,3,1330.0,0.1739,321.0,2699.0,10.0,1.2889,10.2483,0.0882,428.0,0.0,0.675,medium
29,156,153.0,134.0,0.0951,7,2227.0,0.3111,230.0,1056.0,11.0,3.4019,12.1501,0.3502,674.0,0.0,0.483,high
67,372,93.0,68.0,0.0115,1,842.0,0.072,473.0,2993.0,7.0,0.8427,4.1565,0.0722,283.0,0.0,0.7773,low
56,296,98.0,59.0,0.0182,2,789.0,0.0759,451.0,3524.0,2.0,0.7077,5.8487,0.054,312.0,0.0,0.7966,low
23,140,192.0,128.0,0.1047,6,1883.0,0.2154,163.0,1099.0,21.0,2.2549,17.0439,0.2743,773.0,0.0,0.3757,high
60,249,111.0,91.0,0.0103,1,1024.0,0.0481,459.0,2798.0,12.0,0.8603,3.2827,0.0474,275.0,0.0,0.8212,low
60,368,92.0,73.0,0.0224,1,824.0,0.0782,455.0,2612.0,9.0,0.9027,3.7281,0.059,344.0,0.0,0.7723,low
26,45,169.0,134.0,0.0898,6,2480.0,0.2503,196.0,1920.0,24.0,3.3755,14.2631,0.3801,513.0,0.0,0.4761,high
39,144,156.0,161.0,0.1822,7,2528.0,0.3333,132.0,1022.0,20.0,1.9468,14.9463,0.4023,690.0,0.0,0.3359,high
56,304,111.0,94.0,0.0176,1,1034.0,0.0623,420.0,2827.0,8.0,0.9894,5.8639,0.0808,174.0,0.0,0.7779,low
50,240,143.0,82.0,0.0382,4,1364.0,0.1342,339.0,1806.0,8.0,3.1855,10.6662,0.1615,346.0,0.0,0.7153,medium
47,257,102.0,94.0,0.0545,3,1387.0,0.2004,332.0,2106.0,8.0,1.4349,6.4844,0.1104,572.0,0.0,0.6713,medium
53,256,121.0,112.0,0.0736,4,1578.0,0.1945,155.0,2456.0,8.0,0.5256,9.941,0.2327,497.0,0.0,0.565,medium
45,206,110.0,102.0,0.0599,4,1722.0,0.175,335.0,2680.0,8.0,1.703,9.0267,0.1695,396.0,0.0,0.6152,medium
39,225,111.0,109.0,0.0309,3,1327.0,0.1113,435.0,2131.0,18.0,1.4512,13.0448,0.2059,356.0,0.0,0.6618,medium
33,79,164.0,140.0,0.1584,8,2317.0,0.3199,196.0,1370.0,22.0,2.7636,14.5329,0.429,681.0,0.0,0.5873,high
47,256,115.0,111.0,0.071,5,1394.0,0.1298,347.0,1878.0,14.0,1.8427,11.5855,0.1921,392.0,0.0,0.668,medium
73,292,90.0,99.0,0.0116,2,796.0,0.0842,513.0,3157.0,8.0,1.0375,6.6275,0.0646,257.0,0.0,0.8198,low
70,319,113.0,72.0,0.0162,2,894.0,0.0729,315.0,3157.0,11.0,0.9849,4.3615,0.0554,256.0,0.0,0.7983,low
21,97,160.0,132.0,0.1375,8,1872.0,0.2807,201.0,1225.0,10.0,4.4317,13.3448,0.2743,518.0,0.0,0.4069,high
71,315,78.0,87.0,0.0279,3,876.0,0.1319,421.0,3269.0,6.0,0.8703,3.3507,0.0847,271.0,0.0,0.7575,low
66,300,94.0,68.0,0.0128,1,496.0,0.0984,460.0,3349.0,6.0,0.2704,4.1083,0.0643,284.0,0.0,0.8478,low
33,148,169.0,153.0,0.091,8,1598.0,0.3914,106.0,1046.0,21.0,2.2823,15.471,0.3038,638.0,0.0,0.4552,high
55,191,120.0,109.0,0.0679,3,1499.0,0.1423,370.0,2758.0,11.0,2.1248,10.4312,0.188,610.0,0.0,0.6355,medium
24,118,184.0,155.0,0.1519,8,2197.0,0.2676,234.0,835.0,19.0,3.5768,13.3782,0.2919,640.0,0.0,0.453,high
34,200,116.0,110.0,0.038,3,1455.0,0.138,356.0,2582.0,14.0,1.4164,6.517,0.1649,357.0,0.0,0.5836,medium
62,305,100.0,75.0,0.0184,2,985.0,0.0476,497.0,2381.0,10.0,0.942,4.6779,0.0853,366.0,0.0,0.9159,low
34,157,163.0,130.0,0.1069,10,2359.0,0.3449,188.0,1477.0,20.0,1.3452,9.2885,0.3204,344.0,0.0,0.4603,high
49,254,121.0,101.0,0.0449,4,1194.0,0.1608,278.0,1943.0,10.0,1.9595,6.1787,0.1039,490.0,0.0,0.6509,medium
23,98,144.0,128.0,0.1,8,2357.0,0.3187,136.0,1286.0,17.0,3.3327,15.1302,0.3593,707.0,0.0,0.4398,high
40,186,128.0,119.0,0.0718,3,1168.0,0.2207,233.0,1949.0,10.0,1.8774,7.6357,0.1872,421.0,0.0,0.6925,medium
34,115,169.0,145.0,0.0979,9,2042.0,0.3403,168.0,1048.0,27.0,3.6932,12.7205,0.2474,562.0,0.0,0.3638,high
41,123,148.0,150.0,0.1265,7,2344.0,0.3537,73.0,1137.0,26.0,4.3533,14.0857,0.3514,582.0,0.0,0.5206,high
62,373,103.0,82.0,0.0137,1,919.0,0.1153,441.0,3103.0,9.0,0.9645,2.5939,0.0329,320.0,0.0,0.7781,low
56,303,113.0,86.0,0.0123,2,638.0,0.0736,438.0,2813.0,9.0,0.6949,7.2317,0.0694,331.0,0.0,0.8603,low
54,339,67.0,77.0,0.0392,3,390.0,0.0871,484.0,3355.0,10.0,1.1496,4.7647,0.0724,370.0,0.0,0.8206,low
31,182,145.0,140.0,0.1139,9,2391.0,0.3747,207.0,900.0,20.0,3.8785,14.3226,0.3693,546.0,0.0,0.4372,high
48,230,116.0,108.0,0.0475,3,981.0,0.2671,302.0,1954.0,14.0,0.7424,14.066,0.171,423.0,0.0,0.5567,medium
43,255,110.0,116.0,0.0425,5,1434.0,0.2375,275.0,1869.0,16.0,1.8359,10.1092,0.2128,512.0,0.0,0.5975,medium
68,342,110.0,66.0,0.0155,1,959.0,0.0737,365.0,3252.0,5.0,1.258,3.6883,0.0688,242.0,0.0,0.7704,low
41,118,142.0,168.0,0.0931,6,2729.0,0.3001,165.0,1559.0,18.0,4.3419,14.9779,0.3669,455.0,0.0,0.5177,high
64,307,80.0,96.0,0.0188,1,544.0,0.0634,269.0,2558.0,9.0,0.3166,6.1264,0.0712,299.0,0.0,0.8413,low
49,334,99.0,58.0,0.0221,2,1123.0,0.0776,407.0,2915.0,9.0,1.2915,4.4936,0.0773,314.0,0.0,0.8776,low
52,246,137.0,93.0,0.0735,3,1444.0,0.161,287.0,1947.0,13.0,2.0544,9.4542,0.1862,284.0,0.0,0.7354,medium
32,131,143.0,165.0,0.1171,9,2119.0,0.4094,107.0,1152.0,15.0,3.3228,13.1061,0.2518,877.0,0.0,0.4282,high
62,364,95.0,103.0,0.0255,1,705.0,0.0609,466.0,3125.0,6.0,1.0483,5.8155,0.0229,328.0,0.0,0.7593,low
38,164,184.0,107.0,0.093,8,2674.0,0.3196,195.0,947.0,21.0,2.5938,15.6388,0.3556,437.0,0.0,0.433,high
49,223,112.0,90.0,0.0435,3,1622.0,0.2219,323.0,2818.0,8.0,1.2828,12.4292,0.1929,486.0,0.0,0.7257,medium
74,332,94.0,87.0,0.0116,2,816.0,0.0802,334.0,3075.0,7.0,0.943,4.6828,0.0423,173.0,0.0,0.95,low
53,333,96.0,98.0,0.02,1,992.0,0.1166,439.0,3159.0,5.0,0.5629,2.9611,0.0696,334.0,0.0,0.8068,low
61,298,107.0,76.0,0.0145,2,1026.0,0.0675,399.0,3837.0,9.0,0.927,3.7022,0.0591,230.0,0.0,0.8465,low
26,67,184.0,153.0,0.1047,8,1777.0,0.3684,173.0,1085.0,22.0,3.4036,8.1255,0.2752,736.0,0.0,0.3145,high
46,265,126.0,107.0,0.0714,3,1565.0,0.1501,315.0,2371.0,8.0,0.6956,7.9727,0.2054,532.0,0.0,0.7242,medium
40,223,103.0,111.0,0.0704,2,1476.0,0.2877,319.0,1600.0,14.0,1.9994,9.8207,0.1023,384.0,0.0,0.7904,medium
23,119,108.0,126.0,0.0742,6,2079.0,0.3424,212.0,1063.0,24.0,2.6265,18.6556,0.265,705.0,0.0,0.3109,high
26,108,145.0,150.0,0.0935,7,2282.0,0.276,193.0,699.0,23.0,3.0128,14.148,0.3447,645.0,0.0,0.3841,high
29,112,148.0,154.0,0.1501,8,1922.0,0.3334,232.0,1270.0,13.0,2.9797,14.712,0.3821,714.0,0.0,0.5187,high
67,278,93.0,79.0,0.0161,2,700.0,0.11,388.0,3070.0,7.0,0.88,4.4494,0.0564,331.0,0.0,0.7331,low
37,114,142.0,140.0,0.1121,7,2152.0,0.4239,129.0,1067.0,17.0,3.167,14.1918,0.3599,605.0,0.0,0.5271,high
23,179,147.0,200.0,0.135,8,2139.0,0.3169,210.0,762.0,20.0,3.0336,14.4395,0.38,712.0,0.0,0.4034,high
51,277,101.0,64.0,0.0124,1,1003.0,0.086,480.0,2675.0,8.0,1.1556,5.5044,0.0549,265.0,0.0,0.8148,low
65,351,108.0,79.0,0.0315,1,893.0,0.1084,415.0,2538.0,8.0,0.7617,6.1911,0.1005,309.0,0.0,0.8631,low
56,224,127.0,107.0,0.0418,3,1341.0,0.1664,310.0,2500.0,14.0,0.9693,9.1089,0.1876,291.0,0.0,0.6951,medium
36,110,156.0,140.0,0.0854,9,1846.0,0.2843,184.0,1148.0,15.0,3.5179,14.9135,0.347,609.0,0.0,0.4439,high
44,262,134.0,103.0,0.0464,2,1827.0,0.1459,290.0,2268.0,8.0,1.5365,11.6239,0.1417,483.0,0.0,0.6692,medium
38,239,129.0,124.0,0.079,3,1475.0,0.1833,194.0,1544.0,11.0,2.9201,9.3652,0.1766,494.0,0.0,0.7585,medium
26,94,149.0,151.0,0.1104,7,2516.0,0.3585,156.0,1079.0,13.0,2.934,13.2198,0.3717,549.0,0.0,0.3194,high
77,239,122.0,62.0,0.0066,2,903.0,0.0822,414.0,2723.0,7.0,0.5212,6.3324,0.0638,349.0,0.0,0.7594,low
23,111,159.0,129.0,0.1131,8,2353.0,0.1825,150.0,1195.0,15.0,3.0671,9.2773,0.42,618.0,0.0,0.499,high
59,339,105.0,81.0,0.0246,1,619.0,0.0733,461.0,3025.0,10.0,0.9622,4.9025,0.0589,332.0,0.0,0.7849,low
68,356,130.0,80.0,0.0263,0,804.0,0.0816,412.0,2619.0,9.0,0.5264,6.6393,0.1025,214.0,0.0,0.7745,low
24,114,145.0,125.0,0.0986,10,2656.0,0.3676,190.0,1321.0,16.0,2.9288,13.8985,0.4069,620.0,0.0,0.4297,high
42,199,115.0,118.0,0.07,3,1155.0,0.119,334.0,2149.0,5.0,1.9551,7.824,0.2286,385.0,0.0,0.5627,medium
61,223,126.0,99.0,0.0773,4,1172.0,0.0983,249.0,2414.0,8.0,2.3943,8.9809,0.2032,449.0,0.0,0.7517,medium
57,251,109.0,74.0,0.0227,0,639.0,0.1009,439.0,3674.0,9.0,0.6041,5.3922,0.0911,351.0,0.0,0.6962,low
37,232,110.0,97.0,0.0457,4,1288.0,0.2086,219.0,1685.0,11.0,1.8337,9.261,0.1885,411.0,0.0,0.7237,medium
20,143,170.0,128.0,0.1437,7,1828.0,0.3514,168.0,1292.0,12.0,3.7381,10.6155,0.389,586.0,0.0,0.344,high
62,366,105.0,80.0,0.0108,1,1049.0,0.1017,352.0,3038.0,10.0,1.4828,5.2388,0.0379,152.0,0.0,0.8366,low
65,262,90.0,70.0,0.0201,2,988.0,0.0922,399.0,3393.0,4.0,0.731,4.5553,0.0702,276.0,0.0,0.8971,low
71,321,75.0,64.0,0.0157,1,489.0,0.0572,542.0,3484.0,9.0,0.8522,3.3588,0.0736,245.0,0.0,0.773,low
59,280,117.0,66.0,0.0202,1,863.0,0.078,456.0,2821.0,7.0,0.1664,8.0978,0.1009,285.0,0.0,0.902,low
34,101,141.0,162.0,0.1095,8,2261.0,0.3023,181.0,942.0,23.0,0.9898,15.8893,0.3637,736.0,0.0,0.3487,high
29,107,142.0,139.0,0.1326,8,2178.0,0.3372,205.0,643.0,13.0,4.0281,9.8047,0.3403,684.0,0.0,0.561,high
57,282,94.0,116.0,0.0671,3,1257.0,0.1242,276.0,1498.0,15.0,2.5664,7.174,0.2135,354.0,0.0,0.7117,medium
58,236,116.0,87.0,0.0399,4,1203.0,0.2252,293.0,2909.0,12.0,2.4827,10.4643,0.1339,562.0,0.0,0.6328,medium
80,322,81.0,81.0,0.0249,0,937.0,0.0924,482.0,2739.0,13.0,0.9149,4.3059,0.0664,237.0,0.0,0.8344,low
34,101,177.0,130.0,0.1312,7,2156.0,0.2275,171.0,953.0,19.0,2.6729,17.1153,0.3518,396.0,0.0,0.3694,high
20,102,118.0,153.0,0.1304,8,2102.0,0.2547,195.0,1329.0,19.0,2.5599,19.4446,0.3612,599.0,0.0,0.375,high
33,142,146.0,150.0,0.1503,9,1845.0,0.3054,135.0,1032.0,17.0,2.6571,19.3833,0.322,721.0,0.0,0.4326,high
60,202,101.0,88.0,0.0475,4,1632.0,0.1583,225.0,1696.0,12.0,0.0678,12.2824,0.2019,482.0,0.0,0.6562,medium
67,326,83.0,90.0,0.0086,1,647.0,0.1082,385.0,2932.0,11.0,1.3288,7.8243,0.0786,330.0,0.0,0.837,low
68,325,94.0,78.0,0.018,1,874.0,0.0871,382.0,3676.0,10.0,1.1067,5.6117,0.0925,268.0,0.0,0.8776,low
61,266,101.0,97.0,0.0122,2,676.0,0.1018,375.0,2724.0,7.0,0.8224,5.3156,0.0582,245.0,0.0,0.817,low
55,274,104.0,110.0,0.0435,3,1292.0,0.1787,325.0,1822.0,13.0,1.5539,7.3092,0.202,449.0,0.0,0.6531,medium
28,140,146.0,131.0,0.0756,7,2638.0,0.3707,164.0,1208.0,18.0,3.0955,11.7615,0.3873,493.0,0.0,0.5157,high
45,275,132.0,106.0,0.0658,4,2079.0,0.1958,279.0,1597.0,13.0,2.0554,7.9363,0.0592,504.0,0.0,0.6697,medium
24,114,136.0,148.0,0.1134,9,1639.0,0.4633,140.0,823.0,12.0,2.8821,15.5424,0.3126,630.0,0.0,0.3739,high
40,214,136.0,100.0,0.0515,3,1287.0,0.1845,306.0,1981.0,7.0,1.7065,10.5621,0.1768,537.0,0.0,0.6602,medium
47,209,130.0,85.0,0.0615,6,1081.0,0.1648,250.0,2785.0,12.0,2.0764,10.1049,0.1713,446.0,0.0,0.7425,medium
28,106,155.0,149.0,0.1123,9,2059.0,0.2474,144.0,941.0,22.0,3.2919,7.7131,0.4506,561.0,0.0,0.3173,high
44,181,108.0,96.0,0.0782,4,1556.0,0.2539,295.0,1732.0,18.0,1.9802,10.6678,0.0994,549.0,0.0,0.5828,medium
24,154,142.0,182.0,0.0765,6,2092.0,0.3812,199.0,1374.0,20.0,2.9166,10.1919,0.3349,703.0,0.0,0.3181,high
41,189,131.0,105.0,0.0632,4,1040.0,0.2498,350.0,2775.0,10.0,1.8163,12.1305,0.2348,292.0,0.0,0.6733,medium
58,257,103.0,81.0,0.0199,1,560.0,0.0456,434.0,3331.0,5.0,1.107,4.1275,0.0383,282.0,0.0,0.7703,low
24,135,128.0,138.0,0.0499,9,2170.0,0.305,236.0,954.0,21.0,3.1965,15.2686,0.4022,869.0,0.0,0.3549,high
65,296,91.0,75.0,0.0231,1,989.0,0.0655,441.0,3176.0,4.0,0.9193,4.2759,0.0681,317.0,0.0,0.8425,low
30,121,116.0,160.0,0.1179,7,2454.0,0.3492,199.0,883.0,21.0,2.6915,14.1664,0.3924,717.0,0.0,0.1681,high
34,202,123.0,111.0,0.0511,4,1474.0,0.2295,433.0,2797.0,15.0,1.5844,9.9162,0.0793,347.0,0.0,0.6611,medium
33,121,133.0,145.0,0.0634,5,1560.0,0.2967,162.0,813.0,13.0,4.5312,18.6043,0.3863,686.0,0.0,0.4616,high
48,216,96.0,124.0,0.0512,3,1808.0,0.1194,395.0,2098.0,9.0,0.7951,7.0318,0.1281,295.0,0.0,0.668,medium
59,262,97.0,81.0,0.0151,2,1116.0,0.0594,387.0,3295.0,11.0,0.3869,3.7355,0.0557,108.0,0.0,0.7797,low
59,306,93.0,88.0,0.0257,1,994.0,0.0807,463.0,3400.0,11.0,0.6626,3.1161,0.0434,392.0,0.0,0.7435,low
49,257,139.0,143.0,0.0372,1,1830.0,0.1789,320.0,2061.0,15.0,1.7853,10.6625,0.2877,454.0,0.0,0.6858,medium
54,353,105.0,85.0,0.0115,1,771.0,0.0807,389.0,2977.0,7.0,0.9437,5.1454,0.0829,289.0,0.0,0.8785,low
55,248,117.0,113.0,0.0721,3,1585.0,0.2172,255.0,2179.0,10.0,1.6388,11.7102,0.1691,339.0,0.0,0.6043,medium
57,211,118.0,104.0,0.0526,2,1465.0,0.1784,153.0,1859.0,17.0,2.1136,9.5525,0.1876,436.0,0.0,0.7457,medium
38,120,135.0,160.0,0.1211,5,1991.0,0.2777,129.0,1209.0,17.0,2.006,12.0048,0.3211,396.0,0.0,0.3046,high
24,146,187.0,155.0,0.1044,7,1826.0,0.2413,195.0,513.0,19.0,4.3837,10.1166,0.4136,761.0,0.0,0.4067,high
23,140,184.0,152.0,0.1108,7,2075.0,0.3244,190.0,1191.0,15.0,3.3289,14.7237,0.3281,655.0,0.0,0.3886,high
25,91,161.0,168.0,0.1494,4,2953.0,0.3262,199.0,1101.0,25.0,2.6425,16.879,0.2786,609.0,0.0,0.4317,high
78,336,81.0,80.0,0.0351,2,784.0,0.0952,431.0,3013.0,5.0,0.6527,5.8621,0.0727,288.0,0.0,0.7952,low
55,349,107.0,82.0,0.0158,2,1076.0,0.0515,457.0,3106.0,12.0,0.9824,3.6496,0.0094,349.0,0.0,0.7511,low
59,321,83.0,99.0,0.0214,1,840.0,0.0448,335.0,3829.0,8.0,0.7416,4.4454,0.0455,319.0,0.0,0.7719,low
22,73,138.0,121.0,0.1193,8,1936.0,0.3071,132.0,993.0,20.0,2.098,15.0238,0.3935,438.0,0.0,0.3271,high
53,256,97.0,96.0,0.0384,4,1597.0,0.2033,393.0,2393.0,5.0,2.1677,10.3034,0.1954,501.0,0.0,0.6851,medium
53,359,92.0,88.0,0.0159,0,871.0,0.0677,331.0,2974.0,6.0,0.7804,5.6407,0.0473,237.0,0.0,0.7293,low
33,124,152.0,132.0,0.0724,6,2863.0,0.39,125.0,686.0,14.0,4.0247,11.6176,0.3428,475.0,0.0,0.5138,high
46,201,96.0,82.0,0.0463,4,1086.0,0.263,316.0,2282.0,10.0,2.1429,9.8043,0.1719,366.0,0.0,0.7009,medium
51,237,92.0,92.0,0.045,3,1303.0,0.1989,293.0,2154.0,15.0,2.2302,9.86,0.1703,595.0,0.0,0.6333,medium
60,285,83.0,79.0,0.0125,1,594.0,0.0602,376.0,3740.0,9.0,1.0759,5.7485,0.0644,242.0,0.0,0.8225,low
60,305,103.0,75.0,0.0183,2,698.0,0.0835,316.0,2502.0,9.0,0.3284,6.2329,0.0811,361.0,0.0,0.74,low
66,253,90.0,89.0,0.0233,1,716.0,0.0963,335.0,3852.0,9.0,1.1203,3.9706,0.0574,318.0,0.0,0.8181,low
50,215,110.0,98.0,0.0578,4,676.0,0.169,296.0,2522.0,7.0,1.7735,7.1201,0.213,564.0,0.0,0.6558,medium
17,102,189.0,163.0,0.1092,6,1635.0,0.4724,102.0,1210.0,12.0,2.9227,16.6347,0.4105,709.0,0.0,0.4671,high
65,296,86.0,62.0,0.0132,1,855.0,0.091,339.0,3020.0,5.0,1.1889,3.729,0.0471,285.0,0.0,0.7943,low
59,276,107.0,70.0,0.026,1,805.0,0.0746,380.0,3918.0,10.0,0.6826,4.4169,0.0832,325.0,0.0,0.8313,low
0,0,0.0,0.0,0.0,0,0.0,0.0,0.0,0.0,0.0,0.0,0.0,0.0,0.0,0.0,0.1,low
0,24,144.07,2032.13,0.0,1,2032.13,0.1672,0.0,0.0,0.0,0.0,0.0,0.1601,0.0,0.0,0.1,low
0,0,0.0,0.0,0.0,0,0.0,0.0,1968.07,8850.88,0.0,0.0,0.0,0.0,0.0,0.0,0.1,low
0,0,0.0,0.0,0.0,0,0.0,0.0,1600.78,6237.06,11.98,0.0,0.0,0.0,0.0,0.0,0.1,low
0,48,151.47,4166.23,0.0,1,14462.53,0.2424,560.64,1313.43,0.0,0.0,0.0,0.0,0.0,0.0,0.1,medium
0,24,186.87,213.18,0.0,0,0.0,0.0703,907.34,1393.23,11.96,0.0,0.0,0.1977,0.0,0.0,0.1,low
0,0,0.0,0.0,0.0,0,0.0,0.0,824.74,1375.8,59.83,0.0,0.0,0.0,0.0,0.0,0.1,low
0,0,0.0,0.0,0.0,0,0.0,0.0,2661.17,8032.32,35.98,0.0,0.0,0.0,0.0,0.0,0.1,low
0,0,0.0,0.0,0.0,0,0.0,0.0,1046.06,2629.57,23.97,0.0,0.0,0.0,0.0,0.0,0.1,low
0,36,154.64,8024.02,0.0,1,23887.89,0.1478,1610.11,2351.8,35.95,0.0,0.0,0.0,0.0,0.0,0.1,low
0,12,159.89,199.54,0.0,0,0.0,0.0,1368.12,2377.38,47.9,0.0,0.0,0.0048,0.0,0.0,0.1,low
0,0,0.0,0.0,0.0,0,0.0,0.0,1255.62,2589.18,35.92,0.0,0.0,0.0,0.0,0.0,0.1,low
0,36,165.42,4421.21,0.0,1,12616.22,0.1259,1232.58,306.72,0.0,0.0,0.0,0.0,0.0,0.0,0.1631,low
0,0,0.0,0.0,0.0,0,0.0,0.0,1107.12,1919.41,35.91,0.0,0.0,0.0223,0.0,0.0,0.1,low
0,84,145.85,1415.31,0.0,1,9193.25,0.1826,2607.57,2952.14,23.99,0.0,0.0,0.0,0.0,0.0,0.1,medium
0,251,157.22,86.59,0.0,0,0.0,0.2918,0.0,0.0,0.0,0.0,0.0,0.0,0.0,0.0,0.1,high
0,120,155.93,337.72,0.0,0,0.0,0.1122,1664.36,143.38,0.0,0.0,0.0,0.0,0.0,0.0,0.1,high
0,216,133.05,146.9,0.0,0,0.0,0.2108,0.0,0.0,0.0,0.0,0.0,0.0,0.0,0.0,0.1,high
0,240,147.31,101.52,0.0,0,0.0,0.196,0.0,0.0,0.0,0.0,0.0,0.0,0.0,0.0,0.1,high
0,204,142.79,154.15,0.0,0,0.0,0.1981,0.0,0.0,0.0,0.0,0.0,0.0,0.0,0.0,0.1,high
0,216,142.75,122.56,0.0,0,0.0,0.192,0.0,0.0,0.0,0.0,0.0,0.0,0.0,0.0,0.1,high
0,168,158.12,194.45,0.0,0,0.0,0.1854,0.0,0.0,0.0,0.0,0.0,0.0,0.0,0.0,0.1,high
0,252,145.54,100.18,0.0,0,0.0,0.188,0.0,0.0,0.0,0.0,0.0,0.0,0.0,0.0,0.1,high
0,252,150.54,95.54,0.0,0,0.0,0.1988,0.0,0.0,0.0,0.0,0.0,0.0,0.0,0.0,0.1,high
0,239,147.85,102.55,0.0,0,0.0,0.1549,0.0,0.0,0.0,0.0,0.0,0.0,0.0,0.0,0.1,high
0,264,146.65,85.7,0.0,0,0.0,0.2424,0.0,0.0,0.0,0.0,0.0,0.0,0.0,0.0,0.1,high
0,252,149.7,88.8,0.0,0,0.0,0.1969,0.0,0.0,0.0,0.0,0.0,0.0,0.0,0.0,0.1,high
0,72,156.85,95.16,0.0,0,0.0,0.1497,984.57,1530.12,0.0,0.0,0.0,0.0078,0.0,0.0,0.1,medium
0,0,0.0,0.0,0.0,0,0.0,0.0,1040.36,1738.23,23.99,0.0,0.0,0.0,0.0,0.0,0.1,low
0,12,10.92,10229.0,0.0,1,10229.0,0.0,834.09,2263.68,11.99,0.0,0.0,0.0046,0.0,0.0,0.1,low
0,48,266.85,1247.11,0.0,1,4248.05,0.591,1544.12,3817.8,35.93,0.0,0.0,0.0014,0.0,0.0,0.1,medium
0,48,133.68,37.56,0.0,0,0.0,0.1286,0.0,0.0,0.0,0.0,0.0,0.0,0.0,0.0,0.1,medium
0,36,129.87,1293.96,0.0,1,2018.62,0.103,0.0,0.0,0.0,0.0,0.0,0.0,0.0,0.0,0.1,medium
0,0,0.0,0.0,0.0,0,0.0,0.0,2321.63,4616.96,11.99,0.0,0.0,0.0,0.0,0.0,0.1,low
0,0,0.0,0.0,0.0,0,0.0,0.0,0.0,0.0,0.0,0.0,0.0,0.0,0.0,0.0,0.1,medium
0,23,150.25,1007.43,0.25,0,0.0,0.1933,1240.55,3513.95,5.82,0.0,0.0,0.0023,0.0,0.0,0.1,low
0,207,147.63,142.07,0.0046,2,5400.55,0.1653,2382.47,2754.68,0.96,0.0,0.0,0.0459,0.0,0.0,0.1,high
0,12,152.78,4715.58,0.0,1,8960.49,0.2138,0.0,0.0,0.0,0.0,0.0,0.2916,0.0,0.0,0.1,low
0,0,0.0,0.0,0.0,0,0.0,0.0,2240.71,4935.06,0.0,0.0,0.0,0.0,0.0,0.0,0.1,low
0,211,145.06,58.49,0.0,0,0.0,0.2474,1519.23,1834.87,6.61,0.0,0.0,0.0,0.0,0.0,0.1,high
0,232,145.32,112.08,0.0,0,0.0,0.1899,0.0,0.0,0.0,0.0,0.0,0.0,0.0,0.0,0.1,high
0,210,140.78,150.71,0.0,0,0.0,0.1812,0.0,0.0,0.0,0.0,0.0,0.0,0.0,0.0,0.1,high
0,185,157.15,165.45,0.0,0,0.0,0.1902,0.0,0.0,0.0,0.0,0.0,0.0,0.0,0.0,0.1,high
0,145,145.06,223.99,0.1364,1,2368.17,0.2088,4515.21,5663.76,13.21,0.0,0.0,0.0405,0.0,0.0,0.1,high
0,0,0.0,0.0,0.0,0,0.0,0.0,3017.55,10758.92,26.4,0.0,0.0,0.0017,0.0,0.0,0.1,low
0,0,0.0,0.0,0.0,0,0.0,0.0,3310.15,12563.71,33.12,0.0,0.0,0.0,0.0,0.0,0.1,low
0,0,0.0,0.0,0.0,0,0.0,0.0,1893.82,7914.69,26.47,0.0,0.0,0.0,0.0,0.0,0.1,low
0,0,0.0,0.0,0.0,0,0.0,0.0,1694.05,8481.68,52.68,0.0,0.0,0.0,0.0,0.0,0.1,low
0,0,0.0,0.0,0.0,0,0.0,0.0,2045.16,10589.71,19.83,0.0,0.0,0.0,0.0,0.0,0.1,low
0,26,327.02,13388.84,0.0,2,27184.06,0.7678,1631.67,3094.49,6.61,0.0,0.0,0.007,0.0,0.0,0.1,low
0,0,0.0,0.0,0.0,0,0.0,0.0,1191.32,5167.14,8.0,0.0,0.0,0.0,95.91,0.0,0.1,low
0,19,131.78,294.49,0.0,0,0.0,0.2004,1860.74,14701.76,9.41,0.0,0.0,0.0012,88.07,0.0,0.1,low
0,225,160.53,153.86,0.0,1,6336.15,0.2159,598.54,154.88,2.59,0.0,0.0,0.0,104.1,0.0,0.1,high
0,99,172.76,395.05,0.0,2,7791.58,0.7505,1346.39,3365.41,4.41,0.0,0.0,0.0318,96.22,0.0,0.1,medium
0,0,0.0,0.0,0.0,0,0.0,0.0,783.46,3733.68,7.99,0.0,4.0,0.0,103.56,0.0,0.1,low
0,0,0.0,0.0,0.0,0,0.0,0.0,1644.28,1679.0,2.36,0.0,0.0,0.0,223.64,0.0,0.1,low
0,0,0.0,0.0,0.0,0,0.0,0.0,1961.11,10323.97,4.36,0.0,0.0,0.0,984.54,0.0,0.1,low
0,2,128.28,0.0,0.0,0,0.0,0.0,687.93,6607.54,22.31,0.0,0.0,0.0398,221.35,0.0,0.1,low
0,0,0.0,0.0,0.0,0,0.0,0.0,1325.74,11784.7,18.92,0.0,0.0,0.0,213.02,0.0,0.1,low
0,230,152.76,441.03,0.0,2,24828.15,0.2084,1647.24,2861.33,3.56,0.0,0.0,0.0016,119.99,0.0,0.1,high
0,0,0.0,0.0,0.0,0,0.0,0.0,1540.95,17550.03,31.91,0.0,0.0,0.0,109.91,0.0,0.1,low
0,0,0.0,0.0,0.0,0,0.0,0.0,1260.83,779.64,1.58,0.0,0.0,0.0,223.92,0.0,0.1,low
0,0,0.0,0.0,0.0,0,0.0,0.0,733.83,2560.22,1.51,0.0,0.0,0.0,220.3,0.0,0.1,low
0,88,137.56,2450.75,0.0,1,145182.81,0.234,1604.06,22976.79,17.24,0.0,1.44,0.0,92.54,0.0,0.1,medium
0,215,146.57,131.95,0.0064,0,0.0,0.2265,0.0,0.0,0.0,0.0,0.0,0.0,0.0,0.0,0.1,high
0,80,139.84,94.51,0.0,0,0.0,0.1909,1725.15,20334.45,10.0,0.0,0.0,0.0,96.77,0.0,0.1,medium
0,150,142.12,223.93,0.0,1,9208.16,0.2326,1573.63,9152.66,8.0,0.0,0.0,0.016,91.89,0.0,0.1,high
0,170,151.1,99.7,0.0,0,0.0,0.2035,1599.41,5974.98,1.83,0.0,0.0,0.0012,120.31,0.0,0.1,high
0,29,193.64,1400.32,0.0312,3,13466.93,0.8057,1681.41,29479.37,14.29,0.0,0.0,0.0069,104.03,0.0,0.1,low
0,0,0.0,0.0,0.0,0,0.0,0.0,1131.58,13049.81,7.77,0.0,0.0,0.0,164.03,0.0,0.1,low
0,48,121.07,315.69,0.1667,1,2472.38,0.3853,2050.51,16388.36,6.0,0.0,0.0,0.0195,82.83,0.0,0.1,low
0,13,158.81,5317.17,0.0625,3,27148.99,0.2098,1604.98,30938.06,13.89,0.0,0.0,0.0057,112.54,0.0,0.1,low
0,1,15.13,3544.62,1.0,1,3544.62,0.0,1627.22,27709.23,11.17,0.0,0.0,0.0034,104.27,0.0,0.1,low
0,6,168.09,18082.82,0.0,2,71075.08,0.1429,1507.55,27723.53,9.31,0.0,0.0,0.0015,92.61,0.0,0.1,low
0,11,355.41,3171.39,0.0714,4,10675.94,1.2088,1593.58,27852.75,12.1,0.0,0.0,0.054,113.97,0.0,0.1,low
0,18,162.79,3661.48,0.0,1,88910.71,0.2246,938.09,28791.91,22.77,1.47,0.0,0.0011,146.5,0.0,0.1,low
0,1,503.7,0.0,0.0,0,0.0,0.0,961.42,18307.24,13.0,0.0,28.0,0.0007,118.61,0.0,0.1,medium
0,0,0.0,0.0,0.0,0,0.0,0.0,1210.71,11231.49,18.0,8.0,110.0,0.0,100.3,0.0,0.1,low
0,9,133.42,246.46,0.4167,0,0.0,0.3012,1131.74,37428.66,19.59,1.45,56.59,0.004,95.52,0.0,0.1,low
31,161,135.92,553.77,0.0,3,14621.12,0.2003,2107.87,8497.17,5.14,0.0,6.85,0.0527,103.88,0.0,0.1,medium
21,123,131.65,253.02,0.0,3,3744.08,0.2217,1862.92,12962.75,12.16,0.0,15.63,0.0544,108.74,0.0,0.1,medium
17,110,133.95,498.89,0.0,3,10179.1,0.2203,1338.14,8390.57,8.61,0.0,44.48,0.0356,123.86,0.0,0.1,low
24,125,146.18,294.89,0.0135,2,7380.29,0.1875,2170.12,13455.43,5.07,0.0,35.48,0.0083,114.93,0.0,0.1,low
0,3,83.42,4356.06,0.0,1,8392.11,0.2422,1212.25,18922.97,32.05,0.0,33.74,0.0029,106.61,0.0,0.1,low
46,229,139.55,354.47,0.0,2,18840.18,0.186,2310.0,4364.06,3.55,0.0,0.0,0.022,111.95,0.0,0.1,low
5,41,143.8,327.37,0.0,1,8119.95,0.1471,1558.77,14667.08,8.2,0.0,51.92,0.0157,115.15,0.0,0.1,low
50,252,134.43,320.68,0.0,2,16840.97,0.1904,2099.57,1177.58,1.86,0.0,0.0,0.0075,104.18,0.0,0.2303,medium
21,133,141.47,316.31,0.0,3,6392.0,0.2078,1406.05,6680.29,14.79,0.0,6.57,0.0874,98.65,0.0,0.1,medium
12,59,134.96,233.02,0.0652,1,3785.22,0.2439,1309.48,8442.61,6.41,0.0,32.07,0.1723,113.3,0.0,0.1,low
6,48,279.3,1872.98,0.0,3,15120.31,1.4446,1449.49,12165.11,18.37,0.0,18.37,0.0529,119.62,0.0,0.1,low
